Ward_No,WardName,AC_No,AC_Name,ward_area_km2,TotalPop,SC_Pop,Population_Density_per_km2,SC_Share,LST_mean_2015,LST_mean_2019,LST_mean_2022,LST_p90_2015,LST_p90_2019,LST_p90_2022,LST_change_2015_2019,LST_change_2019_2022,LST_change_2015_2022,NDVI_mean_2015,NDVI_mean_2019,NDVI_mean_2022,NDVI_p90_2015,NDVI_p90_2019,NDVI_p90_2022,NDVI_change_2015_2022,nearest_hospital_dist_km,hospitals_within_2km,hospitals_within_5km,hospital_beds_within_5km,nearest_cooling_center_dist_km,cooling_centers_within_1km,cooling_centers_within_2km,SEC_Total_Population,SEC_SC_Population,Population_Mapping_Coverage,N_PCA_Units,N_Direct_PCA_Units,N_Candidate_Split_Units,N_Manual_Review_Units,Mapping_Status,Provenance,NDVI_2022_mean,NDVI_2022_median,NDVI_2022_p10,NDVI_2022_p90,valid_ndvi_area_km2,NDVI_pct_valid,LST_2015_mean,LST_2015_median,LST_2015_p90,valid_lst_area_2015_km2,LST_2015_pct_valid,LST_2019_mean,LST_2019_median,LST_2019_p90,valid_lst_area_2019_km2,LST_2019_pct_valid,LST_2022_mean,LST_2022_median,LST_2022_p90,valid_lst_area_2022_km2,LST_2022_pct_valid,cooling_centers_temples_1km,cooling_centers_schools_1km,cooling_centers_govt_bldg_1km,LST_diff_2015_2022,NDVI_diff_2015_2022
1,NARELA,1,NARELA,7.024709895158981,11468.0,2739.330855018587,1632.5229327837544,0.2388673574309894,46.89258027196901,52.94928378225453,39.01261371031842,48.59291762881744,55.96520470327981,40.718100374124745,6.056703510285523,-13.936670071936112,-7.8799665616505905,0.226780327242883,0.2083992740089424,0.2735784709527614,0.3463950407814244,0.3232492339869359,0.4003137013328036,0.04679814370987839,18.63,0,0,0,23.52,0,0,54908,11618,0.208858454141473,2,0,1,1,CONTAINS_MANUAL_REVIEW_UNITS,2011 Census PCA linked to official 2022 Delhi ward delimitation. Direct PCA units receive full-value transfer. Split PCA units with passing population-share QA receive candidate population-proportional allocation. Unresolved/manual units are explicitly flagged.,0.2735784709527614,0.2792387676176789,0.1347916762260845,0.4003137013328036,7.014450703300213,99.8539556506691,46.89258027196901,47.03131048112016,48.59291762881744,7.014644175283633,99.85670981399124,52.94928378225453,52.592326913986064,55.96520470327981,7.014644175283633,99.85670981399124,39.01261371031842,39.091849999323344,40.718100374124745,7.014644175283633,99.85670981399124,0,0,0,-7.8799665616505905,0.0467981437098783
2,BANKNER,1,NARELA,19.35889331155529,40629.0,10272.5713833742,2098.725342721354,0.2528384007328312,47.94642645195547,53.49418347003894,38.61078607512964,50.03143511500349,57.34168978900728,41.21828939591997,5.547757018083473,-14.883397394909302,-9.335640376825829,0.2184432837386124,0.1956710000784583,0.2913357307735371,0.3253261525125263,0.3104429798685668,0.411936925358505,0.07289244703492467,18.62,0,0,0,22.92,0,0,52874,12650,0.7684116957294701,3,1,1,1,CONTAINS_MANUAL_REVIEW_UNITS,2011 Census PCA linked to official 2022 Delhi ward delimitation. Direct PCA units receive full-value transfer. Split PCA units with passing population-share QA receive candidate population-proportional allocation. Unresolved/manual units are explicitly flagged.,0.2913357307735371,0.2792262420935252,0.1776732343913985,0.411936925358505,19.332138129520214,99.86179384531704,47.94642645195547,47.90558774271913,50.03143511500349,19.331605498590683,99.859042495222,53.49418347003894,53.15646243139749,57.34168978900728,19.331605498590683,99.859042495222,38.61078607512964,38.21672923107372,41.21828939591997,19.331605498590683,99.859042495222,0,0,0,-9.335640376825827,0.0728924470349246
3,HOLAMBI KALAN,1,NARELA,25.14362926627777,3914.0,560.763185348325,155.6656741375595,0.1432711255361076,47.23612505456879,52.43999966190921,39.57484865070242,49.65590503998,55.46755041592044,41.93758233353157,5.203874607340424,-12.865151011206793,-7.661276403866367,0.2568791613092097,0.2537523664855495,0.3183049655146243,0.3886351275499379,0.3846529160127955,0.4787103577692382,0.0614258042054146,14.67,0,0,0,19.01,0,0,79748,18725,0.0490796007423383,2,0,1,1,CONTAINS_MANUAL_REVIEW_UNITS,2011 Census PCA linked to official 2022 Delhi ward delimitation. Direct PCA units receive full-value transfer. Split PCA units with passing population-share QA receive candidate population-proportional allocation. Unresolved/manual units are explicitly flagged.,0.3183049655146243,0.3106110563483967,0.1543139976356617,0.4787103577692382,25.10770824892262,99.8571367045913,47.23612505456879,47.40584376623946,49.65590503998,25.10704356829023,99.85449316962128,52.43999966190921,52.34478680491677,55.46755041592044,25.10704356829023,99.85449316962128,39.57484865070242,39.43845214717656,41.93758233353157,25.10704356829023,99.85449316962128,0,0,0,-7.661276403866367,0.0614258042054146
4,ALIPUR,1,NARELA,34.795671160920854,56846.0,12381.23681465167,1633.7089673339583,0.217803131524675,47.321086904208016,52.43173869477538,39.72211341712794,49.31292012472839,55.56050502165801,42.34413983618213,5.110651790567367,-12.70962527764744,-7.598973487080073,0.2438321253923868,0.2478021370584328,0.3067357585223999,0.3612840729448134,0.3770411393131013,0.4589573307429657,0.06290363313001313,11.47,0,0,0,16.07,0,0,74449,15359,0.7635562599900603,5,4,1,0,DIRECT_PLUS_CANDIDATE_SPLITS,2011 Census PCA linked to official 2022 Delhi ward delimitation. Direct PCA units receive full-value transfer. Split PCA units with passing population-share QA receive candidate population-proportional allocation. Unresolved/manual units are explicitly flagged.,0.3067357585223999,0.2988281044490839,0.1541835546367142,0.4589573307429657,34.7468949562974,99.85982105533222,47.321086904208016,47.43887904700947,49.31292012472839,34.74724324541614,99.86082201064396,52.43173869477538,52.563541255958974,55.56050502165801,34.74724324541614,99.86082201064396,39.72211341712794,39.84478355228294,42.34413983618213,34.74724324541614,99.86082201064396,0,0,0,-7.598973487080073,0.0629036331300131
5,BAKHTAWARPUR,1,NARELA,55.857076543462966,18055.0,3263.0,323.2356778635061,0.1807255607864857,45.1605978930009,51.64825101763397,37.20934427259226,48.28061992686513,56.06061357579173,40.0956482782491,6.48765312463307,-14.438906745041706,-7.951253620408636,0.2355762908068886,0.2314685270253879,0.3214970886583486,0.3808568993633945,0.3925739469520381,0.4629325227095432,0.08592079785145998,10.88,0,0,0,16.62,0,0,55144,10926,0.3274154939793994,2,2,0,0,DIRECT_ONLY,2011 Census PCA linked to official 2022 Delhi ward delimitation. Direct PCA units receive full-value transfer. Split PCA units with passing population-share QA receive candidate population-proportional allocation. Unresolved/manual units are explicitly flagged.,0.3214970886583486,0.3066661550135668,0.201242327035683,0.4629325227095432,55.779198057244415,99.8605754345952,45.1605978930009,45.34352359251197,48.28061992686513,55.779651706274365,99.86138759494804,51.64825101763397,51.93734836210113,56.06061357579173,55.779651706274365,99.86138759494804,37.20934427259226,36.90602402573776,40.0956482782491,55.779651706274365,99.86138759494804,0,0,0,-7.951253620408636,0.0859207978514599
6,BURARI,2,BURARI,11.992684951368478,60742.0,7446.049190880291,5064.920845191449,0.1225848538224012,47.18516349006857,49.53254097823803,37.19237266701586,50.18896117452854,53.56730041521948,39.66256323078897,2.347377488169464,-12.340168311222172,-9.992790823052708,0.2106475314927527,0.2541057301828515,0.3146637845768903,0.3380880554739711,0.4433825033853236,0.4941092555146655,0.10401625308413762,4.78,0,0,0,10.47,0,0,71180,6441,0.8533576847429053,3,0,3,0,DIRECT_PLUS_CANDIDATE_SPLITS,2011 Census PCA linked to official 2022 Delhi ward delimitation. Direct PCA units receive full-value transfer. Split PCA units with passing population-share QA receive candidate population-proportional allocation. Unresolved/manual units are explicitly flagged.,0.3146637845768903,0.3026904425206752,0.1425327929886849,0.4941092555146655,11.975474358117198,99.85649090824056,47.18516349006857,47.44056265404697,50.18896117452854,11.975339708070296,99.85536814009107,49.53254097823803,49.81102464796784,53.56730041521948,11.975339708070296,99.85536814009107,37.19237266701586,37.09643492390197,39.66256323078897,11.975339708070296,99.85536814009107,0,0,0,-9.992790823052708,0.1040162530841376
7,KADIPUR,2,BURARI,13.108788829244048,63426.0,9655.59185628395,4838.433269937542,0.1522339711834886,47.48303239099038,50.91055158731573,39.06417659389951,49.77890915332233,53.72164784553853,41.27765988503691,3.427519196325349,-11.84637499341622,-8.41885579709087,0.2256252697925872,0.2396395626221062,0.2977371550186391,0.3327808855663237,0.3651211334733651,0.462685704987447,0.07211188522605191,6.12,0,0,0,11.49,0,0,66329,11320,0.9562333217747891,5,3,2,0,DIRECT_PLUS_CANDIDATE_SPLITS,2011 Census PCA linked to official 2022 Delhi ward delimitation. Direct PCA units receive full-value transfer. Split PCA units with passing population-share QA receive candidate population-proportional allocation. Unresolved/manual units are explicitly flagged.,0.2977371550186391,0.2871469026784932,0.1426784096272138,0.462685704987447,13.090128468363186,99.85765000013402,47.48303239099038,47.46974984653773,49.77890915332233,13.089187461544272,99.85047155801269,50.91055158731573,50.90769920566261,53.72164784553853,13.089187461544272,99.85047155801269,39.06417659389951,39.091675922679656,41.27765988503691,13.089187461544272,99.85047155801269,0,0,0,-8.41885579709087,0.0721118852260519
8,MUKUNDPUR,2,BURARI,3.850387952675286,86243.0,17868.14448236633,22398.52219049188,0.2071837074587657,45.16375732677725,47.46611042545558,38.106221585779,47.65779865653392,50.19220557612358,40.402256610678776,2.302353098678332,-9.359888839676586,-7.057535740998254,0.2334084799320977,0.2612620721214025,0.2518220884633539,0.4004494171080078,0.4393497000282309,0.4551603991112921,0.018413608531256204,2.14,0,0,0,7.58,0,0,86243,18359,1.0,2,1,1,0,DIRECT_PLUS_CANDIDATE_SPLITS,2011 Census PCA linked to official 2022 Delhi ward delimitation. Direct PCA units receive full-value transfer. Split PCA units with passing population-share QA receive candidate population-proportional allocation. Unresolved/manual units are explicitly flagged.,0.2518220884633539,0.2166738844054617,0.1112091906625139,0.4551603991112921,3.8448327685034656,99.85572404027596,45.16375732677725,45.778471864549765,47.65779865653392,3.844440574529431,99.84553821020236,47.46611042545558,48.064488431500486,50.19220557612358,3.844440574529431,99.84553821020236,38.106221585779,38.65515299970909,40.402256610678776,3.844440574529431,99.84553821020236,0,0,0,-7.057535740998254,0.0184136085312562
9,SANT NAGAR,2,BURARI,3.275339914417918,54096.0,8181.814470469435,16516.148373447144,0.1512462006519786,46.06838636624231,48.93943117798317,38.855497702252485,47.735402179486144,50.96137235816189,40.28334353313595,2.871044811740859,-10.083933475730682,-7.212888663989823,0.1961695569363313,0.1826466116762922,0.1676160579761532,0.2938668696153906,0.2868486198157393,0.2673464248188393,-0.028553498960178114,2.41,0,0,0,8.19,0,0,54096,7685,1.0,4,1,3,0,DIRECT_PLUS_CANDIDATE_SPLITS,2011 Census PCA linked to official 2022 Delhi ward delimitation. Direct PCA units receive full-value transfer. Split PCA units with passing population-share QA receive candidate population-proportional allocation. Unresolved/manual units are explicitly flagged.,0.1676160579761532,0.1385647279203882,0.1035368338155472,0.2673464248188393,3.270377138308294,99.84848057791564,46.06838636624231,46.14049255842696,47.735402179486144,3.270547923222325,99.85369484325888,48.93943117798317,48.971547114512944,50.96137235816189,3.270547923222325,99.85369484325888,38.855497702252485,39.03204684868143,40.28334353313595,3.270547923222325,99.85369484325888,0,0,0,-7.212888663989823,-0.0285534989601781
10,JHARODA,2,BURARI,11.559242420160391,76098.0,8173.4,6583.303406396082,0.1074062393229783,45.30755412144482,46.94220650571651,37.03945231725079,48.80958287571013,51.06110942462388,40.21906476869478,1.6346523842716962,-9.90275418846572,-8.268101804194025,0.2475888615701423,0.2991159451416814,0.3313279180630557,0.412142922021958,0.5136646954384259,0.5566768337955303,0.08373905649291344,3.24,0,0,0,7.89,0,0,83406,8954,0.9123804042874614,2,1,1,0,DIRECT_PLUS_CANDIDATE_SPLITS,2011 Census PCA linked to official 2022 Delhi ward delimitation. Direct PCA units receive full-value transfer. Split PCA units with passing population-share QA receive candidate population-proportional allocation. Unresolved/manual units are explicitly flagged.,0.3313279180630557,0.3299536484344313,0.1151814488468579,0.5566768337955303,11.542942066788752,99.8589842415346,45.30755412144482,45.93855571280927,48.80958287571013,11.542528475870764,99.855406230944,46.94220650571651,47.56310852335008,51.06110942462388,11.542528475870764,99.855406230944,37.03945231725079,36.78066455719925,40.21906476869478,11.542528475870764,99.855406230944,0,0,0,-8.268101804194025,0.0837390564929134
11,TIMARPUR,3,TIMARPUR,4.933695793605209,76596.0,14144.78859779627,15525.075562883227,0.1846674578019253,45.41702337923414,48.446926771782095,38.34714987114204,47.466506068550814,51.028299395054496,40.09412014971194,3.0299033925479577,-10.09977690064006,-7.069873508092101,0.2414207492701753,0.2819502057614761,0.2746195852436695,0.3650916906679736,0.4510332255708681,0.4705932183526122,0.033198835973494184,3.99,0,0,0,5.45,0,0,76596,14624,1.0,2,0,2,0,DIRECT_PLUS_CANDIDATE_SPLITS,2011 Census PCA linked to official 2022 Delhi ward delimitation. Direct PCA units receive full-value transfer. Split PCA units with passing population-share QA receive candidate population-proportional allocation. Unresolved/manual units are explicitly flagged.,0.2746195852436695,0.2520353413738674,0.1153341740462874,0.4705932183526122,4.926213662399469,99.84834632051214,45.41702337923414,45.40830854912387,47.466506068550814,4.926447597203637,99.8530878938469,48.446926771782095,48.279644270251325,51.028299395054496,4.926447597203637,99.8530878938469,38.34714987114204,38.344947048111,40.09412014971194,4.926447597203637,99.8530878938469,0,0,0,-7.069873508092101,0.0331988359734941
12,MALKA GANJ,3,TIMARPUR,3.170086311893851,68941.0,22783.90231753614,21747.35739570881,0.3304840706914048,44.98999971590311,47.82327316683659,38.173029568817554,46.79827071317654,49.78521712294589,40.01499781435753,2.8332734509334827,-9.650243598019038,-6.816970147085556,0.2870911939169367,0.3311361544437983,0.3516544849423339,0.4052873714461549,0.478549243478325,0.5330320048182388,0.06456329102539721,5.31,0,0,0,2.42,0,0,68941,22081,1.0,3,1,2,0,DIRECT_PLUS_CANDIDATE_SPLITS,2011 Census PCA linked to official 2022 Delhi ward delimitation. Direct PCA units receive full-value transfer. Split PCA units with passing population-share QA receive candidate population-proportional allocation. Unresolved/manual units are explicitly flagged.,0.3516544849423339,0.3613426912072748,0.1422647442169119,0.5330320048182388,3.1651360050680704,99.84384315319087,44.98999971590311,44.79398415893247,46.79827071317654,3.1652938984410905,99.8488238810792,47.82327316683659,47.59584872737189,49.78521712294589,3.1652938984410905,99.8488238810792,38.173029568817554,38.10853768662504,40.01499781435753,3.1652938984410905,99.8488238810792,0,0,0,-6.816970147085556,0.0645632910253972
13,MUKHERJEE NAGAR,3,TIMARPUR,3.816918776225836,79914.0,7104.568348134408,20936.782961627196,0.0889026747270116,45.35008300483359,47.99355709370497,37.96646400158621,46.71832945096845,49.59175527447941,39.52787153505962,2.643474088871379,-10.02709309211876,-7.383619003247382,0.2520572393772793,0.3009339105295615,0.3131868743990968,0.3953989746926878,0.4825623083975716,0.5220735234274569,0.06112963502181751,3.05,0,0,0,3.94,0,0,79914,7337,1.0,2,0,2,0,DIRECT_PLUS_CANDIDATE_SPLITS,2011 Census PCA linked to official 2022 Delhi ward delimitation. Direct PCA units receive full-value transfer. Split PCA units with passing population-share QA receive candidate population-proportional allocation. Unresolved/manual units are explicitly flagged.,0.3131868743990968,0.2871291845393938,0.1425664809394788,0.5220735234274569,3.811317126237936,99.85324157216048,45.35008300483359,45.46813439680876,46.71832945096845,3.811303736026058,99.85289076008765,47.99355709370497,48.153991886253486,49.59175527447941,3.811303736026058,99.85289076008765,37.96646400158621,38.03033793580056,39.52787153505962,3.811303736026058,99.85289076008765,0,0,0,-7.383619003247382,0.0611296350218175
14,DHIRPUR,4,ADARSH NAGAR,6.653838285480731,59858.0,9276.279607839424,8996.010638042631,0.1549714258384748,45.73365906691927,48.09195912701483,38.202769093251945,49.40580427736953,52.4433419475473,41.53303828928259,2.3583000600955586,-9.889190033762889,-7.530889973667328,0.2538293863640288,0.3124153332941247,0.3248474626020102,0.4746400085940827,0.5607459356760338,0.572572980175114,0.0710180762379814,1.04,0,0,0,4.9,0,0,59858,10544,1.0,3,0,3,0,DIRECT_PLUS_CANDIDATE_SPLITS,2011 Census PCA linked to official 2022 Delhi ward delimitation. Direct PCA units receive full-value transfer. Split PCA units with passing population-share QA receive candidate population-proportional allocation. Unresolved/manual units are explicitly flagged.,0.3248474626020102,0.3028668273062062,0.1230864474910131,0.572572980175114,6.643960392555621,99.85154594233732,45.73365906691927,46.4700285670406,49.40580427736953,6.644040012925799,99.85274255047176,48.09195912701483,49.06269108315176,52.4433419475473,6.644040012925799,99.85274255047176,38.202769093251945,38.96948362723839,41.53303828928259,6.644040012925799,99.85274255047176,0,0,0,-7.530889973667328,0.0710180762379814
15,ADARSH NAGAR,4,ADARSH NAGAR,2.266860119266233,59139.0,8624.057074077842,26088.508725074258,0.1458269005914514,48.03261832932733,51.15244311258274,40.74275391737339,49.41516572742871,53.46701039854233,42.34530925742076,3.1198247832554102,-10.409689195209346,-7.2898644119539355,0.1432936045634613,0.1787947733535523,0.1728157430635042,0.2200995964397803,0.2821475164997456,0.2836741470928616,0.0295221385000429,1.78,0,0,0,5.35,0,0,59139,7578,1.0,4,0,4,0,DIRECT_PLUS_CANDIDATE_SPLITS,2011 Census PCA linked to official 2022 Delhi ward delimitation. Direct PCA units receive full-value transfer. Split PCA units with passing population-share QA receive candidate population-proportional allocation. Unresolved/manual units are explicitly flagged.,0.1728157430635042,0.1464615613515998,0.0955229925420403,0.2836741470928616,2.2633726831224608,99.84615565318158,48.03261832932733,48.04759714354631,49.41516572742871,2.2634242205135573,99.84842916757528,51.15244311258274,50.77529139610433,53.46701039854233,2.2634242205135573,99.84842916757528,40.74275391737339,40.59233552089452,42.34530925742076,2.2634242205135573,99.84842916757528,0,0,0,-7.289864411953935,0.0295221385000429
16,AZADPUR,4,ADARSH NAGAR,1.8134103098709728,69220.0,15261.40405461592,38171.173740004335,0.2204767994021369,48.7986102172561,51.4785143866081,41.288410755493416,50.82967443714288,54.28460091500002,43.54161873102043,2.679904169352,-10.19010363111468,-7.5101994617626815,0.1603499580157047,0.1829269798394268,0.19338128628324,0.2488121884305932,0.2823486543625317,0.3219904434069325,0.0330313282675353,3.02,0,0,0,6.51,0,0,69220,15031,1.0,2,0,2,0,DIRECT_PLUS_CANDIDATE_SPLITS,2011 Census PCA linked to official 2022 Delhi ward delimitation. Direct PCA units receive full-value transfer. Split PCA units with passing population-share QA receive candidate population-proportional allocation. Unresolved/manual units are explicitly flagged.,0.19338128628324,0.1581597256952164,0.0996979275343558,0.3219904434069325,1.8106314151857872,99.84675863647298,48.7986102172561,48.67339210571431,50.82967443714288,1.8106074634784777,99.84543782632986,51.4785143866081,51.28305297396379,54.28460091500002,1.8106074634784777,99.84543782632986,41.288410755493416,41.07698593029511,43.54161873102043,1.8106074634784777,99.84543782632986,0,0,0,-7.5101994617626815,0.0330313282675353
17,BHALSWA,5,BADLI,0.891389599214218,63537.0,12897.11878166977,71278.5969861096,0.2029859574998783,47.4918671935202,49.81196295839944,40.490258869664274,49.644474921858425,52.17060583112865,42.08296125714288,2.320095764879241,-9.321704088735167,-7.001608323855926,0.163299914147061,0.1927347002996287,0.1823821310219317,0.2429963087630759,0.2981445469310793,0.2875283390862447,0.019082216874870717,2.42,0,0,0,6.83,0,0,63537,13939,1.0,2,0,2,0,DIRECT_PLUS_CANDIDATE_SPLITS,2011 Census PCA linked to official 2022 Delhi ward delimitation. Direct PCA units receive full-value transfer. Split PCA units with passing population-share QA receive candidate population-proportional allocation. Unresolved/manual units are explicitly flagged.,0.1823821310219317,0.1609471130625073,0.1101602619377548,0.2875283390862447,0.8899865433890548,99.84259903566296,47.4918671935202,47.34897331949598,49.644474921858425,0.8897453220932906,99.81553777132056,49.81196295839944,49.48014356359048,52.17060583112865,0.8897453220932906,99.81553777132056,40.490258869664274,40.30219044033594,42.08296125714288,0.8897453220932906,99.81553777132056,0,0,0,-7.001608323855926,0.0190822168748707
18,JAHANGIR PURI,5,BADLI,2.7315309291681595,80335.0,16776.77741210186,29410.247250784247,0.2088352201668247,48.27366059947695,50.53770930565788,40.60906714275495,52.3205211725,54.69522617187501,44.18133256400002,2.2640487061809296,-9.928642162902923,-7.664593456721995,0.1548168844513856,0.1847813421782495,0.1726930324177488,0.2198165289470449,0.3029758424580905,0.2823320723644003,0.017876147966363193,3.5,0,0,0,8.04,0,0,80335,15048,1.0,2,0,2,0,DIRECT_PLUS_CANDIDATE_SPLITS,2011 Census PCA linked to official 2022 Delhi ward delimitation. Direct PCA units receive full-value transfer. Split PCA units with passing population-share QA receive candidate population-proportional allocation. Unresolved/manual units are explicitly flagged.,0.1726930324177488,0.1494400159522951,0.1064580664939617,0.2823320723644003,2.727303231742108,99.84522608252728,48.27366059947695,48.560212835861314,52.3205211725,2.727942105674834,99.86861494208236,50.53770930565788,50.68638708905759,54.69522617187501,2.727942105674834,99.86861494208236,40.60906714275495,40.5596495353616,44.18133256400002,2.727942105674834,99.86861494208236,0,0,0,-7.664593456721995,0.0178761479663631
19,SARUP NAGAR,5,BADLI,4.920022122839095,78653.0,10406.04530699239,15986.31023118517,0.1323032218350526,48.674805393961456,51.31128837788255,41.049524363171045,50.76204858399013,53.592743900115416,43.095662012013264,2.6364829839210917,-10.261764014711504,-7.625281030790411,0.1536518642106405,0.1666200453921051,0.16124421645728,0.2118905272862831,0.2363414100949236,0.2443114541578054,0.007592352246639483,5.4,0,0,0,10.07,0,0,78653,10629,1.0,3,0,3,0,DIRECT_PLUS_CANDIDATE_SPLITS,2011 Census PCA linked to official 2022 Delhi ward delimitation. Direct PCA units receive full-value transfer. Split PCA units with passing population-share QA receive candidate population-proportional allocation. Unresolved/manual units are explicitly flagged.,0.16124421645728,0.1385329011539637,0.0997334128254431,0.2443114541578054,4.913212815503171,99.86160006670876,48.674805393961456,48.42083177144816,50.76204858399013,4.913233869342646,99.86202798835116,51.31128837788255,51.1572414847195,53.592743900115416,4.913233869342646,99.86202798835116,41.049524363171045,40.71792573259901,43.095662012013264,4.913233869342646,99.86202798835116,0,0,0,-7.625281030790411,0.0075923522466394
20,SAMAYPUR BADLI,5,BADLI,4.742670114399282,67788.0,15157.05849923598,14293.214236889042,0.2235950094299283,49.391365036062254,51.80774114072219,41.74622580782818,51.344800640832446,53.9057747418397,44.03168936571532,2.416376104659939,-10.061515332894013,-7.645139228234072,0.1598046170021592,0.1835335071268574,0.1840092998380064,0.2528158987273728,0.3031776550043873,0.3574371436795978,0.024204682835847202,5.78,0,0,0,9.64,0,0,67788,15621,1.0,3,1,2,0,DIRECT_PLUS_CANDIDATE_SPLITS,2011 Census PCA linked to official 2022 Delhi ward delimitation. Direct PCA units receive full-value transfer. Split PCA units with passing population-share QA receive candidate population-proportional allocation. Unresolved/manual units are explicitly flagged.,0.1840092998380064,0.1388817950463841,0.0918743571239832,0.3574371436795978,4.735422448944706,99.84718175036946,49.391365036062254,49.40294514654418,51.344800640832446,4.7361476777109175,99.86247332133512,51.80774114072219,51.907934631994266,53.9057747418397,4.7361476777109175,99.86247332133512,41.74622580782818,41.78045972546591,44.03168936571532,4.7361476777109175,99.86247332133512,0,0,0,-7.645139228234072,0.0242046828358472
21,ROHINI-A,6,RITHALA,2.123941588042419,66482.0,3669.629176042929,31301.237460713175,0.0551973342565345,46.35531065207666,48.52222817807943,38.79017991251018,47.96774087390996,50.09414743623008,39.95483690000001,2.16691752600277,-9.732048265569247,-7.565130739566477,0.2152872230150301,0.2683996311392415,0.2747727395986048,0.3152747664104531,0.4049973615923276,0.4360053195276237,0.05948551658357473,7.69,0,0,0,10.35,0,0,66482,4014,1.0,1,0,1,0,DIRECT_PLUS_CANDIDATE_SPLITS,2011 Census PCA linked to official 2022 Delhi ward delimitation. Direct PCA units receive full-value transfer. Split PCA units with passing population-share QA receive candidate population-proportional allocation. Unresolved/manual units are explicitly flagged.,0.2747727395986048,0.2518632279218049,0.1542316677610968,0.4360053195276237,2.12076702311509,99.85053426397404,46.35531065207666,46.278044872647584,47.96774087390996,2.1206613990509617,99.84556124283624,48.52222817807943,48.59400917472239,50.09414743623008,2.1206613990509617,99.84556124283624,38.79017991251018,38.924469493923,39.95483690000001,2.1206613990509617,99.84556124283624,0,0,0,-7.565130739566477,0.0594855165835747
22,ROHINI-B,6,RITHALA,3.48536726849613,60621.0,4322.665641337784,17393.002036814563,0.0713064060529813,46.241183693956174,48.26784620807887,37.95869166462867,48.28030481900649,50.526734151505885,39.72316812881132,2.026662514122698,-10.309154543450203,-8.282492029327507,0.2679505782021068,0.3236995120477822,0.3418323069469891,0.4327090719939236,0.5135583748257486,0.6030975726412534,0.07388172874488225,9.07,0,0,0,10.68,0,0,60621,2939,1.0,2,0,2,0,DIRECT_PLUS_CANDIDATE_SPLITS,2011 Census PCA linked to official 2022 Delhi ward delimitation. Direct PCA units receive full-value transfer. Split PCA units with passing population-share QA receive candidate population-proportional allocation. Unresolved/manual units are explicitly flagged.,0.3418323069469891,0.3141283811232137,0.1465309753154647,0.6030975726412534,3.480256980987665,99.85337879440551,46.241183693956174,46.21842989313433,48.28030481900649,3.480204623244103,99.85187657844006,48.26784620807887,48.40435462645242,50.526734151505885,3.480204623244103,99.85187657844006,37.95869166462867,38.40923215062044,39.72316812881132,3.480204623244103,99.85187657844006,0,0,0,-8.282492029327507,0.0738817287448822
23,RITHALA,6,RITHALA,4.051320411069838,71698.0,7024.621540115639,17697.440025748692,0.0979751393360433,48.06076068809036,50.42614348282648,39.50399113523422,49.9711171975498,52.46447095162335,41.09624355786486,2.365382794736121,-10.92215234759226,-8.556769552856139,0.2104020027834016,0.246148558894454,0.2577392423421061,0.3569632250503846,0.4468693406892651,0.4509718733697845,0.0473372395587045,9.61,0,0,0,10.85,0,0,71698,9069,1.0,3,0,3,0,DIRECT_PLUS_CANDIDATE_SPLITS,2011 Census PCA linked to official 2022 Delhi ward delimitation. Direct PCA units receive full-value transfer. Split PCA units with passing population-share QA receive candidate population-proportional allocation. Unresolved/manual units are explicitly flagged.,0.2577392423421061,0.2283425592802165,0.1114148244670947,0.4509718733697845,4.045032698203893,99.8447984304385,48.06076068809036,48.34344380412891,49.9711171975498,4.045417483110495,99.85429619579794,50.42614348282648,50.90612756028726,52.46447095162335,4.045417483110495,99.85429619579794,39.50399113523422,39.47021136065777,41.09624355786486,4.045417483110495,99.85429619579794,0,0,0,-8.556769552856139,0.0473372395587045
24,VIJAY VIHAR,6,RITHALA,1.6328337919086355,68107.0,11600.67178601799,41710.92020357385,0.1703300950859381,47.42635330409775,49.73682546636641,38.75662046555661,49.09802141488246,51.84944914157925,40.19867282160671,2.31047216226866,-10.980205000809804,-8.669732838541144,0.186035774070975,0.2122731719297255,0.2135137304813716,0.3348957641715354,0.401263644034234,0.4473987384731613,0.027477956410396603,10.58,0,0,0,11.03,0,0,68107,12902,1.0,1,0,1,0,DIRECT_PLUS_CANDIDATE_SPLITS,2011 Census PCA linked to official 2022 Delhi ward delimitation. Direct PCA units receive full-value transfer. Split PCA units with passing population-share QA receive candidate population-proportional allocation. Unresolved/manual units are explicitly flagged.,0.2135137304813716,0.1544096667763457,0.0957681996892034,0.4473987384731613,1.6303863534550682,99.8501109870646,47.42635330409775,47.53213040577073,49.09802141488246,1.6303213413720228,99.84612943772582,49.73682546636641,49.849837678920125,51.84944914157925,1.6303213413720228,99.84612943772582,38.75662046555661,38.76860330103902,40.19867282160671,1.6303213413720228,99.84612943772582,0,0,0,-8.669732838541144,0.0274779564103966
25,BUDH VIHAR,6,RITHALA,1.0931002598289974,51524.0,6007.848210186266,47135.657993586356,0.1166029075806666,48.40758138198948,51.11694856852852,39.62834163060373,49.23502713804002,52.046972526666686,40.60967256500001,2.7093671865390405,-11.488606937924793,-8.779239751385752,0.1248209033090459,0.1326463839305222,0.1238130440051739,0.1651841091037267,0.188960949021381,0.1690757626959511,-0.0010078593038719968,11.47,0,0,0,11.98,0,0,51524,3755,1.0,2,0,2,0,DIRECT_PLUS_CANDIDATE_SPLITS,2011 Census PCA linked to official 2022 Delhi ward delimitation. Direct PCA units receive full-value transfer. Split PCA units with passing population-share QA receive candidate population-proportional allocation. Unresolved/manual units are explicitly flagged.,0.1238130440051739,0.1103541153929647,0.0928222472714436,0.1690757626959511,1.0914057631804828,99.84498250427826,48.40758138198948,48.63980590205308,49.23502713804002,1.0913960097266102,99.84409022987025,51.11694856852852,51.32631270841395,52.046972526666686,1.0913960097266102,99.84409022987025,39.62834163060373,39.60904721,40.60967256500001,1.0913960097266102,99.84409022987025,0,0,0,-8.779239751385752,-0.0010078593038719
26,POOTH KALAN,7,BAWANA,4.513868825138766,70203.0,14072.19970184319,15552.73374561163,0.2004501189670411,48.60163936469076,51.00126885915007,39.51062721733578,50.711820565,53.21967220578395,41.20354229122709,2.399629494459312,-11.490641641814292,-9.09101214735498,0.2119887377028811,0.2422918897043733,0.2444496614756864,0.3016315848955303,0.3780897697452499,0.4046525932218526,0.032460923772805295,13.16,0,0,0,13.87,0,0,70203,16038,1.0,2,0,2,0,DIRECT_PLUS_CANDIDATE_SPLITS,2011 Census PCA linked to official 2022 Delhi ward delimitation. Direct PCA units receive full-value transfer. Split PCA units with passing population-share QA receive candidate population-proportional allocation. Unresolved/manual units are explicitly flagged.,0.2444496614756864,0.2283589398229306,0.1073494424108008,0.4046525932218526,4.507438379052494,99.8575402534859,48.60163936469076,48.59306151397501,50.711820565,4.507107142876358,99.85020206558174,51.00126885915007,51.03282091938217,53.21967220578395,4.507107142876358,99.85020206558174,39.51062721733578,39.45404063881734,41.20354229122709,4.507107142876358,99.85020206558174,0,0,0,-9.09101214735498,0.0324609237728052
27,BEGUMPUR,7,BAWANA,7.0519522710196245,75165.0,13848.72993415501,10658.750529111576,0.1842443947868691,49.51059171518905,51.61661002775144,38.76924130616475,52.77831806266931,54.78063011230771,40.280654500873794,2.106018312562391,-12.84736872158669,-10.7413504090243,0.2179499098209702,0.247016427921147,0.2502506568315782,0.2938953919530933,0.3623888467273133,0.4121476677672463,0.032300747010608005,12.98,0,0,0,14.47,0,0,78987,12816,0.9516122906301036,3,0,3,0,DIRECT_PLUS_CANDIDATE_SPLITS,2011 Census PCA linked to official 2022 Delhi ward delimitation. Direct PCA units receive full-value transfer. Split PCA units with passing population-share QA receive candidate population-proportional allocation. Unresolved/manual units are explicitly flagged.,0.2502506568315782,0.2246778558299986,0.1269952494785855,0.4121476677672463,7.041815813688638,99.85626026749156,49.51059171518905,48.90663144183348,52.77831806266931,7.041132413415286,99.84656933018672,51.61661002775144,51.28354934287552,54.78063011230771,7.041132413476321,99.8465693310522,38.76924130616475,38.90745697638657,40.280654500873794,7.041132413476321,99.8465693310522,0,0,0,-10.7413504090243,0.032300747010608
28,SHAHBAAD DAIRY,7,BAWANA,2.994003552346551,54537.0,16918.82683289946,18215.40924934996,0.3102265770559338,48.80355420359042,50.52650237289895,39.65825918062814,50.53153363302603,52.3473230157647,41.0174788841848,1.7229481693085305,-10.86824319227081,-9.14529502296228,0.2224916046409477,0.2681413338411917,0.2575990257038974,0.3015115049878691,0.3924894348571896,0.4083886144775843,0.03510742106294973,10.67,0,0,0,12.77,0,0,54537,18554,1.0,4,0,4,0,DIRECT_PLUS_CANDIDATE_SPLITS,2011 Census PCA linked to official 2022 Delhi ward delimitation. Direct PCA units receive full-value transfer. Split PCA units with passing population-share QA receive candidate population-proportional allocation. Unresolved/manual units are explicitly flagged.,0.2575990257038974,0.2365807590587758,0.1388655535610139,0.4083886144775843,2.989571694120519,99.85197551878126,48.80355420359042,48.65548453976616,50.53153363302603,2.989619664001945,99.85357771732868,50.52650237289895,50.59349710150203,52.3473230157647,2.989619664001945,99.85357771732868,39.65825918062814,39.578540233670005,41.0174788841848,2.989619664001945,99.85357771732868,0,0,0,-9.14529502296228,0.0351074210629497
29,POOTH KHURD,7,BAWANA,30.94259558392009,53115.0,12137.24353110234,1716.5657566103544,0.2285087740017385,49.94995015612562,52.95556914793451,39.4601750361657,52.84339935200944,57.18386069576254,41.93762146786845,3.0056189918088947,-13.49539411176881,-10.489775119959916,0.2284034273701036,0.2644899230322485,0.3113621962467018,0.3263041392631582,0.4004307690505528,0.4707174740151129,0.0829587688765982,14.48,0,0,0,16.9,0,0,57630,11704,0.9216553878188444,5,2,3,0,DIRECT_PLUS_CANDIDATE_SPLITS,2011 Census PCA linked to official 2022 Delhi ward delimitation. Direct PCA units receive full-value transfer. Split PCA units with passing population-share QA receive candidate population-proportional allocation. Unresolved/manual units are explicitly flagged.,0.3113621962467018,0.3027466632945042,0.165941953830483,0.4707174740151129,30.898886150102243,99.85874024789128,49.94995015612562,49.84336203464942,52.84339935200944,30.89874358004339,99.85827949126708,52.95556914793451,52.43786537606263,57.18386069576254,30.89874358004339,99.85827949126708,39.4601750361657,39.81083629148698,41.93762146786845,30.89874358004339,99.85827949126708,0,0,0,-10.489775119959916,0.0829587688765982
30,BAWANA,7,BAWANA,17.570140720958555,64013.0,8525.509894136807,3643.2832847856503,0.1331840390879479,47.79743516546893,52.169696208837216,39.64980193682332,49.78068988910097,55.8151129809434,42.406573235304826,4.372261043368283,-12.519894272013891,-8.14763322864561,0.232855726530561,0.2357864545193255,0.2883233360737786,0.3730427802624755,0.4119025740470256,0.4668011391782664,0.05546760954321758,18.27,0,0,0,21.67,0,0,64013,8619,1.0,1,0,1,0,DIRECT_PLUS_CANDIDATE_SPLITS,2011 Census PCA linked to official 2022 Delhi ward delimitation. Direct PCA units receive full-value transfer. Split PCA units with passing population-share QA receive candidate population-proportional allocation. Unresolved/manual units are explicitly flagged.,0.2883233360737786,0.2714045946288788,0.1308575316001312,0.4668011391782664,17.54529164919051,99.8585721528206,47.79743516546893,47.96891149040223,49.78068988910097,17.545128733723963,99.8576449236701,52.169696208837216,52.313689013493445,55.8151129809434,17.545128733723963,99.8576449236701,39.64980193682332,39.84568075488416,42.406573235304826,17.545128733723963,99.8576449236701,0,0,0,-8.14763322864561,0.0554676095432175
31,NANGAL THAKRAN,7,BAWANA,61.04810147300893,23616.0,4358.490105863192,386.84249682099113,0.1845566609867544,48.91281965432426,55.75775262216581,38.71726273955892,51.31024108018586,59.686731009123946,41.3441650391406,6.844932967841551,-17.04048988260689,-10.19555691476534,0.2155590607653895,0.2071355800186371,0.2964828196340886,0.3262601214386195,0.3457682395141222,0.4160126385434524,0.08092375886869912,23.21,0,0,0,25.7,0,0,57612,12911,0.4099146011247657,3,2,1,0,DIRECT_PLUS_CANDIDATE_SPLITS,2011 Census PCA linked to official 2022 Delhi ward delimitation. Direct PCA units receive full-value transfer. Split PCA units with passing population-share QA receive candidate population-proportional allocation. Unresolved/manual units are explicitly flagged.,0.2964828196340886,0.2792904032167708,0.1972999924985673,0.4160126385434524,60.96301017469788,99.86061597943602,48.91281965432426,49.18880285925932,51.31024108018586,60.96274318245278,99.86017863210064,55.75775262216581,56.31498948020923,59.686731009123946,60.96274318245278,99.86017863210064,38.71726273955892,38.59278908385333,41.3441650391406,60.96274318245278,99.86017863210064,0,0,0,-10.19555691476534,0.0809237588686991
32,KANJHAWALA,8,MUNDKA,35.23044101974767,27215.0,4490.778757346767,772.4853624382736,0.1650111613943328,51.86117670773297,56.79441074373872,39.732292584296346,54.68487001766162,60.43656632326449,43.78380923775809,4.93323403600575,-17.062118159442377,-12.128884123436627,0.192640240092157,0.1894007544912701,0.2790000481915281,0.2832697775499975,0.3144429696194201,0.4199501995007488,0.08635980809937113,22.51,0,0,0,23.5,0,0,40467,7769,0.6725232905824499,3,2,1,0,DIRECT_PLUS_CANDIDATE_SPLITS,2011 Census PCA linked to official 2022 Delhi ward delimitation. Direct PCA units receive full-value transfer. Split PCA units with passing population-share QA receive candidate population-proportional allocation. Unresolved/manual units are explicitly flagged.,0.2790000481915281,0.2596746384173915,0.1660300142765612,0.4199501995007488,35.180120335964745,99.8571670341716,51.86117670773297,52.3136566993546,54.68487001766162,35.181176336788866,99.86016444434746,56.79441074373872,57.8134224231116,60.43656632326449,35.1811763368499,99.8601644445207,39.732292584296346,39.46810242842916,43.78380923775809,35.1811763368499,99.8601644445207,0,0,0,-12.128884123436627,0.0863598080993711
33,RANI KHERA,8,MUNDKA,19.465369970014788,64809.0,9580.66103322915,3329.451230561469,0.1478291754729922,50.42612856692613,53.65380992130859,38.31297881358207,53.21882649812976,57.81225318358191,40.435283885700166,3.2276813543824616,-15.340831107726522,-12.11314975334406,0.2181843223446241,0.2307547981635825,0.2664158784016727,0.2987182052223338,0.3416000413920098,0.3966185528670494,0.0482315560570486,18.6,0,0,0,19.11,0,0,69553,10652,0.9317930211493394,4,2,2,0,DIRECT_PLUS_CANDIDATE_SPLITS,2011 Census PCA linked to official 2022 Delhi ward delimitation. Direct PCA units receive full-value transfer. Split PCA units with passing population-share QA receive candidate population-proportional allocation. Unresolved/manual units are explicitly flagged.,0.2664158784016727,0.2558735714697906,0.1582830862999002,0.3966185528670494,19.43806417316916,99.85972115152347,50.42612856692613,50.4682470305617,53.21882649812976,19.43688535971156,99.85366519954614,53.65380992130859,53.43792431336704,57.81225318358191,19.43688535971156,99.85366519954614,38.31297881358207,38.438029884999246,40.435283885700166,19.43688535971156,99.85366519954614,0,0,0,-12.11314975334406,0.0482315560570486
34,NANGLOI,8,MUNDKA,13.02603375975311,55547.0,22194.45778346384,4264.306466917434,0.3995617726153319,50.53417608949513,54.77474661033011,40.17700480395899,52.84055490683061,58.281893956466135,42.40442453080951,4.240570520834979,-14.597741806371126,-10.357171285536147,0.2070121701049762,0.2134752892603893,0.2649777966478129,0.3066115902316904,0.3339959474509255,0.4122327324678951,0.05796562654283671,21.58,0,0,0,21.4,0,0,71856,27068,0.7730321754620352,5,1,4,0,DIRECT_PLUS_CANDIDATE_SPLITS,2011 Census PCA linked to official 2022 Delhi ward delimitation. Direct PCA units receive full-value transfer. Split PCA units with passing population-share QA receive candidate population-proportional allocation. Unresolved/manual units are explicitly flagged.,0.2649777966478129,0.2559344501998176,0.1307175979977264,0.4122327324678951,13.00722582459287,99.85561272519998,50.53417608949513,50.529058882175725,52.84055490683061,13.007707470610484,99.85931028983474,54.77474661033011,54.40607604121675,58.281893956466135,13.007707470610484,99.85931028983474,40.17700480395899,40.21968021266439,42.40442453080951,13.007707470610484,99.85931028983474,0,0,0,-10.357171285536149,0.0579656265428367
35,MUNDKA,8,MUNDKA,21.797225090115862,44419.0,6884.102425960239,2037.8282013586295,0.1549810312244814,49.18162665696997,53.06484338713902,39.34892194467222,51.6849370283373,56.55964909699711,42.28305113338075,3.883216730169053,-13.7159214424668,-9.832704712297748,0.2471400881092577,0.2695331696824857,0.3008808187761239,0.3964622888206743,0.4626743734290908,0.5175589737824549,0.05374073066686619,22.46,0,0,0,21.68,0,0,50839,7539,0.8737189952595449,4,1,3,0,DIRECT_PLUS_CANDIDATE_SPLITS,2011 Census PCA linked to official 2022 Delhi ward delimitation. Direct PCA units receive full-value transfer. Split PCA units with passing population-share QA receive candidate population-proportional allocation. Unresolved/manual units are explicitly flagged.,0.3008808187761239,0.2753472331386684,0.1348102209171703,0.5175589737824549,21.76599747379773,99.8567358175684,49.18162665696997,49.56442506914109,51.6849370283373,21.765648511081565,99.8551348673799,53.06484338713902,53.43943440801535,56.55964909699711,21.765648511081565,99.8551348673799,39.34892194467222,39.905734435491375,42.28305113338075,21.765648511081565,99.8551348673799,0,0,0,-9.832704712297748,0.0537407306668661
36,NILOTHI,8,MUNDKA,6.393096354171205,79642.0,7071.123543123544,12457.500339102071,0.0887863632646536,47.10516612354215,50.277586180802224,38.896146199098894,49.90471512881402,53.18802662625537,40.97115511411822,3.1724200572600765,-11.38143998170333,-8.209019924443254,0.2317821095142733,0.2427051973440361,0.2623405797853762,0.4082317450198932,0.4470470008239105,0.5215532915935321,0.030558470271102922,15.22,0,0,0,14.28,0,0,79992,7108,0.9956245624562456,4,2,1,1,CONTAINS_MANUAL_REVIEW_UNITS,2011 Census PCA linked to official 2022 Delhi ward delimitation. Direct PCA units receive full-value transfer. Split PCA units with passing population-share QA receive candidate population-proportional allocation. Unresolved/manual units are explicitly flagged.,0.2623405797853762,0.1934589283566148,0.1073785227730759,0.5215532915935321,6.383642964394491,99.8521312795396,47.10516612354215,47.40873907073862,49.90471512881402,6.383574791449334,99.85106492700272,50.277586180802224,50.81507970999383,53.18802662625537,6.383574791449334,99.85106492700272,38.896146199098894,39.4723989921399,40.97115511411822,6.383574791449334,99.85106492700272,0,0,0,-8.209019924443254,0.0305584702711029
37,KIRARI,9,KIRARI,1.7577012043273912,57703.0,10728.37190218113,32828.67409883858,0.1859239883919576,48.922004763784926,51.97389010824435,40.38826130974349,50.20490921000002,53.72243372197192,41.79648590820606,3.0518853444594214,-11.585628798500856,-8.533743454041435,0.1259944202419488,0.1368972612931196,0.1283019468642723,0.1665333671843204,0.188375647719369,0.177883521982874,0.0023075266223235025,14.73,0,0,0,14.49,0,0,57703,10787,1.0,3,0,3,0,DIRECT_PLUS_CANDIDATE_SPLITS,2011 Census PCA linked to official 2022 Delhi ward delimitation. Direct PCA units receive full-value transfer. Split PCA units with passing population-share QA receive candidate population-proportional allocation. Unresolved/manual units are explicitly flagged.,0.1283019468642723,0.1111540796199328,0.0957620104505489,0.177883521982874,1.7548355944273712,99.83696831446863,48.922004763784926,48.73224070389028,50.20490921000002,1.7548417802720009,99.83732024257874,51.97389010824435,51.65847998832146,53.72243372197192,1.7548417802720009,99.83732024257874,40.38826130974349,40.14132107029717,41.79648590820606,1.7548417802720009,99.83732024257874,0,0,0,-8.533743454041435,0.0023075266223235
38,PREM NAGAR,9,KIRARI,1.0962405052667514,63337.0,11213.76908018634,57776.55514068787,0.1770492615720091,47.93718477737896,51.0769552314114,39.76099857982789,48.60846673638124,51.86087677034303,40.303842215758046,3.139770454032437,-11.315956651583504,-8.176186197551068,0.1084950032378516,0.1124961922542458,0.1045777425122354,0.1284862994984869,0.1397160486173915,0.1245489017141987,-0.003917260725616212,15.75,0,0,0,15.42,0,0,63337,10299,1.0,1,0,1,0,DIRECT_PLUS_CANDIDATE_SPLITS,2011 Census PCA linked to official 2022 Delhi ward delimitation. Direct PCA units receive full-value transfer. Split PCA units with passing population-share QA receive candidate population-proportional allocation. Unresolved/manual units are explicitly flagged.,0.1045777425122354,0.0991947705971022,0.0884288569918659,0.1245489017141987,1.094576947502824,99.84824883262978,47.93718477737896,47.89094513364627,48.60846673638124,1.0945848833728269,99.8489727495043,51.0769552314114,51.01496944476951,51.86087677034303,1.0945848833728269,99.8489727495043,39.76099857982789,39.71012205847058,40.303842215758046,1.0945848833728269,99.8489727495043,0,0,0,-8.176186197551068,-0.0039172607256162
39,MUBARIKPUR,9,KIRARI,3.176314998909964,81734.0,10830.91652854786,25732.334490769703,0.1325142110816534,48.60912299216318,51.03203400871273,36.19973124583959,51.469291775000016,52.410433924160166,39.46938742492797,2.4229110165495484,-14.83230276287314,-12.409391746323593,0.1628334684015909,0.1845399096928237,0.1376048675927172,0.2354757386369674,0.3256646482520279,0.2564207708695298,-0.025228600808873708,17.06,0,0,0,16.96,0,0,81734,11903,1.0,2,0,2,0,DIRECT_PLUS_CANDIDATE_SPLITS,2011 Census PCA linked to official 2022 Delhi ward delimitation. Direct PCA units receive full-value transfer. Split PCA units with passing population-share QA receive candidate population-proportional allocation. Unresolved/manual units are explicitly flagged.,0.1376048675927172,0.1111403765648729,0.0683751077189751,0.2564207708695298,3.01718494073415,94.9901046265744,48.60912299216318,48.21885328023206,51.469291775000016,3.17153586464748,99.84953840333458,51.03203400871273,51.28340462756685,52.410433924160166,3.17153586464748,99.84953840333458,36.19973124583959,37.90905923474657,39.46938742492797,3.0230622892080268,95.1751413271502,0,0,0,-12.409391746323593,-0.0252286008088737
40,NITHARI,9,KIRARI,3.98079114807641,63982.0,6873.519090121387,16072.684453922495,0.1074289501753835,49.74286391199192,52.24084982156934,36.42848193933803,52.71908749721531,55.84876852062047,39.77937459225495,2.497985909577423,-15.812367882231314,-13.31438197265389,0.1652501106584284,0.1714324472205388,0.2308987323920952,0.2205556871069127,0.2479105200526834,0.4790388354143438,0.06564862173366681,16.03,0,0,0,16.42,0,0,63982,6447,1.0,3,1,2,0,DIRECT_PLUS_CANDIDATE_SPLITS,2011 Census PCA linked to official 2022 Delhi ward delimitation. Direct PCA units receive full-value transfer. Split PCA units with passing population-share QA receive candidate population-proportional allocation. Unresolved/manual units are explicitly flagged.,0.2308987323920952,0.1660807030047719,0.0997142751908418,0.4790388354143438,3.97503267952881,99.8553436155428,49.74286391199192,49.094112274682,52.71908749721531,3.974933449713971,99.85285089961906,52.24084982156934,52.03422265253716,55.84876852062047,3.974933449713971,99.85285089961906,36.42848193933803,37.09330844505857,39.77937459225495,3.974933449713971,99.85285089961906,0,0,0,-13.31438197265389,0.0656486217336668
41,AMAN VIHAR,9,KIRARI,1.4147340743778412,78962.0,18120.42339896329,55814.02288251606,0.2294828322352941,48.34104600029583,51.1203423893246,39.878858249209074,49.14123263992827,52.07513582000002,40.70793288436308,2.779296389028765,-11.241484140115524,-8.46218775108676,0.1230833617805089,0.1265300208647836,0.1163874668325136,0.1612419290613083,0.1670263021557414,0.1435738224257514,-0.006695894947995301,14.15,0,0,0,14.32,0,0,78962,18331,1.0,2,0,2,0,DIRECT_PLUS_CANDIDATE_SPLITS,2011 Census PCA linked to official 2022 Delhi ward delimitation. Direct PCA units receive full-value transfer. Split PCA units with passing population-share QA receive candidate population-proportional allocation. Unresolved/manual units are explicitly flagged.,0.1163874668325136,0.1044644556141719,0.0928447085384655,0.1435738224257514,1.4125454451100068,99.8452974797545,48.34104600029583,48.32786587866423,49.14123263992827,1.4125567892999389,99.84609933998657,51.1203423893246,51.01573051011144,52.07513582000002,1.4125567892999389,99.84609933998657,39.878858249209074,39.89177542865821,40.70793288436308,1.4125567892999389,99.84609933998657,0,0,0,-8.46218775108676,-0.0066958949479953
42,MANGOL PURI,10,SULTANPUR MAJRA,0.8005203337377884,68404.0,28207.26999408995,85449.42222842503,0.4123628734297694,47.17854335052404,49.57428760636755,38.72492294435068,48.63347451499999,50.82824021715483,39.51960902000001,2.3957442558435105,-10.849364662016868,-8.453620406173357,0.1882170236112756,0.2197231689495004,0.2272909770164392,0.268526484732856,0.3235763644138643,0.353399743477024,0.03907395340516359,12.08,0,0,0,12.08,0,0,66966,25723,1.021473583609593,3,2,1,0,DIRECT_PLUS_CANDIDATE_SPLITS,2011 Census PCA linked to official 2022 Delhi ward delimitation. Direct PCA units receive full-value transfer. Split PCA units with passing population-share QA receive candidate population-proportional allocation. Unresolved/manual units are explicitly flagged.,0.2272909770164392,0.2091788322987219,0.1310986420966023,0.353399743477024,0.7989858811154841,99.80831809541432,47.17854335052404,46.98780417942101,48.63347451499999,0.7991450110389858,99.82819640665704,49.57428760636755,49.36155835427967,50.82824021715483,0.7991450110389858,99.82819640665704,38.72492294435068,38.670982579181455,39.51960902000001,0.7991450110389858,99.82819640665704,0,0,0,-8.453620406173357,0.0390739534051635
43,SULTANPURI-A,10,SULTANPUR MAJRA,1.3159170696315037,74003.0,39347.28899082569,56236.82655072106,0.5316985661503681,47.67373499612119,50.203744708365136,39.32550910586372,49.448728584743805,52.47041559125002,41.07581346895547,2.5300097122439453,-10.878235602501412,-8.348225890257467,0.1863412536072297,0.2165633549933995,0.2244842446692099,0.2818382682318056,0.3390880504378596,0.3818812973870394,0.038142991061980214,13.11,0,0,0,12.76,0,0,73947,37190,1.000757299146686,2,1,1,0,DIRECT_PLUS_CANDIDATE_SPLITS,2011 Census PCA linked to official 2022 Delhi ward delimitation. Direct PCA units receive full-value transfer. Split PCA units with passing population-share QA receive candidate population-proportional allocation. Unresolved/manual units are explicitly flagged.,0.2244842446692099,0.2021771117215282,0.1121235848553613,0.3818812973870394,1.3138846818524532,99.84555350591968,47.67373499612119,47.23524959298119,49.448728584743805,1.313952761311849,99.85072704314074,50.203744708365136,49.59166704762252,52.47041559125002,1.313952761311849,99.85072704314074,39.32550910586372,38.921637365053165,41.07581346895547,1.313952761311849,99.85072704314074,0,0,0,-8.348225890257467,0.0381429910619802
44,SULTANPURI-B,10,SULTANPUR MAJRA,0.8854689438221808,72975.0,28004.44101508437,82413.95760872081,0.3837539022279461,48.1388018423475,50.66281892344252,39.70056026373789,49.4501654064448,52.14770671312978,40.796979089971614,2.5240170810950247,-10.96225865970463,-8.438241578609606,0.1696903944604443,0.1943933734535142,0.1928287571154431,0.2451030032925615,0.2917896107333507,0.2916610296866818,0.0231383626549988,13.86,0,0,0,13.5,0,0,72975,31777,1.0,2,0,2,0,DIRECT_PLUS_CANDIDATE_SPLITS,2011 Census PCA linked to official 2022 Delhi ward delimitation. Direct PCA units receive full-value transfer. Split PCA units with passing population-share QA receive candidate population-proportional allocation. Unresolved/manual units are explicitly flagged.,0.1928287571154431,0.1767646890949673,0.1201182614181212,0.2916610296866818,0.8840608443452725,99.84097697759674,48.1388018423475,48.10749078489869,49.4501654064448,0.8840138609810622,99.83567093444998,50.66281892344252,50.600007228188296,52.14770671312978,0.8840138609810622,99.83567093444998,39.70056026373789,39.677981892712566,40.796979089971614,0.8840138609810622,99.83567093444998,0,0,0,-8.438241578609606,0.0231383626549988
45,JAWALAPURI,11,NANGLOI JAT,1.5479976935236943,68818.0,17023.0121795952,44456.13858981286,0.2473627856025342,47.76135889982447,50.271483551237154,39.04690606848114,49.65517766000002,52.34638150376581,40.45030738250002,2.5101246514126814,-11.224577482756011,-8.71445283134333,0.2095017324617489,0.2392684001986238,0.2450262556477818,0.3728029302583393,0.4357591800134754,0.482838928418861,0.035524523186032886,13.71,0,0,0,12.56,0,0,80685,33731,0.8529218566028381,4,0,3,1,CONTAINS_MANUAL_REVIEW_UNITS,2011 Census PCA linked to official 2022 Delhi ward delimitation. Direct PCA units receive full-value transfer. Split PCA units with passing population-share QA receive candidate population-proportional allocation. Unresolved/manual units are explicitly flagged.,0.2450262556477818,0.2050209805831715,0.1034394530076511,0.482838928418861,1.545391810648122,99.83166106212724,47.76135889982447,47.97574328325739,49.65517766000002,1.545568863897106,99.84309862755288,50.271483551237154,50.47175867020248,52.34638150376581,1.545568863897106,99.84309862755288,39.04690606848114,39.20677345474101,40.45030738250002,1.545568863897106,99.84309862755288,0,0,0,-8.71445283134333,0.0355245231860328
46,NANGLOI JAT,11,NANGLOI JAT,2.0467935030728035,48956.99999999999,9336.616634505004,23918.876001170604,0.1907105548645751,49.193620042532544,52.33580467238839,40.53487315339025,50.32476008096624,53.638993904,41.73602802901798,3.142184629855848,-11.80093151899814,-8.658746889142293,0.1330184919920884,0.1380818908029296,0.1326564220759362,0.1864460773159179,0.1946979723025697,0.1903202492627775,-0.0003620699161522023,14.95,0,0,0,13.77,0,0,64870,6874,0.754694003391398,4,1,2,1,CONTAINS_MANUAL_REVIEW_UNITS,2011 Census PCA linked to official 2022 Delhi ward delimitation. Direct PCA units receive full-value transfer. Split PCA units with passing population-share QA receive candidate population-proportional allocation. Unresolved/manual units are explicitly flagged.,0.1326564220759362,0.1162807509904916,0.094834028556541,0.1903202492627775,2.043641313486136,99.84599376625266,49.193620042532544,49.01676056857004,50.32476008096624,2.043666241649673,99.84721167922238,52.33580467238839,52.19998030230532,53.638993904,2.043666241649673,99.84721167922238,40.53487315339025,40.3586953396719,41.73602802901798,2.043666241649673,99.84721167922238,0,0,0,-8.658746889142293,-0.0003620699161522
47,NIHAL VIHAR,11,NANGLOI JAT,1.3944531968546277,0.0,0.0,0.0,,47.88904113379867,51.23494406939503,39.690832688676416,48.70053756184117,51.82748360032154,40.23562859343421,3.3459029355963565,-11.544111380718611,-8.198208445122255,0.1353144530686036,0.1320128524762277,0.1255428305836875,0.1806300371358365,0.1765399429849452,0.1691231837743516,-0.009771622484916087,15.2,0,0,0,13.81,0,0,52919,7460,0.0,1,0,0,1,CONTAINS_MANUAL_REVIEW_UNITS,2011 Census PCA linked to official 2022 Delhi ward delimitation. Direct PCA units receive full-value transfer. Split PCA units with passing population-share QA receive candidate population-proportional allocation. Unresolved/manual units are explicitly flagged.,0.1255428305836875,0.1142952141183754,0.0966546519706607,0.1691231837743516,1.392180663279813,99.83703048765346,47.88904113379867,48.04796240612521,48.70053756184117,1.3919036752202054,99.81716692678012,51.23494406939503,51.264690657788734,51.82748360032154,1.3919036752202054,99.81716692678012,39.690832688676416,39.70142145231623,40.23562859343421,1.3919036752202054,99.81716692678012,0,0,0,-8.198208445122255,-0.009771622484916
48,GURU HARKISHAN NAGAR,11,NANGLOI JAT,3.942395054850144,62946.0,13413.24764277625,15966.43642360511,0.2130913424645926,47.63652905545451,50.15107487725376,39.21245802190626,49.97627737190688,53.15759344628029,41.21852921788341,2.5145458217992527,-10.938616855347504,-8.424071033548252,0.212913644059619,0.2441045879468615,0.2530035241467301,0.334927130716259,0.4032479107379037,0.4236999615238629,0.04008988008711112,13.11,0,0,0,11.52,0,0,62946,5334,1.0,2,0,2,0,DIRECT_PLUS_CANDIDATE_SPLITS,2011 Census PCA linked to official 2022 Delhi ward delimitation. Direct PCA units receive full-value transfer. Split PCA units with passing population-share QA receive candidate population-proportional allocation. Unresolved/manual units are explicitly flagged.,0.2530035241467301,0.2247809915327277,0.1229201076900606,0.4236999615238629,3.936626893189676,99.85368889773308,47.63652905545451,47.472547740125904,49.97627737190688,3.9368470782257696,99.85927395537014,50.15107487725376,49.90497781941811,53.15759344628029,3.9368470782257696,99.85927395537014,39.21245802190626,39.15546149177784,41.21852921788341,3.9368470782257696,99.85927395537014,0,0,0,-8.424071033548252,0.0400898800871111
49,MANGOLPURI-A,12,MANGOL PURI,1.489496246190852,78867.0,33451.16080425401,52948.77392386165,0.4241464846419163,48.31638232869532,50.72116212025744,39.33589947800537,51.13992757000002,53.781478806396414,41.16951338691425,2.4047797915621203,-11.385262642252066,-8.980482850689945,0.2108594461494515,0.2446935003677248,0.2559728544790709,0.2995342027557105,0.3638512113023536,0.3933676791641624,0.04511340832961941,12.43,0,0,0,11.9,0,0,78867,33950,1.0,3,1,2,0,DIRECT_PLUS_CANDIDATE_SPLITS,2011 Census PCA linked to official 2022 Delhi ward delimitation. Direct PCA units receive full-value transfer. Split PCA units with passing population-share QA receive candidate population-proportional allocation. Unresolved/manual units are explicitly flagged.,0.2559728544790709,0.2488491030792726,0.1358843967748776,0.3933676791641624,1.487145016028072,99.84214594908896,48.31638232869532,47.67145453948726,51.13992757000002,1.4871950273844403,99.84550355113036,50.72116212025744,49.96294187750002,53.781478806396414,1.4871950273844403,99.84550355113036,39.33589947800537,39.04059505496031,41.16951338691425,1.4871950273844403,99.84550355113036,0,0,0,-8.980482850689945,0.0451134083296194
50,MANGOLPURI-B,12,MANGOL PURI,1.44750871876845,81344.0,39605.42781056739,56195.8618592695,0.486888127096865,48.22093304252991,50.9878382244806,39.52218729602138,50.22065009157895,53.46228227000002,41.09643889193078,2.7669051819506905,-11.46565092845922,-8.698745746508528,0.1945770571358193,0.2220575849759707,0.2192343764363804,0.2941946453987257,0.3470816261573577,0.3585182332668961,0.024657319300561115,11.36,0,0,0,10.83,0,0,81344,41151,1.0,3,1,2,0,DIRECT_PLUS_CANDIDATE_SPLITS,2011 Census PCA linked to official 2022 Delhi ward delimitation. Direct PCA units receive full-value transfer. Split PCA units with passing population-share QA receive candidate population-proportional allocation. Unresolved/manual units are explicitly flagged.,0.2192343764363804,0.1981576558549278,0.1200903292220754,0.3585182332668961,1.4454413736210852,99.85717908841865,48.22093304252991,47.97239999719841,50.22065009157895,1.4452609336349185,99.8447135340612,50.9878382244806,50.52143412752811,53.46228227000002,1.4452609336349185,99.8447135340612,39.52218729602138,39.34712265682558,41.09643889193078,1.4452609336349185,99.8447135340612,0,0,0,-8.698745746508528,0.0246573193005611
51,ROHINI-C,12,MANGOL PURI,2.360616271679602,71696.0,10177.41138517861,30371.72998430091,0.1419522900186706,47.624153512957335,50.04117423631408,39.331327222948296,49.48968852500002,52.406919459550586,40.41751409382884,2.4170207233567425,-10.70984701336578,-8.292826290009039,0.1929073365378718,0.2172541829143869,0.2234782357503772,0.3096943456534548,0.365583940376894,0.3926357395758504,0.030570899212505415,9.66,0,0,0,9.7,0,0,71696,8133,1.0,2,1,1,0,DIRECT_PLUS_CANDIDATE_SPLITS,2011 Census PCA linked to official 2022 Delhi ward delimitation. Direct PCA units receive full-value transfer. Split PCA units with passing population-share QA receive candidate population-proportional allocation. Unresolved/manual units are explicitly flagged.,0.2234782357503772,0.1933673872414644,0.111359101699685,0.3926357395758504,2.3570943209331463,99.85080375880192,47.624153512957335,47.42361655536087,49.48968852500002,2.3572765900191976,99.85852500889403,50.04117423631408,49.778608550874615,52.406919459550586,2.3572765900191976,99.85852500889403,39.331327222948296,39.20252479444312,40.41751409382884,2.3572765900191976,99.85852500889403,0,0,0,-8.292826290009039,0.0305708992125054
52,ROHINI-F,13,ROHINI,2.103792174985534,81298.0,3634.545558803442,38643.550901390256,0.044706457216702,46.40262559631224,49.00561579007782,39.21766605890464,47.92341287892273,50.64337451368178,40.20289908932142,2.602990193765578,-9.787949731173178,-7.1849595374076,0.206209868580374,0.2387851156441691,0.225158249399848,0.3173772638523363,0.3853221901711071,0.3684996122822688,0.018948380819474003,7.91,0,0,0,8.7,0,0,81298,4021,1.0,3,1,2,0,DIRECT_PLUS_CANDIDATE_SPLITS,2011 Census PCA linked to official 2022 Delhi ward delimitation. Direct PCA units receive full-value transfer. Split PCA units with passing population-share QA receive candidate population-proportional allocation. Unresolved/manual units are explicitly flagged.,0.225158249399848,0.201365187608155,0.1191343064878804,0.3684996122822688,2.100659755035521,99.8511060176353,46.40262559631224,46.26516223830637,47.92341287892273,2.100663011069863,99.8512607874068,49.00561579007782,48.79402620695927,50.64337451368178,2.100663011069863,99.8512607874068,39.21766605890464,39.13827366145039,40.20289908932142,2.100663011069863,99.8512607874068,0,0,0,-7.1849595374076,0.018948380819474
53,ROHINI-E,13,ROHINI,2.701035516335242,66795.0,1566.803462679532,24729.40455467512,0.0234568974126735,45.75735240992367,48.43324304057942,38.771963599597335,46.85851635930602,49.57689115501068,39.61147439973217,2.6758906306557506,-9.661279440982083,-6.985388810326334,0.2368256156660389,0.2757453759469406,0.2626470489411521,0.368267071340378,0.4315563596776484,0.4320155305634473,0.025821433275113187,6.9,0,0,0,7.86,0,0,66795,1196,1.0,2,0,2,0,DIRECT_PLUS_CANDIDATE_SPLITS,2011 Census PCA linked to official 2022 Delhi ward delimitation. Direct PCA units receive full-value transfer. Split PCA units with passing population-share QA receive candidate population-proportional allocation. Unresolved/manual units are explicitly flagged.,0.2626470489411521,0.240182525546016,0.1307929522496638,0.4320155305634473,2.69697267618528,99.8495821278398,45.75735240992367,45.7964711911742,46.85851635930602,2.696958060570093,99.84904101628838,48.43324304057942,48.42260634988798,49.57689115501068,2.696958060570093,99.84904101628838,38.771963599597335,38.79675204116194,39.61147439973217,2.696958060570093,99.84904101628838,0,0,0,-6.985388810326334,0.0258214332751131
54,ROHINI-D,13,ROHINI,4.827494196443054,80948.0,6260.214624816422,16768.119588759586,0.0773362482682267,46.32858922151038,48.61420677469398,38.53284727313672,49.096020518894,51.59221003381504,40.97525468850182,2.285617553183606,-10.081359501557266,-7.79574194837366,0.2486447426364469,0.2908227542393291,0.3153800756743023,0.379760236844382,0.4509523072718657,0.4980918563666615,0.06673533303785542,6.38,0,0,0,9.33,0,0,80948,6191,1.0,2,1,1,0,DIRECT_PLUS_CANDIDATE_SPLITS,2011 Census PCA linked to official 2022 Delhi ward delimitation. Direct PCA units receive full-value transfer. Split PCA units with passing population-share QA receive candidate population-proportional allocation. Unresolved/manual units are explicitly flagged.,0.3153800756743023,0.3028254316329691,0.1541232788710203,0.4980918563666615,4.820296093419943,99.85089359551348,46.32858922151038,46.09577610596699,49.096020518894,4.820415833120311,99.8533739651524,48.61420677469398,48.470004219523936,51.59221003381504,4.820415833120311,99.8533739651524,38.53284727313672,38.59293313341885,40.97525468850182,4.820415833120311,99.8533739651524,0,0,0,-7.79574194837366,0.0667353330378554
55,SHALIMAR BAGH-A,14,SHALIMAR BAGH,2.2550024503951325,61220.0,7690.679689065835,27148.52925737297,0.1256236473222123,46.732193402282185,49.53847773113439,38.86586260370311,49.71852448122883,52.08715864481772,41.21838463463109,2.8062843288522075,-10.672615127431284,-7.866330798579078,0.2497868145469251,0.281733498182022,0.303289583521332,0.4546505744412474,0.4833347540140419,0.5411934800531042,0.053502768974406895,4.34,0,0,0,6.76,0,0,61220,10480,1.0,2,0,2,0,DIRECT_PLUS_CANDIDATE_SPLITS,2011 Census PCA linked to official 2022 Delhi ward delimitation. Direct PCA units receive full-value transfer. Split PCA units with passing population-share QA receive candidate population-proportional allocation. Unresolved/manual units are explicitly flagged.,0.303289583521332,0.263754898739918,0.1153472393148935,0.5411934800531042,2.251639956198299,99.85088733733996,46.732193402282185,47.34236927233676,49.71852448122883,2.2516913269928565,99.85316541888032,49.53847773113439,49.97774898588528,52.08715864481772,2.2516913269928565,99.85316541888032,38.86586260370311,39.40331657315912,41.21838463463109,2.2516913269928565,99.85316541888032,0,0,0,-7.866330798579078,0.0535027689744068
56,SHALIMAR BAGH-B,14,SHALIMAR BAGH,3.039111538025625,72416.0,5529.163531650473,23828.016541651985,0.0763527884949523,45.71618809410795,48.19837422381572,38.45897066765597,47.21674196196069,50.04187321437826,39.949779594441495,2.4821861297077703,-9.73940355615975,-7.25721742645198,0.2372908546914986,0.2773866846182911,0.2841088081556365,0.3898281102524012,0.4509683593030835,0.4786320519185821,0.04681795346413789,3.8,0,0,0,5.0,0,0,72416,4861,1.0,2,1,1,0,DIRECT_PLUS_CANDIDATE_SPLITS,2011 Census PCA linked to official 2022 Delhi ward delimitation. Direct PCA units receive full-value transfer. Split PCA units with passing population-share QA receive candidate population-proportional allocation. Unresolved/manual units are explicitly flagged.,0.2841088081556365,0.2636098965845736,0.1348456875876018,0.4786320519185821,3.0345610728214014,99.85026988488946,45.71618809410795,45.78125657691765,47.21674196196069,3.034511878268131,99.8486511699244,48.19837422381572,48.159148311717374,50.04187321437826,3.034511878268131,99.8486511699244,38.45897066765597,38.51635685333336,39.949779594441495,3.034511878268131,99.8486511699244,0,0,0,-7.25721742645198,0.0468179534641378
57,PITAM PURA,14,SHALIMAR BAGH,3.9520988161368686,80594.0,7487.156779283692,20392.70872249589,0.0928996796198686,45.86222724195499,48.339406990227616,38.4543408981544,47.465167969311445,49.96922308166891,39.67256362949525,2.4771797482726257,-9.885066092073217,-7.407886343800591,0.2426743209482473,0.2819992068751089,0.2809236966085507,0.3818597076121907,0.4549945737086369,0.4667262077562921,0.0382493756603034,5.57,0,0,0,6.07,0,0,80594,5366,1.0,2,1,1,0,DIRECT_PLUS_CANDIDATE_SPLITS,2011 Census PCA linked to official 2022 Delhi ward delimitation. Direct PCA units receive full-value transfer. Split PCA units with passing population-share QA receive candidate population-proportional allocation. Unresolved/manual units are explicitly flagged.,0.2809236966085507,0.2597287561878186,0.1348788902432649,0.4667262077562921,3.946313210201247,99.85360674910255,45.86222724195499,45.78224800133969,47.465167969311445,3.946299258543726,99.85325373015822,48.339406990227616,48.28065980666322,49.96922308166891,3.946299258543726,99.85325373015822,38.4543408981544,38.484579503018686,39.67256362949525,3.946299258543726,99.85325373015822,0,0,0,-7.407886343800591,0.0382493756603034
58,SARASWATI VIHAR,15,SHAKUR BASTI,4.143324581340276,63630.0,3741.672942495578,15357.23276099626,0.0588035980275904,47.122004481455306,49.67092794503198,38.72022875455862,48.78249588198433,51.85070867755015,40.14033682589076,2.5489234635766707,-10.950699190473358,-8.401775726896688,0.2351035067715063,0.267120355786277,0.2687401927366253,0.3683200022066624,0.4226775917292535,0.4356487345331066,0.03363668596511901,10.17,0,0,0,9.22,0,0,63630,3390,1.0,3,0,3,0,DIRECT_PLUS_CANDIDATE_SPLITS,2011 Census PCA linked to official 2022 Delhi ward delimitation. Direct PCA units receive full-value transfer. Split PCA units with passing population-share QA receive candidate population-proportional allocation. Unresolved/manual units are explicitly flagged.,0.2687401927366253,0.248004197774801,0.1426759265750415,0.4356487345331066,4.137032165252088,99.84813122977314,47.122004481455306,47.02834866916853,48.78249588198433,4.137009500466019,99.84758421045028,49.67092794503198,49.407175033873614,51.85070867755015,4.137009500466019,99.84758421045028,38.72022875455862,38.6091425631785,40.14033682589076,4.137009500466019,99.84758421045028,0,0,0,-8.401775726896688,0.033636685965119
59,PASCHIM VIHAR,15,SHAKUR BASTI,3.160103278607586,67423.0,7190.392561543471,21335.69508832892,0.106645989670342,46.42836441727847,48.78754989447311,38.22951001953789,47.78152971489248,50.21678909352897,39.345837010729575,2.359185477194636,-10.558039874935218,-8.198854397740583,0.2305139797309304,0.2637456551322066,0.279929754039978,0.3603661872721772,0.4238297990766895,0.4429897889931327,0.04941577430904759,11.69,0,0,0,9.63,0,0,67423,7643,1.0,2,0,2,0,DIRECT_PLUS_CANDIDATE_SPLITS,2011 Census PCA linked to official 2022 Delhi ward delimitation. Direct PCA units receive full-value transfer. Split PCA units with passing population-share QA receive candidate population-proportional allocation. Unresolved/manual units are explicitly flagged.,0.279929754039978,0.2556101589191165,0.1465862087607663,0.4429897889931327,3.1554833165807383,99.85380344819352,46.42836441727847,46.46757420602377,47.78152971489248,3.1553633174345124,99.85000613096535,48.78754989447311,48.971702690577615,50.21678909352897,3.1553633174345124,99.85000613096535,38.22951001953789,38.40803001170736,39.345837010729575,3.1553633174345124,99.85000613096535,0,0,0,-8.198854397740583,0.0494157743090475
60,RANI BAGH,15,SHAKUR BASTI,5.039281789970176,66602.0,5662.93449596095,13216.565926628637,0.0850264931377578,47.77784230621964,50.34294016375774,38.75533536383983,49.52985026000001,52.40450508549566,40.278946309051406,2.565097857538099,-11.587604799917903,-9.022506942379806,0.271142347838506,0.3009148604876632,0.3338120519045495,0.4032613000565599,0.4503007280764828,0.5094889991096424,0.0626697040660435,9.04,0,0,0,7.67,0,0,66602,5562,1.0,3,1,2,0,DIRECT_PLUS_CANDIDATE_SPLITS,2011 Census PCA linked to official 2022 Delhi ward delimitation. Direct PCA units receive full-value transfer. Split PCA units with passing population-share QA receive candidate population-proportional allocation. Unresolved/manual units are explicitly flagged.,0.3338120519045495,0.3381118664131958,0.1424234253346504,0.5094889991096424,5.031946325831508,99.85443433321652,47.77784230621964,47.78035269922013,49.52985026000001,5.031976193159759,99.85502702339532,50.34294016375774,50.344584628529226,52.40450508549566,5.031976193159759,99.85502702339532,38.75533536383983,38.782031387498215,40.278946309051406,5.031976193159759,99.85502702339532,0,0,0,-9.022506942379806,0.0626697040660435
61,KOHAT ENCLAVE,16,TRI NAGAR,2.677323709444533,66252.0,9934.452964339567,24745.606878349936,0.1499494802321374,46.64657619268634,48.97976065779498,38.5989251723204,47.828652780337045,50.84161492644856,39.64097871263159,2.333184465108637,-10.380835485474575,-8.04765102036594,0.1965649736407153,0.2319664512765013,0.2283839494931115,0.3312653892275208,0.4078568901973054,0.411497964841615,0.03181897585239621,7.09,0,0,0,6.18,0,0,66252,6349,1.0,3,0,3,0,DIRECT_PLUS_CANDIDATE_SPLITS,2011 Census PCA linked to official 2022 Delhi ward delimitation. Direct PCA units receive full-value transfer. Split PCA units with passing population-share QA receive candidate population-proportional allocation. Unresolved/manual units are explicitly flagged.,0.2283839494931115,0.1971148176344165,0.0994514907788651,0.411497964841615,2.673323627491191,99.85059401150367,46.64657619268634,46.66782657328425,47.828652780337045,2.6732403004030734,99.84748168377791,48.97976065779498,48.84370438445077,50.84161492644856,2.6732403004030734,99.84748168377791,38.5989251723204,38.611035603112725,39.64097871263159,2.6732403004030734,99.84748168377791,0,0,0,-8.04765102036594,0.0318189758523962
62,SHAKUR PUR,16,TRI NAGAR,2.523435076585947,71833.0,20560.47128548408,28466.35551138714,0.2862259864614325,48.08792778409122,51.01242953045867,39.922157318623086,49.82752815198728,53.35932655818997,41.76252296439194,2.924501746367447,-11.090272211835584,-8.165770465468135,0.1898633908737655,0.2179501532511951,0.2310172180194612,0.3019439453536743,0.3545975557102565,0.3925373556393823,0.04115382714569571,6.77,0,0,0,4.76,0,0,71833,25266,1.0,3,0,3,0,DIRECT_PLUS_CANDIDATE_SPLITS,2011 Census PCA linked to official 2022 Delhi ward delimitation. Direct PCA units receive full-value transfer. Split PCA units with passing population-share QA receive candidate population-proportional allocation. Unresolved/manual units are explicitly flagged.,0.2310172180194612,0.2008120675528334,0.1189363507547008,0.3925373556393823,2.51951422125268,99.84462230197056,48.08792778409122,48.20095686655108,49.82752815198728,2.51969310679022,99.85171127125687,51.01242953045867,51.046501690000014,53.35932655818997,2.51969310679022,99.85171127125687,39.922157318623086,39.92058603649313,41.76252296439194,2.51969310679022,99.85171127125687,0,0,0,-8.165770465468135,0.0411538271456957
63,TRI NAGAR,16,TRI NAGAR,1.4305476819455678,69013.0,3001.789172861613,48242.36260768408,0.0434959960132382,47.45647568044587,50.24442416905418,39.63634742626008,49.1074884375532,52.25230319000002,40.63626471292889,2.787948488608308,-10.608076742794095,-7.820128254185789,0.1480602456297711,0.1680531513596196,0.1687829554900215,0.2628040023617027,0.3149720873720272,0.3429985036402504,0.020722709860250405,6.5,0,0,0,3.43,0,0,69013,1914,1.0,2,1,1,0,DIRECT_PLUS_CANDIDATE_SPLITS,2011 Census PCA linked to official 2022 Delhi ward delimitation. Direct PCA units receive full-value transfer. Split PCA units with passing population-share QA receive candidate population-proportional allocation. Unresolved/manual units are explicitly flagged.,0.1687829554900215,0.1142183586801417,0.0910746462444379,0.3429985036402504,1.4285833223730953,99.8626847886817,47.45647568044587,47.36008403198123,49.1074884375532,1.4283321005059932,99.8451235518021,50.24442416905418,50.20408328543953,52.25230319000002,1.4283321005059932,99.8451235518021,39.63634742626008,39.73197775377661,40.63626471292889,1.4283321005059932,99.8451235518021,0,0,0,-7.820128254185789,0.0207227098602504
64,KESHAV PURAM,17,WAZIRPUR,2.809670355108801,65433.0,10538.37843447834,23288.49712957383,0.1610560181327212,47.425935389861486,49.82412777782998,39.147073971471066,50.64788460200002,54.09009212000002,42.10232659193366,2.3981923879684928,-10.677053806358913,-8.27886141839042,0.2124946826885398,0.2513531135652805,0.2653517135050817,0.3431845324650311,0.4080860902949008,0.4432908185333799,0.05285703081654189,5.01,0,0,0,3.65,0,0,65433,7237,1.0,3,0,3,0,DIRECT_PLUS_CANDIDATE_SPLITS,2011 Census PCA linked to official 2022 Delhi ward delimitation. Direct PCA units receive full-value transfer. Split PCA units with passing population-share QA receive candidate population-proportional allocation. Unresolved/manual units are explicitly flagged.,0.2653517135050817,0.2403824611996154,0.126968200528071,0.4432908185333799,2.805465657096593,99.85034906302931,47.425935389861486,46.71576071374135,50.64788460200002,2.8054329322347016,99.8491843405617,49.82412777782998,48.84232442317077,54.09009212000002,2.8054329322347016,99.8491843405617,39.147073971471066,38.533046848515255,42.10232659193366,2.8054329322347016,99.8491843405617,0,0,0,-8.27886141839042,0.0528570308165418
65,ASHOK VIHAR,17,WAZIRPUR,1.9415725805078088,39379.0,5832.908142836396,20282.01283605922,0.14812230231434,47.87472099598341,50.257436694989146,39.83775536243691,50.59534790412678,53.837504910000014,42.63911426336891,2.382715699005736,-10.419681332552235,-8.036965633546501,0.191251756934555,0.2181436827105024,0.226969689158736,0.3074029571212448,0.3700280651523707,0.4151323713372641,0.03571793222418099,3.95,0,0,0,2.98,0,0,55773,12206,0.7060584870815627,3,0,2,1,CONTAINS_MANUAL_REVIEW_UNITS,2011 Census PCA linked to official 2022 Delhi ward delimitation. Direct PCA units receive full-value transfer. Split PCA units with passing population-share QA receive candidate population-proportional allocation. Unresolved/manual units are explicitly flagged.,0.226969689158736,0.192226867004761,0.1143156665384696,0.4151323713372641,1.9385577140143908,99.84472038162848,47.87472099598341,47.15571489566928,50.59534790412678,1.938541209049958,99.84387029934987,50.257436694989146,49.40051877264232,53.837504910000014,1.938541209049958,99.84387029934987,39.83775536243691,39.20584105735103,42.63911426336891,1.938541209049958,99.84387029934987,0,0,0,-8.036965633546501,0.0357179322241809
66,WAZIR PUR,17,WAZIRPUR,2.8013497975176027,56441.0,18644.0,20147.787345234363,0.3303272443790861,46.16480965622802,48.036591061651485,38.080667796438576,47.4680643823252,49.42147892000004,39.324375879894745,1.8717814054234625,-9.95592326521291,-8.084141859789447,0.2641489372911237,0.3209453512904452,0.3312728599730516,0.383583174408218,0.4708312340205491,0.4981407272538277,0.0671239226819279,4.87,0,0,0,1.74,0,0,82941,25662,0.6804957741044839,2,1,0,1,CONTAINS_MANUAL_REVIEW_UNITS,2011 Census PCA linked to official 2022 Delhi ward delimitation. Direct PCA units receive full-value transfer. Split PCA units with passing population-share QA receive candidate population-proportional allocation. Unresolved/manual units are explicitly flagged.,0.3312728599730516,0.3302843125351112,0.1661566737443863,0.4981407272538277,2.797179525164676,99.851133465852,46.16480965622802,46.15778531515186,47.4680643823252,2.797179785036812,99.85114274252768,48.036591061651485,48.107908966052655,49.42147892000004,2.797179785036812,99.85114274252768,38.080667796438576,38.14020386146552,39.324375879894745,2.797179785036812,99.85114274252768,0,0,0,-8.084141859789447,0.0671239226819279
67,SANGAM PARK,18,MODEL TOWN,0.9714170888643736,54854.0,17142.79205595094,56468.020409365636,0.3125167181235816,47.71903305038324,50.46447977597223,40.3885978500087,49.27615653323691,52.45362456800001,41.85677514000002,2.745446725588991,-10.075881925963529,-7.330435200374538,0.199315827953983,0.2362493330618509,0.2260367228998369,0.2973131371026259,0.3661545052400007,0.3616049648695213,0.02672089494585389,3.47,0,0,0,2.44,0,0,54854,23074,1.0,2,0,2,0,DIRECT_PLUS_CANDIDATE_SPLITS,2011 Census PCA linked to official 2022 Delhi ward delimitation. Direct PCA units receive full-value transfer. Split PCA units with passing population-share QA receive candidate population-proportional allocation. Unresolved/manual units are explicitly flagged.,0.2260367228998369,0.2000943002059635,0.1318844906235795,0.3616049648695213,0.9698385488721666,99.8375013153153,47.71903305038324,47.71413659989078,49.27615653323691,0.9697865597967404,99.83214943546656,50.46447977597223,50.46455018122903,52.45362456800001,0.9697865597967404,99.83214943546656,40.3885978500087,40.35933826629567,41.85677514000002,0.9697865597967404,99.83214943546656,0,0,0,-7.330435200374538,0.0267208949458538
68,MODEL TOWN,18,MODEL TOWN,3.5562701644486268,65907.0,10591.71573728795,18532.61899471532,0.1607069922358468,46.1966711436436,49.0313714327881,39.141981352067965,47.46415934355451,50.659332008864325,40.28119396903468,2.8347002891445,-9.889390080720132,-7.054689791575633,0.2134384779863629,0.2490822823206112,0.2526908262061649,0.3407905581676287,0.4086996113292562,0.4272289642231048,0.039252348219802,3.0,0,0,0,2.8,0,0,65907,7141,1.0,3,1,2,0,DIRECT_PLUS_CANDIDATE_SPLITS,2011 Census PCA linked to official 2022 Delhi ward delimitation. Direct PCA units receive full-value transfer. Split PCA units with passing population-share QA receive candidate population-proportional allocation. Unresolved/manual units are explicitly flagged.,0.2526908262061649,0.2207184442774157,0.1268972039119355,0.4272289642231048,3.551022569923309,99.85244106092452,46.1966711436436,46.28254778173699,47.46415934355451,3.550987922310145,99.8514667926164,49.0313714327881,49.09580589242273,50.659332008864325,3.550987922310145,99.8514667926164,39.141981352067965,39.22228560215108,40.28119396903468,3.550987922310145,99.8514667926164,0,0,0,-7.054689791575633,0.039252348219802
69,KAMLA NAGAR,18,MODEL TOWN,3.091610950888363,61009.0,9244.507941056738,19733.724899140136,0.15152695407328,45.74908052747552,48.26061564583896,38.63705587024505,47.15563496911668,49.91038305507044,39.95163124380452,2.51153511836344,-9.623559775593913,-7.112024657230471,0.2413165440852603,0.2859095142768179,0.2809649712730943,0.3878304817593939,0.4617650956876508,0.4665738417931488,0.039648427187833984,5.35,0,0,0,0.78,0,0,61009,6774,1.0,3,1,2,0,DIRECT_PLUS_CANDIDATE_SPLITS,2011 Census PCA linked to official 2022 Delhi ward delimitation. Direct PCA units receive full-value transfer. Split PCA units with passing population-share QA receive candidate population-proportional allocation. Unresolved/manual units are explicitly flagged.,0.2809649712730943,0.2679042616376109,0.1227773268264019,0.4665738417931488,3.0868351531733524,99.84552397468904,45.74908052747552,45.96857498484706,47.15563496911668,3.0868377635385547,99.8456084085083,48.26061564583896,48.41139159606045,49.91038305507044,3.0868377635385547,99.8456084085083,38.63705587024505,38.79557837634523,39.95163124380452,3.0868377635385547,99.8456084085083,0,0,0,-7.112024657230471,0.0396484271878339
70,SHASTRI NAGAR,19,SADAR BAZAR,2.0811699460752435,78483.0,10913.71441835787,37711.000078588724,0.1390583236924923,46.24959442029756,48.77745688665012,38.66769707287119,48.22331150186558,50.97310920500002,40.29359018698296,2.527862466352559,-10.109759813778927,-7.58189734742637,0.2138998928937723,0.2491416284993656,0.2467065914682752,0.3835799476997471,0.4552324615562848,0.4546965636228944,0.03280669857450291,6.08,0,0,0,1.3,0,0,78483,7232,1.0,2,1,1,0,DIRECT_PLUS_CANDIDATE_SPLITS,2011 Census PCA linked to official 2022 Delhi ward delimitation. Direct PCA units receive full-value transfer. Split PCA units with passing population-share QA receive candidate population-proportional allocation. Unresolved/manual units are explicitly flagged.,0.2467065914682752,0.2051825813304027,0.0996775575500832,0.4546965636228944,2.0780957393738984,99.85228468693089,46.24959442029756,46.53386061857583,48.22331150186558,2.0778793351110125,99.84188648454987,48.77745688665012,49.15597686182671,50.97310920500002,2.0778793351110125,99.84188648454987,38.66769707287119,38.79900329212932,40.29359018698296,2.0778793351110125,99.84188648454987,0,0,0,-7.58189734742637,0.0328066985745029
71,KISHAN GANJ,19,SADAR BAZAR,2.948080690466286,74022.0,17995.34305940374,25108.53934201246,0.2431080362514353,48.48072148953741,51.46803032676596,40.506760248846895,51.34237158551951,54.53075652351357,42.48241165923219,2.9873088372285537,-10.961270077919067,-7.973961240690514,0.187415048731315,0.2166741291676225,0.2182032081298831,0.2938602676788633,0.3549171872623655,0.3651296768131131,0.030788159398568105,6.0,0,0,0,1.38,0,0,74022,21251,1.0,2,0,2,0,DIRECT_PLUS_CANDIDATE_SPLITS,2011 Census PCA linked to official 2022 Delhi ward delimitation. Direct PCA units receive full-value transfer. Split PCA units with passing population-share QA receive candidate population-proportional allocation. Unresolved/manual units are explicitly flagged.,0.2182032081298831,0.1974939974625794,0.1074661506458403,0.3651296768131131,2.943401992488845,99.84129681414176,48.48072148953741,48.47108120798281,51.34237158551951,2.943655305715048,99.84988929354786,51.46803032676596,51.46958040021958,54.53075652351357,2.943655305715048,99.84988929354786,40.506760248846895,40.45359381480068,42.48241165923219,2.943655305715048,99.84988929354786,0,0,0,-7.973961240690514,0.0307881593985681
72,SADAR BAZAR,19,SADAR BAZAR,1.28512823165087,66050.0,11176.37982680407,51395.649378235554,0.1692108982105082,47.44761903665686,50.82464248949062,40.59238479189535,48.70325909000002,52.26153735693551,41.98667353696018,3.377023452833761,-10.232257697595273,-6.855234244761512,0.1611908583347044,0.1857790219722054,0.1811705244632483,0.2726929016099774,0.3211779323744663,0.3214060778774124,0.019979666128543905,4.04,0,0,0,2.16,0,0,66050,11501,1.0,2,0,2,0,DIRECT_PLUS_CANDIDATE_SPLITS,2011 Census PCA linked to official 2022 Delhi ward delimitation. Direct PCA units receive full-value transfer. Split PCA units with passing population-share QA receive candidate population-proportional allocation. Unresolved/manual units are explicitly flagged.,0.1811705244632483,0.1398414505718633,0.1005076038135619,0.3214060778774124,1.283178027235323,99.84824826289577,47.44761903665686,47.63837799981798,48.70325909000002,1.283232889004098,99.85251723523828,50.82464248949062,50.98095610550929,52.26153735693551,1.283232889004098,99.85251723523828,40.59238479189535,40.577708424961706,41.98667353696018,1.283232889004098,99.85251723523828,0,0,0,-6.855234244761512,0.0199796661285439
73,CIVIL LINES,20,CHANDNI CHOWK,6.250177870327971,55142.0,15927.45405879924,8822.468919129575,0.2888443302527881,44.22187055380202,46.73944363398063,37.73052977042059,46.53041936819662,49.43633512043317,39.84303376307627,2.517573080178608,-9.00891386356004,-6.491340783381432,0.3017297707624509,0.3494243141647439,0.3557616575321443,0.4325328117313754,0.505597787256574,0.5448895267976862,0.054031886769693394,4.97,0,0,0,2.62,0,0,55142,15510,1.0,3,0,3,0,DIRECT_PLUS_CANDIDATE_SPLITS,2011 Census PCA linked to official 2022 Delhi ward delimitation. Direct PCA units receive full-value transfer. Split PCA units with passing population-share QA receive candidate population-proportional allocation. Unresolved/manual units are explicitly flagged.,0.3557616575321443,0.3574217054798004,0.1654828808345991,0.5448895267976862,6.241051237494254,99.85397803033663,44.22187055380202,44.5339531459268,46.53041936819662,6.241010027313112,99.8533186862028,46.73944363398063,47.18793041875045,49.43633512043317,6.241010027313112,99.8533186862028,37.73052977042059,38.03337336592174,39.84303376307627,6.241010027313112,99.8533186862028,0,0,0,-6.491340783381432,0.0540318867696933
74,CHANDNI CHOWK,20,CHANDNI CHOWK,5.341794617608786,51672.0,9244.012225785067,9673.153630741906,0.178897898780482,46.45330024185827,49.06350634348777,39.97598817877699,48.466520431438525,52.06466089295131,42.1576457820772,2.610206101629494,-9.08751816471078,-6.4773120630812855,0.2440979213394176,0.2920687912824533,0.2915453903768378,0.3857418886707641,0.4668099856072943,0.4745591057256894,0.0474474690374202,2.93,0,0,0,0.86,0,0,51672,10139,1.0,4,1,3,0,DIRECT_PLUS_CANDIDATE_SPLITS,2011 Census PCA linked to official 2022 Delhi ward delimitation. Direct PCA units receive full-value transfer. Split PCA units with passing population-share QA receive candidate population-proportional allocation. Unresolved/manual units are explicitly flagged.,0.2915453903768378,0.2870756967407337,0.111331623411536,0.4745591057256894,5.3340471154591205,99.85496443228786,46.45330024185827,46.97113178504576,48.466520431438525,5.33382220092462,99.85075396463418,49.06350634348777,49.6878724557936,52.06466089295131,5.33382220092462,99.85075396463418,39.97598817877699,40.40481050235856,42.1576457820772,5.33382220092462,99.85075396463418,0,0,0,-6.4773120630812855,0.0474474690374202
75,JAMA MASJID,20,CHANDNI CHOWK,0.6095426938587125,46051.0,2584.960596210259,75550.08117392722,0.0561325616427495,47.65197458021482,51.16524690847413,40.86620948496695,48.76779765329116,52.45328276600003,42.26575898358699,3.513272328259312,-10.29903742350718,-6.785765095247868,0.1512805860714207,0.1789251154872565,0.1786905088510742,0.2251197851884776,0.2900081134826468,0.313725998077537,0.02740992277965351,1.91,0,0,0,1.1,0,0,46051,2258,1.0,1,0,1,0,DIRECT_PLUS_CANDIDATE_SPLITS,2011 Census PCA linked to official 2022 Delhi ward delimitation. Direct PCA units receive full-value transfer. Split PCA units with passing population-share QA receive candidate population-proportional allocation. Unresolved/manual units are explicitly flagged.,0.1786905088510742,0.1426486267893419,0.104007604575757,0.313725998077537,0.6085065423361387,99.8300116574256,47.65197458021482,47.45026838349972,48.76779765329116,0.6086418497479604,99.85220984193096,51.16524690847413,50.98754055337432,52.45328276600003,0.6086418497479604,99.85220984193096,40.86620948496695,40.60459451936308,42.26575898358699,0.6086418497479604,99.85220984193096,0,0,0,-6.785765095247868,0.0274099227796535
76,CHANDANI MAHAL,21,MATIA MAHAL,0.6170199762555576,57067.0,2772.428064205964,92488.09146555729,0.0485819837069753,46.84862306950719,49.84010620447216,40.15813302347494,47.72935341300166,50.80003795650571,41.04549320972974,2.991483134964966,-9.681973180997218,-6.690490046032252,0.1660016297815372,0.1858028117120247,0.1777542332086774,0.2780476733112331,0.3230058170268826,0.3176126123732526,0.011752603427140185,1.08,0,0,0,1.43,0,0,57067,1745,1.0,3,0,3,0,DIRECT_PLUS_CANDIDATE_SPLITS,2011 Census PCA linked to official 2022 Delhi ward delimitation. Direct PCA units receive full-value transfer. Split PCA units with passing population-share QA receive candidate population-proportional allocation. Unresolved/manual units are explicitly flagged.,0.1777542332086774,0.1376344368234339,0.1006665221377878,0.3176126123732526,0.6159477828584556,99.8262303590868,46.84862306950719,47.01524687677821,47.72935341300166,0.6158480438450236,99.81006572629204,49.84010620447216,50.20163048235111,50.80003795650571,0.6158480438450236,99.81006572629204,40.15813302347494,40.26522884415043,41.04549320972974,0.6158480438450236,99.81006572629204,0,0,0,-6.690490046032252,0.0117526034271401
77,DELHI GATE,21,MATIA MAHAL,2.410918001390098,55397.0,11160.98036056562,22977.55459458138,0.2014726494316592,46.161650519447896,48.46891442170658,39.56554236658163,47.73395135838471,51.14125107336535,41.26429974345948,2.3072639022586827,-8.903372055124947,-6.596108152866265,0.2504624232554278,0.2905541399329528,0.2828658630259666,0.3564169612858562,0.4287305129075666,0.4234356839387111,0.03240343977053883,0.58,0,0,0,0.99,0,0,55397,16210,1.0,2,0,2,0,DIRECT_PLUS_CANDIDATE_SPLITS,2011 Census PCA linked to official 2022 Delhi ward delimitation. Direct PCA units receive full-value transfer. Split PCA units with passing population-share QA receive candidate population-proportional allocation. Unresolved/manual units are explicitly flagged.,0.2828658630259666,0.2827840170708202,0.1307997836862167,0.4234356839387111,2.4072383009234244,99.8473734708293,46.161650519447896,46.01368303300104,47.73395135838471,2.4072584137118467,99.84820770859312,48.46891442170658,48.0784312093724,51.14125107336535,2.4072584137118467,99.84820770859312,39.56554236658163,39.32939944129059,41.26429974345948,2.4072584137118467,99.84820770859312,0,0,0,-6.596108152866265,0.0324034397705388
78,BAZAR SITA RAM,21,MATIA MAHAL,0.4441429488309404,57774.0,7469.441735587618,130079.74156084425,0.1292872526670755,47.52777702672816,50.96723827347655,40.93694373752589,48.309617119999984,51.83772997202728,41.66848662192773,3.439461246748394,-10.030294535950668,-6.590833289202273,0.1105830414859094,0.1204986757825237,0.1093303633606586,0.1280710925433559,0.1473924816303954,0.135461700716452,-0.001252678125250803,1.54,0,0,0,0.94,0,0,57774,3449,1.0,3,0,3,0,DIRECT_PLUS_CANDIDATE_SPLITS,2011 Census PCA linked to official 2022 Delhi ward delimitation. Direct PCA units receive full-value transfer. Split PCA units with passing population-share QA receive candidate population-proportional allocation. Unresolved/manual units are explicitly flagged.,0.1093303633606586,0.1021310831550491,0.0894403713384126,0.135461700716452,0.4435705120938166,99.8711143025842,47.52777702672816,47.49142858250002,48.309617119999984,0.4434259941047219,99.83857568197227,50.96723827347655,50.94658617089847,51.83772997202728,0.4434259941047219,99.83857568197227,40.93694373752589,40.88427724125002,41.66848662192773,0.4434259941047219,99.83857568197227,0,0,0,-6.590833289202273,-0.0012526781252508
79,BALLIMARAN,22,BALLIMARAN,1.034188451074721,23209.0,6019.069945704249,22441.75128418943,0.2593420632385819,47.661858354544805,50.903189489668975,41.1451194689777,48.50548751108436,51.91959487561856,41.72509437269129,3.2413311351241703,-9.758070020691278,-6.516738885567108,0.1347945260769037,0.1563489024440351,0.1432734064288696,0.2238903016102187,0.2804741878363285,0.2705544590624104,0.008478880351965895,1.98,0,0,0,1.01,0,0,58870,2747,0.3942415491761509,2,0,1,1,CONTAINS_MANUAL_REVIEW_UNITS,2011 Census PCA linked to official 2022 Delhi ward delimitation. Direct PCA units receive full-value transfer. Split PCA units with passing population-share QA receive candidate population-proportional allocation. Unresolved/manual units are explicitly flagged.,0.1432734064288696,0.1080888090379106,0.0886561468568979,0.2705544590624104,1.0325055953314086,99.83727765074502,47.661858354544805,47.616500572603336,48.50548751108436,1.0324597663119446,99.83284625147574,50.903189489668975,50.830140071573695,51.91959487561856,1.0324597663119446,99.83284625147574,41.1451194689777,41.10151120399586,41.72509437269129,1.0324597663119446,99.83284625147574,0,0,0,-6.516738885567108,0.0084788803519658
80,RAM NAGAR,22,BALLIMARAN,0.817313392935646,69121.0,24881.33273074738,84570.98659760061,0.3599677772420448,47.09118958155902,50.67684372232417,40.56644850368688,47.86870934993445,51.63995938679633,41.194562661304346,3.5856541407651505,-10.110395218637294,-6.524741077872143,0.1525963377067975,0.1730661579205728,0.1676637507822342,0.231597051669844,0.2782259865244855,0.2781769250254887,0.015067413075436686,2.37,0,0,0,2.06,0,0,69121,30402,1.0,2,1,1,0,DIRECT_PLUS_CANDIDATE_SPLITS,2011 Census PCA linked to official 2022 Delhi ward delimitation. Direct PCA units receive full-value transfer. Split PCA units with passing population-share QA receive candidate population-proportional allocation. Unresolved/manual units are explicitly flagged.,0.1676637507822342,0.1395228549701386,0.1042375293629777,0.2781769250254887,0.8160793282954201,99.8490096148072,47.09118958155902,46.985929328194445,47.86870934993445,0.8160105730942674,99.84059727240012,50.67684372232417,50.578103379887374,51.63995938679633,0.8160105730942674,99.84059727240012,40.56644850368688,40.52186107625346,41.194562661304346,0.8160105730942674,99.84059727240012,0,0,0,-6.524741077872143,0.0150674130754366
81,QURAISH NAGAR,22,BALLIMARAN,0.7420914247783003,58077.0,13458.59732354837,78261.24660765418,0.2317371304225145,47.20697141893816,50.62501889686694,40.525496957086204,48.667654715000026,52.38868973567824,41.83085682070177,3.4180474779287806,-10.099521939780736,-6.6814744618519555,0.1399122512101954,0.1607282561991296,0.1535264495969689,0.2160165098466858,0.2569218530363791,0.2551982287070657,0.013614198386773496,3.06,0,0,0,2.19,0,0,60053,13059,0.9670957321033088,3,0,2,1,CONTAINS_MANUAL_REVIEW_UNITS,2011 Census PCA linked to official 2022 Delhi ward delimitation. Direct PCA units receive full-value transfer. Split PCA units with passing population-share QA receive candidate population-proportional allocation. Unresolved/manual units are explicitly flagged.,0.1535264495969689,0.1240772342675748,0.0988211417465189,0.2551982287070657,0.7408917152176208,99.83833399489316,47.20697141893816,47.07996959208303,48.667654715000026,0.7410389866964907,99.85817945785804,50.62501889686694,50.58081668449199,52.38868973567824,0.7410389866964907,99.85817945785804,40.525496957086204,40.387278491026464,41.83085682070177,0.7410389866964907,99.85817945785804,0,0,0,-6.681474461851956,0.0136141983867734
82,PAHAR GANJ,23,KAROL BAGH,1.9292176218616348,67390.0,16955.90899720218,34931.25878405089,0.2516086807716602,46.27114257563681,49.52251163223966,39.72951484879856,47.453253910714295,50.95140477800002,40.7038820955224,3.2513690566028544,-9.792996783441104,-6.54162772683825,0.2090601282654123,0.2396928361555668,0.2316173148681802,0.324961564766397,0.384450482139211,0.3770541782901572,0.022557186602767926,2.4,0,0,0,1.51,0,0,67390,14936,1.0,2,1,1,0,DIRECT_PLUS_CANDIDATE_SPLITS,2011 Census PCA linked to official 2022 Delhi ward delimitation. Direct PCA units receive full-value transfer. Split PCA units with passing population-share QA receive candidate population-proportional allocation. Unresolved/manual units are explicitly flagged.,0.2316173148681802,0.2169101188246723,0.1152841566008481,0.3770541782901572,1.9262424873877435,99.8457854396426,46.27114257563681,46.2653196581188,47.453253910714295,1.9261765475138355,99.84236748030196,49.52251163223966,49.54693783710364,50.95140477800002,1.9261765475138355,99.84236748030196,39.72951484879856,39.73402760289341,40.7038820955224,1.9261765475138355,99.84236748030196,0,0,0,-6.54162772683825,0.0225571866027679
83,KAROL BAGH,23,KAROL BAGH,2.6109153749257485,66938.0,22357.43895207191,25637.751664740816,0.3340021953460204,46.91614103074808,49.73671322227624,39.58504224578151,48.23498475693622,51.15156795702296,40.734395508262025,2.820572191528157,-10.151670976494728,-7.331098784966571,0.2056912058769365,0.2332109740872953,0.235274331362265,0.3234134916626657,0.3927925357486461,0.4036272663967267,0.029583125485328488,4.34,0,0,0,2.16,0,0,66938,20985,1.0,2,0,2,0,DIRECT_PLUS_CANDIDATE_SPLITS,2011 Census PCA linked to official 2022 Delhi ward delimitation. Direct PCA units receive full-value transfer. Split PCA units with passing population-share QA receive candidate population-proportional allocation. Unresolved/manual units are explicitly flagged.,0.235274331362265,0.2051655116187923,0.1192959819603846,0.4036272663967267,2.606922493085557,99.84706965692808,46.91614103074808,46.92409728654608,48.23498475693622,2.606771640102729,99.84129187553091,49.73671322227624,49.84169733015284,51.15156795702296,2.606771640102729,99.84129187553091,39.58504224578151,39.67410076341852,40.734395508262025,2.606771640102729,99.84129187553091,0,0,0,-7.331098784966571,0.0295831254853284
84,DEV NAGAR,23,KAROL BAGH,0.9600585411861052,64451.0,41363.65205072591,67132.3645747414,0.6417844882271169,46.487714409216366,49.60827700373412,38.87127005449181,48.08305122285716,51.70741383500001,39.64274980787882,3.1205625945177573,-10.737006949242314,-7.616444354724557,0.1869327945904969,0.2114721232494298,0.2295770741763167,0.3017626583248601,0.3448554150645489,0.4013539306662048,0.042644279585819816,5.43,0,0,0,2.64,0,0,64451,44756,1.0,2,1,1,0,DIRECT_PLUS_CANDIDATE_SPLITS,2011 Census PCA linked to official 2022 Delhi ward delimitation. Direct PCA units receive full-value transfer. Split PCA units with passing population-share QA receive candidate population-proportional allocation. Unresolved/manual units are explicitly flagged.,0.2295770741763167,0.18588550830886,0.1143119799616173,0.4013539306662048,0.9585074535266348,99.83843822090743,46.487714409216366,46.234829888784894,48.08305122285716,0.9585581038880596,99.8437139785047,49.60827700373412,49.20279343930235,51.70741383500001,0.9585581038880596,99.8437139785047,38.87127005449181,39.0155291418185,39.64274980787882,0.9585581038880596,99.8437139785047,0,0,0,-7.616444354724557,0.0426442795858198
85,WEST PATEL NAGAR,24,PATEL NAGAR,1.2444562040856448,69686.0,16616.22166101619,55997.14941451176,0.2384441876562895,48.55381399092538,51.35865116042517,39.3829943537322,50.19294614000002,52.88349755000002,40.66737466806076,2.804837169499791,-11.975656806692967,-9.170819637193176,0.1897997770052051,0.2134061432298131,0.2652362606283736,0.3095797168048164,0.3542380360166557,0.4983351131282425,0.07543648362316849,6.65,0,0,0,2.69,0,0,69686,25390,1.0,3,0,3,0,DIRECT_PLUS_CANDIDATE_SPLITS,2011 Census PCA linked to official 2022 Delhi ward delimitation. Direct PCA units receive full-value transfer. Split PCA units with passing population-share QA receive candidate population-proportional allocation. Unresolved/manual units are explicitly flagged.,0.2652362606283736,0.1928990465522483,0.1036469046588129,0.4983351131282425,1.242598684158147,99.85073641632388,48.55381399092538,48.3898413382165,50.19294614000002,1.2423776307401768,99.83297336309272,51.35865116042517,51.26747250210477,52.88349755000002,1.2423776307401768,99.83297336309272,39.3829943537322,39.38941729638449,40.66737466806076,1.2423776307401768,99.83297336309272,0,0,0,-9.170819637193176,0.0754364836231684
86,EAST PATEL NAGAR,24,PATEL NAGAR,1.798728443617714,44420.0,10721.19517729271,24695.222982441832,0.2413596392906958,46.63660768666328,49.475709345382725,38.77979802544903,47.656429472726366,50.59184365619026,39.80301568037662,2.839101658719443,-10.695911319933693,-7.85680966121425,0.2068452953929054,0.2365858324481584,0.2382385071604129,0.3210513166849444,0.3779197386746002,0.4116929347143885,0.031393211767507506,6.44,0,0,0,3.57,0,0,44420,7685,1.0,4,0,4,0,DIRECT_PLUS_CANDIDATE_SPLITS,2011 Census PCA linked to official 2022 Delhi ward delimitation. Direct PCA units receive full-value transfer. Split PCA units with passing population-share QA receive candidate population-proportional allocation. Unresolved/manual units are explicitly flagged.,0.2382385071604129,0.2047932597177583,0.1228879572540116,0.4116929347143885,1.795923965989775,99.84408554621515,46.63660768666328,46.78244514125384,47.656429472726366,1.7958725442985983,99.84122676609418,49.475709345382725,49.65587264879689,50.59184365619026,1.7958725442985983,99.84122676609418,38.77979802544903,38.95327486313452,39.80301568037662,1.7958725442985983,99.84122676609418,0,0,0,-7.85680966121425,0.0313932117675075
87,RANJEET NAGAR,24,PATEL NAGAR,0.9730435544441944,54256.0,9104.633204497011,55759.06623315664,0.1678087806785795,46.92721479789138,49.78469205598188,39.316599683577984,47.766952272607554,50.54773371937289,39.977908535000026,2.8574772580904977,-10.468092372403897,-7.610615114313397,0.1787343616184515,0.1992478208219857,0.1904486076365097,0.264266381138321,0.3057625760293754,0.2921378946768427,0.011714246018058205,7.16,0,0,0,4.33,0,0,54256,8884,1.0,2,0,2,0,DIRECT_PLUS_CANDIDATE_SPLITS,2011 Census PCA linked to official 2022 Delhi ward delimitation. Direct PCA units receive full-value transfer. Split PCA units with passing population-share QA receive candidate population-proportional allocation. Unresolved/manual units are explicitly flagged.,0.1904486076365097,0.176342154231357,0.1122431282210391,0.2921378946768427,0.971480372816138,99.83935131979273,46.92721479789138,46.95070832513328,47.766952272607554,0.9714841370670094,99.83973817306916,49.78469205598188,49.735021344181,50.54773371937289,0.9714841370670094,99.83973817306916,39.316599683577984,39.320452388000014,39.977908535000026,0.9714841370670094,99.83973817306916,0,0,0,-7.610615114313397,0.0117142460180582
88,BALJEET NAGAR,24,PATEL NAGAR,0.7953768293500167,54213.0,11816.0700375382,68160.14497719647,0.2179563949152086,47.55539139576439,50.40623050143631,39.400950997076656,49.07667442400001,52.26737162390699,40.634201951576166,2.850839105671924,-11.005279504359656,-8.154440398687733,0.1703736353610362,0.1888539178124867,0.1935854720744172,0.2882981581092304,0.3271283228785238,0.3546115003348376,0.023211836713381007,7.94,0,0,0,3.85,0,0,54213,6240,1.0,2,0,2,0,DIRECT_PLUS_CANDIDATE_SPLITS,2011 Census PCA linked to official 2022 Delhi ward delimitation. Direct PCA units receive full-value transfer. Split PCA units with passing population-share QA receive candidate population-proportional allocation. Unresolved/manual units are explicitly flagged.,0.1935854720744172,0.1569646680103788,0.1006256962368578,0.3546115003348376,0.7940365429144168,99.8314903846652,47.55539139576439,47.361234097574986,49.07667442400001,0.7941197352144135,99.8419498671302,50.40623050143631,50.2355061403935,52.26737162390699,0.7941197352144135,99.8419498671302,39.400950997076656,39.297143509211566,40.634201951576166,0.7941197352144135,99.8419498671302,0,0,0,-8.154440398687733,0.023211836713381
89,KARAM PURA,25,MOTI NAGAR,3.5903834680268583,72228.0,7086.149860477962,20117.07123854763,0.0981080724992795,48.07733163295388,50.55499464408979,39.24047817226599,50.595015875000016,53.72170344101555,41.659617353851935,2.4776630111359097,-11.3145164718238,-8.836853460687891,0.1982236294054665,0.2350379843141706,0.2473337310548898,0.3193539611349693,0.4003753330605074,0.4356529328812052,0.04911010164942328,8.01,0,0,0,4.37,0,0,72228,7693,1.0,3,1,2,0,DIRECT_PLUS_CANDIDATE_SPLITS,2011 Census PCA linked to official 2022 Delhi ward delimitation. Direct PCA units receive full-value transfer. Split PCA units with passing population-share QA receive candidate population-proportional allocation. Unresolved/manual units are explicitly flagged.,0.2473337310548898,0.2130314550567244,0.1230588200630818,0.4356529328812052,3.5850728353434254,99.85208731237972,48.07733163295388,48.09378279994356,50.595015875000016,3.585099066274366,99.85281790094147,50.55499464408979,50.282554484580864,53.72170344101555,3.585099066274366,99.85281790094147,39.24047817226599,39.0908469653162,41.659617353851935,3.585099066274366,99.85281790094147,0,0,0,-8.836853460687891,0.0491101016494232
90,MOTI NAGAR,25,MOTI NAGAR,2.239817019479162,59046.0,4018.093700028973,26361.974878523928,0.0680502269421971,47.92479160633108,50.61460614093394,39.693072236263205,49.38910542362938,52.52629514915256,41.1108460332661,2.68981453460286,-10.921533904670731,-8.231719370067871,0.173504957611471,0.1992027822348971,0.1886542644989614,0.2666250739677622,0.3171923465778308,0.3035642073858219,0.015149306887490388,8.83,0,0,0,5.81,0,0,59046,4349,1.0,2,0,2,0,DIRECT_PLUS_CANDIDATE_SPLITS,2011 Census PCA linked to official 2022 Delhi ward delimitation. Direct PCA units receive full-value transfer. Split PCA units with passing population-share QA receive candidate population-proportional allocation. Unresolved/manual units are explicitly flagged.,0.1886542644989614,0.1668367160606749,0.1063173586555209,0.3035642073858219,2.236390054364852,99.84699798758083,47.92479160633108,47.89003737559226,49.38910542362938,2.236404779705929,99.84765542258332,50.61460614093394,50.58888105339244,52.52629514915256,2.236404779705929,99.84765542258332,39.693072236263205,39.6127792939729,41.1108460332661,2.236404779705929,99.84765542258332,0,0,0,-8.231719370067871,0.0151493068874903
91,RAMESH NAGAR,25,MOTI NAGAR,2.364263802953805,72577.0,8738.756439493065,30697.50503701218,0.120406691369071,48.19174022117423,50.82070706853233,39.73559428291362,49.57509977842382,52.54262126375001,41.07895825321291,2.6289668473581003,-11.085112785618712,-8.456145938260612,0.1765541172631839,0.2049291100909293,0.2048189041270336,0.2528756226008495,0.3057587694823948,0.3291365398686222,0.0282647868638497,8.12,0,0,0,7.08,0,0,72577,7801,1.0,2,1,1,0,DIRECT_PLUS_CANDIDATE_SPLITS,2011 Census PCA linked to official 2022 Delhi ward delimitation. Direct PCA units receive full-value transfer. Split PCA units with passing population-share QA receive candidate population-proportional allocation. Unresolved/manual units are explicitly flagged.,0.2048189041270336,0.182550133447316,0.1220621923413736,0.3291365398686222,2.360744185794125,99.85113263776732,48.19174022117423,48.07873597559474,49.57509977842382,2.360702662401387,99.84937634506062,50.82070706853233,50.60997235719943,52.54262126375001,2.360702662401387,99.84937634506062,39.73559428291362,39.57740986755922,41.07895825321291,2.360702662401387,99.84937634506062,0,0,0,-8.456145938260612,0.0282647868638497
92,PUNJABI BAGH,26,MADIPUR,3.68434279792003,42957.0,8219.534481480365,11659.338545873385,0.1913433079935835,47.1270159384838,49.23673332307489,38.77662754961148,48.46808054840002,50.97259996949526,40.09643299045415,2.109717384591086,-10.460105773463404,-8.350388388872318,0.2045689993148369,0.2349610976897042,0.238187121252365,0.3210410189178629,0.3876969810561581,0.4044480304090479,0.033618121937528084,9.96,0,0,0,7.08,0,0,69946,9880,0.6141451977239585,3,0,2,1,CONTAINS_MANUAL_REVIEW_UNITS,2011 Census PCA linked to official 2022 Delhi ward delimitation. Direct PCA units receive full-value transfer. Split PCA units with passing population-share QA receive candidate population-proportional allocation. Unresolved/manual units are explicitly flagged.,0.238187121252365,0.2089399246320515,0.1189829306746212,0.4044480304090479,3.679026059372128,99.85569370605516,47.1270159384838,47.344280878004135,48.46808054840002,3.678867272658161,99.8513839356924,49.23673332307489,49.46974625138657,50.97259996949526,3.678867272658161,99.8513839356924,38.77662754961148,38.9698822777592,40.09643299045415,3.678867272658161,99.8513839356924,0,0,0,-8.350388388872318,0.033618121937528
93,MADIPUR,26,MADIPUR,1.4906148792800722,48748.0,28018.0,32703.282838249947,0.5747517846886027,47.01335466747384,49.54701370133893,38.81509198633483,48.25700264395811,51.09066035256124,39.86059923557599,2.533659033865092,-10.731921715004106,-8.198262681139013,0.2014614200429705,0.2393284841699793,0.2371533209466083,0.3016548187094665,0.3781739991891282,0.3855730733983397,0.0356919009036378,9.99,0,0,0,7.86,0,0,64010,33353,0.7615685049211061,2,1,0,1,CONTAINS_MANUAL_REVIEW_UNITS,2011 Census PCA linked to official 2022 Delhi ward delimitation. Direct PCA units receive full-value transfer. Split PCA units with passing population-share QA receive candidate population-proportional allocation. Unresolved/manual units are explicitly flagged.,0.2371533209466083,0.2207185377425919,0.1269890610823185,0.3855730733983397,1.48822928193168,99.8399588397008,47.01335466747384,47.07447130251019,48.25700264395811,1.4882927093991754,99.84421396075032,49.54701370133893,49.59640532744979,51.09066035256124,1.4882927093991754,99.84421396075032,38.81509198633483,38.79947149106672,39.86059923557599,1.4882927093991754,99.84421396075032,0,0,0,-8.198262681139013,0.0356919009036378
94,RAGHUBIR NAGAR,26,MADIPUR,1.332049002298394,78369.0,17988.46551851964,58833.421191545975,0.2295354734463836,47.4172359580463,49.45595463803493,39.107291513081165,49.27873294738062,51.91289380400001,41.08249220482475,2.0387186799886337,-10.348663124953768,-8.309944444965133,0.1777923772536732,0.2092140942188186,0.2202250702297017,0.2629704967060405,0.3185243466940239,0.3491584343431053,0.0424326929760285,10.22,0,0,0,8.54,0,0,78369,20161,1.0,2,0,2,0,DIRECT_PLUS_CANDIDATE_SPLITS,2011 Census PCA linked to official 2022 Delhi ward delimitation. Direct PCA units receive full-value transfer. Split PCA units with passing population-share QA receive candidate population-proportional allocation. Unresolved/manual units are explicitly flagged.,0.2202250702297017,0.2012252207469286,0.1192239170138705,0.3491584343431053,1.329922263311887,99.8403407845479,47.4172359580463,47.15453839598015,49.27873294738062,1.3300364591866296,99.84891373303144,49.45595463803493,49.15826447439808,51.91289380400001,1.3300364591866296,99.84891373303144,39.107291513081165,38.90396363234628,41.08249220482475,1.3300364591866296,99.84891373303144,0,0,0,-8.309944444965133,0.0424326929760285
95,VISHNU GARDEN,27,RAJOURI GARDEN,1.3803573603813242,73302.0,8566.121681069966,53103.639755831275,0.1168606815785376,48.114071772519566,50.38533194150686,39.41997927341687,49.36288399033381,51.90702342150741,40.70175493390585,2.271260168987297,-10.965352668089992,-8.694092499102695,0.1489665075826555,0.1714993637849217,0.1801620510650197,0.2625877187331454,0.3057369494796385,0.3377430192088047,0.031195543482364196,11.27,0,0,0,9.98,0,0,73302,6517,1.0,2,0,2,0,DIRECT_PLUS_CANDIDATE_SPLITS,2011 Census PCA linked to official 2022 Delhi ward delimitation. Direct PCA units receive full-value transfer. Split PCA units with passing population-share QA receive candidate population-proportional allocation. Unresolved/manual units are explicitly flagged.,0.1801620510650197,0.1230575346165388,0.0919965154833979,0.3377430192088047,1.3781045869956818,99.83679781408054,48.114071772519566,48.26597097140608,49.36288399033381,1.378508345460182,99.86604809926672,50.38533194150686,50.65521705902027,51.90702342150741,1.378508345460182,99.86604809926672,39.41997927341687,39.54552375768542,40.70175493390585,1.378508345460182,99.86604809926672,0,0,0,-8.694092499102695,0.0311955434823641
96,RAJOURI GARDEN,27,RAJOURI GARDEN,2.526940179695267,65596.0,5106.057653899073,25958.6675328066,0.0778409911259691,47.409352452285205,49.574826250643845,39.17877539526428,48.35994998835445,50.63966236500002,39.98469889240295,2.16547379835864,-10.396050855379563,-8.230577057020923,0.1893953767961407,0.217030261913115,0.2162364780397976,0.2995426875437545,0.3624037759049811,0.3624207713140285,0.02684110124365688,9.32,0,0,0,8.76,0,0,65596,6507,1.0,2,1,1,0,DIRECT_PLUS_CANDIDATE_SPLITS,2011 Census PCA linked to official 2022 Delhi ward delimitation. Direct PCA units receive full-value transfer. Split PCA units with passing population-share QA receive candidate population-proportional allocation. Unresolved/manual units are explicitly flagged.,0.2162364780397976,0.1885751921848695,0.1202044611320035,0.3624207713140285,2.5233059671197617,99.85618129765368,47.409352452285205,47.54573312962842,48.35994998835445,2.523021700891352,99.8449318731246,49.574826250643845,49.70143800803944,50.63966236500002,2.523021700891352,99.8449318731246,39.17877539526428,39.20415417987139,39.98469889240295,2.523021700891352,99.8449318731246,0,0,0,-8.230577057020923,0.0268411012436568
97,CHAUKHANDI NAGAR,27,RAJOURI GARDEN,1.4203957650066734,67284.0,10640.82066503096,47369.89623429628,0.1581478607845991,47.81095468673988,50.01767761707094,39.48424191192064,48.70444901669602,51.19934226907976,40.355884580000016,2.206722930331054,-10.533435705150296,-8.326712774819242,0.1687208532586169,0.1984110939566142,0.1910803799119049,0.2977655807781204,0.3663321505581997,0.3613070154838306,0.022359526653287998,10.9,0,0,0,10.56,0,0,67284,11289,1.0,3,0,3,0,DIRECT_PLUS_CANDIDATE_SPLITS,2011 Census PCA linked to official 2022 Delhi ward delimitation. Direct PCA units receive full-value transfer. Split PCA units with passing population-share QA receive candidate population-proportional allocation. Unresolved/manual units are explicitly flagged.,0.1910803799119049,0.1504050334509233,0.0994492109329488,0.3613070154838306,1.418133504038374,99.84073023702032,47.81095468673988,47.98522836415077,48.70444901669602,1.4178309719705016,99.81943109805316,50.01767761707094,50.23705150017947,51.19934226907976,1.4178309719705016,99.81943109805316,39.48424191192064,39.54559649664939,40.355884580000016,1.4178309719705016,99.81943109805316,0,0,0,-8.326712774819242,0.0223595266532879
98,SUBHASH NAGAR,28,HARI NAGAR,2.5055321760271165,59595.0,3659.449967523784,23785.366067218696,0.0614053186932424,48.12793567740063,50.294660338912905,39.547669416448485,49.73615069274392,52.46829316932394,41.07161796800003,2.1667246615122764,-10.74699092246442,-8.580266260952143,0.2079569801191399,0.240316247946764,0.2520679127520087,0.3193912537237994,0.3842198625331548,0.4042591654945345,0.04411093263286878,8.32,0,0,0,8.06,0,0,59595,4633,1.0,2,1,1,0,DIRECT_PLUS_CANDIDATE_SPLITS,2011 Census PCA linked to official 2022 Delhi ward delimitation. Direct PCA units receive full-value transfer. Split PCA units with passing population-share QA receive candidate population-proportional allocation. Unresolved/manual units are explicitly flagged.,0.2520679127520087,0.2323543921163927,0.1267376663052771,0.4042591654945345,2.5016451751862183,99.84486326385712,48.12793567740063,48.11412650793209,49.73615069274392,2.502091657025264,99.86268310442104,50.294660338912905,50.21633485462439,52.46829316932394,2.502091657025264,99.86268310442104,39.547669416448485,39.45499000948216,41.07161796800003,2.502091657025264,99.86268310442104,0,0,0,-8.580266260952143,0.0441109326328687
99,HARI NAGAR,28,HARI NAGAR,3.0200783340272217,74020.0,7942.686232002209,24509.29804237747,0.1073045964874657,48.30541981164806,51.051043809182566,39.88725493368945,50.32468106716816,53.53452080807694,41.8593250914286,2.7456239975345085,-11.163788875493118,-8.41816487795861,0.2036065269226361,0.2248467621883457,0.2353444182672846,0.3212020640634902,0.3719167709933715,0.4002313042348127,0.03173789134464852,7.97,0,0,0,8.14,0,0,74020,7847,1.0,2,0,2,0,DIRECT_PLUS_CANDIDATE_SPLITS,2011 Census PCA linked to official 2022 Delhi ward delimitation. Direct PCA units receive full-value transfer. Split PCA units with passing population-share QA receive candidate population-proportional allocation. Unresolved/manual units are explicitly flagged.,0.2353444182672846,0.2054315281509273,0.11907183693289,0.4002313042348127,3.015523584137083,99.84918437913282,48.30541981164806,48.079697020102536,50.32468106716816,3.0151480722706507,99.83675053388444,51.051043809182566,50.84268312748117,53.53452080807694,3.0151480722706507,99.83675053388444,39.88725493368945,39.639872686666685,41.8593250914286,3.0151480722706507,99.83675053388444,0,0,0,-8.41816487795861,0.0317378913446485
100,FATEH NAGAR,28,HARI NAGAR,3.148839126173381,57335.0,2911.863800474007,18208.29763052272,0.050786845739496,47.470417302587066,49.68160681519251,38.761780266996446,48.95161996923657,51.45448363273305,39.92326062027672,2.2111895126054435,-10.919826548196063,-8.70863703559062,0.2325942481854971,0.2672436423753425,0.2873196149436664,0.3563804415962355,0.417005593616656,0.4509248243576612,0.05472536675816933,9.88,0,0,0,9.99,0,0,56877,2018,1.008052464089175,2,1,1,0,DIRECT_PLUS_CANDIDATE_SPLITS,2011 Census PCA linked to official 2022 Delhi ward delimitation. Direct PCA units receive full-value transfer. Split PCA units with passing population-share QA receive candidate population-proportional allocation. Unresolved/manual units are explicitly flagged.,0.2873196149436664,0.2750961111452025,0.1344765759132565,0.4509248243576612,3.1438190603225973,99.84057407667936,47.470417302587066,47.36033260575048,48.95161996923657,3.1442189957864186,99.85327512134364,49.68160681519251,49.57664728777824,51.45448363273305,3.1442189957864186,99.85327512134364,38.761780266996446,38.70450729622795,39.92326062027672,3.1442189957864186,99.85327512134364,0,0,0,-8.70863703559062,0.0547253667581693
101,TILAK NAGAR,29,TILAK NAGAR,1.400507549193336,8640.0,617.4547314877642,6169.192022546729,0.071464667996269,48.09721644700824,50.37740280499865,39.7743631277471,48.804453197272736,51.21233412051686,40.55597503661259,2.2801863579904094,-10.603039677251552,-8.322853319261142,0.162344558133023,0.1850382751321322,0.1891554458688008,0.2451893878549278,0.2900728621591068,0.3016822514969322,0.026810887735777778,10.71,0,0,0,10.61,0,0,36270,1263,0.2382133995037221,3,0,2,1,CONTAINS_MANUAL_REVIEW_UNITS,2011 Census PCA linked to official 2022 Delhi ward delimitation. Direct PCA units receive full-value transfer. Split PCA units with passing population-share QA receive candidate population-proportional allocation. Unresolved/manual units are explicitly flagged.,0.1891554458688008,0.1689394735342646,0.1103624065874381,0.3016822514969322,1.398357716730095,99.84649618886527,48.09721644700824,48.180209060448654,48.804453197272736,1.3982548871244542,99.83915387887916,50.37740280499865,50.38320161514034,51.21233412051686,1.3982548871244542,99.83915387887916,39.7743631277471,39.75911313261684,40.55597503661259,1.3982548871244542,99.83915387887916,0,0,0,-8.322853319261142,0.0268108877357777
102,KHYALA,29,TILAK NAGAR,2.466342290173943,72091.0,6731.742203236016,29229.9249326482,0.0933783995677132,46.730981251681015,49.03444506023993,38.46900378157451,48.844030558592976,51.3541069778261,40.15809049444045,2.3034638085589165,-10.565441278665425,-8.261977470106508,0.2235061172929591,0.2454060474607723,0.290565563260922,0.3974020723070178,0.4161697512575436,0.51825798545432,0.06705944596796287,12.37,0,0,0,11.81,0,0,72421,10904,0.9954433106419408,3,1,1,1,CONTAINS_MANUAL_REVIEW_UNITS,2011 Census PCA linked to official 2022 Delhi ward delimitation. Direct PCA units receive full-value transfer. Split PCA units with passing population-share QA receive candidate population-proportional allocation. Unresolved/manual units are explicitly flagged.,0.290565563260922,0.2635809786712784,0.1113614803033498,0.51825798545432,2.462612478996248,99.84877155159867,46.730981251681015,47.46669847427053,48.844030558592976,2.4625161870009467,99.84486730863595,49.03444506023993,49.7181437718788,51.3541069778261,2.4625161870009467,99.84486730863595,38.46900378157451,39.091354991708826,40.15809049444045,2.4625161870009467,99.84486730863595,0,0,0,-8.261977470106508,0.0670594459679628
103,KESHOPUR,29,TILAK NAGAR,2.3650349233348824,66464.0,8244.441564658548,28102.7562613243,0.1240437163676358,47.14881950091688,49.58822606106907,39.078295902782,48.590574739839845,51.03156181680337,40.4017736049968,2.439406560152193,-10.50993015828707,-8.070523598134876,0.2007612880052171,0.2258398062376147,0.2346343333921498,0.3132980393613082,0.3680160395319779,0.3801781055525912,0.033873045386932726,12.49,0,0,0,12.58,0,0,70986,4675,0.9362972980587722,3,0,2,1,CONTAINS_MANUAL_REVIEW_UNITS,2011 Census PCA linked to official 2022 Delhi ward delimitation. Direct PCA units receive full-value transfer. Split PCA units with passing population-share QA receive candidate population-proportional allocation. Unresolved/manual units are explicitly flagged.,0.2346343333921498,0.2166959869314009,0.1072041571813377,0.3801781055525912,2.361202919403437,99.83797262807256,47.14881950091688,47.15542619335733,48.590574739839845,2.361696321565755,99.85883499071466,49.58822606106907,49.717298155505226,51.03156181680337,2.361696321565755,99.85883499071466,39.078295902782,39.090669221996215,40.4017736049968,2.361696321565755,99.85883499071466,0,0,0,-8.070523598134876,0.0338730453869327
104,JANAK PURI SOUTH,30,JANAKPURI,3.2675747183075035,80061.0,5640.999147186109,24501.658539416345,0.0704587645318708,47.52675071921818,49.78533529182839,39.06993709949828,48.83223237800001,51.51892427375001,40.23607485035602,2.2585845726102107,-10.715398192330106,-8.456813619719895,0.2197540645213533,0.2506716907986768,0.2709855494058562,0.3329439402644856,0.3935609514668915,0.4238353155713975,0.05123148488450288,9.87,0,0,0,10.21,0,0,80061,5578,1.0,3,0,3,0,DIRECT_PLUS_CANDIDATE_SPLITS,2011 Census PCA linked to official 2022 Delhi ward delimitation. Direct PCA units receive full-value transfer. Split PCA units with passing population-share QA receive candidate population-proportional allocation. Unresolved/manual units are explicitly flagged.,0.2709855494058562,0.2715443603181441,0.1111100042168088,0.4238353155713975,3.2627945410443435,99.85370870828515,47.52675071921818,47.51848136287157,48.83223237800001,3.262651153918457,99.84932052627715,49.78533529182839,49.67243616197365,51.51892427375001,3.262651153918457,99.84932052627715,39.06993709949828,39.01538071516612,40.23607485035602,3.262651153918457,99.84932052627715,0,0,0,-8.456813619719895,0.0512314848845028
105,MAHAVEER ENCLAVE,30,JANAKPURI,1.3264005047914484,70924.0,7021.738848790917,53471.02910757069,0.0990037060626997,48.25329417482338,50.87722089297831,39.54098156965976,48.99378908822256,51.78864841758677,40.165743983478265,2.6239267181549266,-11.336239323318544,-8.712312605163618,0.10480410241528,0.1126114114089995,0.1126145198861138,0.1323416321507415,0.1498904201376754,0.1513451404094098,0.0078104174708338026,11.87,0,0,0,12.44,0,0,70924,5917,1.0,2,0,2,0,DIRECT_PLUS_CANDIDATE_SPLITS,2011 Census PCA linked to official 2022 Delhi ward delimitation. Direct PCA units receive full-value transfer. Split PCA units with passing population-share QA receive candidate population-proportional allocation. Unresolved/manual units are explicitly flagged.,0.1126145198861138,0.1004361822983004,0.0889730986274754,0.1513451404094098,1.3240471961715397,99.82257933320986,48.25329417482338,48.196145888963,48.99378908822256,1.3234151481787586,99.7749279646754,50.87722089297831,50.9443114463356,51.78864841758677,1.3234151481787586,99.7749279646754,39.54098156965976,39.537867987775,40.165743983478265,1.3234151481787586,99.7749279646754,0,0,0,-8.712312605163618,0.0078104174708338
106,JANAK PURI WEST,30,JANAKPURI,2.805256757784351,69625.0,4533.262004022974,24819.47501126109,0.0651096876699888,47.363472417912654,50.06561206418718,39.28887558737214,48.26623030194558,51.23074246250002,40.14053838816633,2.7021396462745244,-10.77673647681504,-8.074596830540514,0.1821661276265851,0.2080054081406737,0.2206371351088904,0.3075650279418313,0.3722852927953171,0.4043899417987774,0.03847100748230531,12.26,0,0,0,12.62,0,0,69625,5701,1.0,3,0,3,0,DIRECT_PLUS_CANDIDATE_SPLITS,2011 Census PCA linked to official 2022 Delhi ward delimitation. Direct PCA units receive full-value transfer. Split PCA units with passing population-share QA receive candidate population-proportional allocation. Unresolved/manual units are explicitly flagged.,0.2206371351088904,0.1895193904947448,0.0917722143879132,0.4043899417987774,2.801090975359988,99.85150085057975,47.363472417912654,47.45254064226808,48.26623030194558,2.80050763507152,99.83070630880214,50.06561206418718,50.20198542452084,51.23074246250002,2.80050763507152,99.83070630880214,39.28887558737214,39.51565738810957,40.14053838816633,2.80050763507152,99.83070630880214,0,0,0,-8.074596830540514,0.0384710074823053
107,VIKAS PURI,31,VIKASPURI,2.722085733011606,74846.0,11696.31727979958,27495.82758996845,0.1562717751088846,46.5271398328372,49.22585138571301,38.637668409107775,48.03244498920561,50.77451900943993,39.90481007820996,2.6987115528758068,-10.588182976605232,-7.889471423729425,0.2339600001108306,0.2480356978444684,0.2794923273300567,0.3565914169128956,0.3889255378148971,0.4353903577794214,0.04553232721922609,13.32,0,0,0,13.48,0,0,74846,12043,1.0,2,1,1,0,DIRECT_PLUS_CANDIDATE_SPLITS,2011 Census PCA linked to official 2022 Delhi ward delimitation. Direct PCA units receive full-value transfer. Split PCA units with passing population-share QA receive candidate population-proportional allocation. Unresolved/manual units are explicitly flagged.,0.2794923273300567,0.2518165956059098,0.1425596600409377,0.4353903577794214,2.718085349108643,99.8530397535078,46.5271398328372,46.78201101287426,48.03244498920561,2.717551629844756,99.8334327566592,49.22585138571301,49.34335123255396,50.77451900943993,2.717551629844756,99.8334327566592,38.637668409107775,38.714801936891725,39.90481007820996,2.717551629844756,99.8334327566592,0,0,0,-7.889471423729425,0.045532327219226
108,HASTSAL,31,VIKASPURI,1.8500129752829453,67234.0,8482.31941015218,36342.447808895544,0.1261611596833772,48.19156689332038,50.88481220483272,39.8342630249859,49.53395978693644,52.71353698747421,41.34497411750002,2.6932453115123423,-11.05054917984682,-8.357303868334476,0.157882227385034,0.168777854080715,0.1747916267665733,0.2868504840723957,0.3294984439664411,0.3455811705155748,0.01690939938153932,14.55,0,0,0,14.86,0,0,68864,9374,0.9763301579925652,4,0,3,1,CONTAINS_MANUAL_REVIEW_UNITS,2011 Census PCA linked to official 2022 Delhi ward delimitation. Direct PCA units receive full-value transfer. Split PCA units with passing population-share QA receive candidate population-proportional allocation. Unresolved/manual units are explicitly flagged.,0.1747916267665733,0.1272527886417109,0.0919520912972665,0.3455811705155748,1.847554217850748,99.86709512500464,48.19156689332038,48.53468102333478,49.53395978693644,1.8462979000974176,99.79918653354528,50.88481220483272,51.2142910669018,52.71353698747421,1.8462979000974176,99.79918653354528,39.8342630249859,40.03313644925469,41.34497411750002,1.8462979000974176,99.79918653354528,0,0,0,-8.357303868334476,0.0169093993815393
109,VIKAS NAGAR,31,VIKASPURI,2.077748213276628,51864.0,7519.943232782963,24961.638599226608,0.144993506724953,47.01250155882939,49.61024891372239,38.74148654933743,48.968275460225534,51.71618420025441,40.28955775693215,2.597747354892995,-10.868762364384956,-8.271015009491961,0.1767803756236091,0.1755086806961541,0.2149968636366092,0.2804883287888424,0.2831232581371448,0.4707546476280705,0.038216488013000094,15.81,0,0,0,15.97,0,0,51864,6999,1.0,2,0,2,0,DIRECT_PLUS_CANDIDATE_SPLITS,2011 Census PCA linked to official 2022 Delhi ward delimitation. Direct PCA units receive full-value transfer. Split PCA units with passing population-share QA receive candidate population-proportional allocation. Unresolved/manual units are explicitly flagged.,0.2149968636366092,0.1463423234922742,0.1075798558716605,0.4707546476280705,2.0748114821858734,99.8586579898378,47.01250155882939,48.28410903662952,48.968275460225534,2.0750928970356064,99.87220221275832,49.61024891372239,50.90344845393773,51.71618420025441,2.0750928970356064,99.87220221275832,38.74148654933743,39.59455648643144,40.28955775693215,2.0750928970356064,99.87220221275832,0,0,0,-8.271015009491961,0.038216488013
110,KUNWAR SINGH NAGAR,31,VIKASPURI,14.272224960026945,55270.0,10658.92404842421,3872.556672473838,0.1928518915944313,45.98826553054084,48.64323407815438,37.69293392761004,49.93755790474867,54.0633788489016,40.0319450542906,2.654968547613535,-10.950300150544336,-8.295331602930801,0.3511004187559582,0.367947000818926,0.3391738435024717,0.5801174056585146,0.6231859860769922,0.5292882582599403,-0.011926575253486504,19.28,0,0,0,19.14,0,0,55270,10830,1.0,4,1,3,0,DIRECT_PLUS_CANDIDATE_SPLITS,2011 Census PCA linked to official 2022 Delhi ward delimitation. Direct PCA units receive full-value transfer. Split PCA units with passing population-share QA receive candidate population-proportional allocation. Unresolved/manual units are explicitly flagged.,0.3391738435024717,0.3300943021847635,0.1658528831624992,0.5292882582599403,14.252008072062422,99.85834802897836,45.98826553054084,46.56270980478197,49.93755790474867,14.25146834019965,99.8545663350639,48.64323407815438,49.43646043632487,54.0633788489016,14.251468340138617,99.85456633463626,37.69293392761004,37.84452244789533,40.0319450542906,14.251468340138617,99.85456633463626,0,0,0,-8.295331602930801,-0.0119265752534865
111,BAPROLA,31,VIKASPURI,3.921125386320096,54328.0,7323.905126458235,13855.206005280497,0.1348090326619466,47.09028708614608,49.60005971881962,38.53296647103307,49.4047717474897,52.09453643882202,40.02999496588007,2.509772632673545,-11.067093247786552,-8.557320615113007,0.2321974146233943,0.2411404372279102,0.2513631258130168,0.3770122916087153,0.4076831390786435,0.4359368458550685,0.019165711189622486,18.2,0,0,0,18.53,0,0,54328,7657,1.0,3,0,3,0,DIRECT_PLUS_CANDIDATE_SPLITS,2011 Census PCA linked to official 2022 Delhi ward delimitation. Direct PCA units receive full-value transfer. Split PCA units with passing population-share QA receive candidate population-proportional allocation. Unresolved/manual units are explicitly flagged.,0.2513631258130168,0.2089184623047517,0.119148634842473,0.4359368458550685,3.915228722146425,99.84961806642951,47.09028708614608,47.65844616970085,49.4047717474897,3.914782806521904,99.83824593265189,49.60005971881962,50.3416139347329,52.09453643882202,3.914782806521904,99.83824593265189,38.53296647103307,38.97161648222994,40.02999496588007,3.914782806521904,99.83824593265189,0,0,0,-8.557320615113007,0.0191657111896224
112,SAINIK ENCLAVE,31,VIKASPURI,2.929690658943083,88571.0,7649.348423800649,30232.20206871702,0.0863640291269224,47.18426883726928,50.054502662207646,39.072030822744,48.83938337596775,51.72299847770427,40.278848102050034,2.870233824938367,-10.98247183946365,-8.112238014525282,0.1604757287035381,0.1576141918133574,0.1692195146831144,0.2567193537695801,0.2699527242862352,0.3226608074809989,0.008743785979576313,16.77,0,0,0,17.05,0,0,88571,7262,1.0,4,2,2,0,DIRECT_PLUS_CANDIDATE_SPLITS,2011 Census PCA linked to official 2022 Delhi ward delimitation. Direct PCA units receive full-value transfer. Split PCA units with passing population-share QA receive candidate population-proportional allocation. Unresolved/manual units are explicitly flagged.,0.1692195146831144,0.11902104794255,0.0996099944267924,0.3226608074809989,2.9250207909857067,99.84060201225952,47.18426883726928,47.78052203195993,48.83938337596775,2.925839356415153,99.8685423487912,50.054502662207646,50.84457234797166,51.72299847770427,2.925839356415153,99.8685423487912,39.072030822744,39.53021299062285,40.278848102050034,2.925839356415153,99.8685423487912,0,0,0,-8.112238014525282,0.0087437859795763
113,MOHAN GARDEN,32,UTTAM NAGAR,1.878555345496691,60029.0,6044.79624147951,31954.874336762383,0.1006979333568693,46.48109793411896,49.69946323799865,38.559615478017456,47.90763507471964,51.15505149519685,39.61037348027073,3.2183653038796933,-11.139847759981194,-7.921482456101501,0.1853921920041138,0.1683757903140579,0.1678790082803439,0.3586880067051811,0.3392746196327164,0.3457448832615658,-0.017513183723769893,17.05,0,0,0,17.52,0,0,60029,5854,1.0,1,0,1,0,DIRECT_PLUS_CANDIDATE_SPLITS,2011 Census PCA linked to official 2022 Delhi ward delimitation. Direct PCA units receive full-value transfer. Split PCA units with passing population-share QA receive candidate population-proportional allocation. Unresolved/manual units are explicitly flagged.,0.1678790082803439,0.1188290361273896,0.0958663760761746,0.3457448832615658,1.875592209591853,99.84226517936024,46.48109793411896,47.2181532520239,47.90763507471964,1.8750777685728768,99.81488025188344,49.69946323799865,50.52670847014485,51.15505149519685,1.8750777685728768,99.81488025188344,38.559615478017456,39.07949289747068,39.61037348027073,1.8750777685728768,99.81488025188344,0,0,0,-7.921482456101501,-0.0175131837237698
114,NAWADA,32,UTTAM NAGAR,2.2408886901464204,43736.0,4423.800735831626,19517.25678848523,0.1011478126904981,48.32102961086839,51.24450519043766,39.75259075322647,48.95904092000001,52.04695719060901,40.39032711685545,2.9234755795692635,-11.491914437211186,-8.568438857641922,0.1234149757063097,0.1198637418875535,0.1175486974425381,0.1670176266593955,0.1612832668852618,0.1629990832912853,-0.005866278263771604,15.5,0,0,0,15.92,0,0,66199,5929,0.6606746325473194,3,0,2,1,CONTAINS_MANUAL_REVIEW_UNITS,2011 Census PCA linked to official 2022 Delhi ward delimitation. Direct PCA units receive full-value transfer. Split PCA units with passing population-share QA receive candidate population-proportional allocation. Unresolved/manual units are explicitly flagged.,0.1175486974425381,0.1045248320732126,0.0887759732521661,0.1629990832912853,2.2369743327471574,99.82532120330318,48.32102961086839,48.3039189970108,48.95904092000001,2.2377902103484506,99.86172986585214,51.24450519043766,51.17084040219076,52.04695719060901,2.2377902103484506,99.86172986585214,39.75259075322647,39.70339768890921,40.39032711685545,2.2377902103484506,99.86172986585214,0,0,0,-8.568438857641922,-0.0058662782637716
115,UTTAM NAGAR,32,UTTAM NAGAR,1.490428607860013,68309.0,5637.273490172531,45831.782642765706,0.0825260725551908,48.26025680183405,50.98423440692897,39.59041205497078,48.67994431812703,51.640570778720594,40.13107754430816,2.723977605094916,-11.393822351958192,-8.669844746863276,0.1066345411970332,0.1132027284254842,0.1081829058766588,0.1433938654422505,0.145321398009192,0.141852521511,0.0015483646796256023,14.35,0,0,0,14.89,0,0,68309,3410,1.0,3,0,3,0,DIRECT_PLUS_CANDIDATE_SPLITS,2011 Census PCA linked to official 2022 Delhi ward delimitation. Direct PCA units receive full-value transfer. Split PCA units with passing population-share QA receive candidate population-proportional allocation. Unresolved/manual units are explicitly flagged.,0.1081829058766588,0.0965905293322451,0.0831048239269954,0.141852521511,1.4878703911814986,99.82835697966188,48.26025680183405,48.27351950627765,48.67994431812703,1.4887252323747215,99.88571237318524,50.98423440692897,50.9511161302988,51.640570778720594,1.4887252323747215,99.88571237318524,39.59041205497078,39.57041267542555,40.13107754430816,1.4887252323747215,99.88571237318524,0,0,0,-8.669844746863276,0.0015483646796256
116,BINDA PUR,32,UTTAM NAGAR,1.1330238519167883,58750.0,4893.490561905279,51852.394722855955,0.0832934563728558,48.38855119794568,50.82989995817662,39.54020727115926,49.24045790000002,52.11004777184101,40.6384409,2.4413487602309374,-11.289692687017356,-8.84834392678642,0.1167326830348572,0.1346802490734216,0.139540566740859,0.1674323357912679,0.2080312040498154,0.2446510607163302,0.022807883706001786,12.43,0,0,0,13.0,0,0,58750,6992,1.0,2,0,2,0,DIRECT_PLUS_CANDIDATE_SPLITS,2011 Census PCA linked to official 2022 Delhi ward delimitation. Direct PCA units receive full-value transfer. Split PCA units with passing population-share QA receive candidate population-proportional allocation. Unresolved/manual units are explicitly flagged.,0.139540566740859,0.1084710720233961,0.0848998522976951,0.2446510607163302,1.131288542993643,99.84684268383144,48.38855119794568,48.33534327971408,49.24045790000002,1.1315113365133846,99.86650630515456,50.82989995817662,50.76142501181819,52.11004777184101,1.1315113365133846,99.86650630515456,39.54020727115926,39.428537469855776,40.6384409,1.1315113365133846,99.86650630515456,0,0,0,-8.84834392678642,0.0228078837060017
117,DABRI,33,DWARKA,1.5445648216775618,66907.0,8222.293467356454,43317.702864248764,0.122891378590528,48.65411581748464,50.565637947593096,39.80003549172799,49.39189887503756,51.365327000000015,40.4282938823744,1.9115221301084588,-10.765602455865109,-8.854080325756648,0.1185429145716797,0.1307715469473074,0.1351716961576076,0.1631947540779816,0.186515174822649,0.2039463064011853,0.0166287815859279,9.88,0,0,0,10.47,0,0,66907,8083,1.0,2,1,1,0,DIRECT_PLUS_CANDIDATE_SPLITS,2011 Census PCA linked to official 2022 Delhi ward delimitation. Direct PCA units receive full-value transfer. Split PCA units with passing population-share QA receive candidate population-proportional allocation. Unresolved/manual units are explicitly flagged.,0.1351716961576076,0.1143736704405217,0.0948190983966741,0.2039463064011853,1.5421579673124426,99.84417265424284,48.65411581748464,48.61119272920248,49.39189887503756,1.542098098178759,99.84029653762776,50.565637947593096,50.57780113674704,51.365327000000015,1.542098098178759,99.84029653762776,39.80003549172799,39.72687162443972,40.4282938823744,1.542098098178759,99.84029653762776,0,0,0,-8.854080325756648,0.0166287815859279
118,SAGARPUR,33,DWARKA,1.097236186826068,78790.0,8046.90177264181,71807.6936816245,0.1021310035872802,47.76080045062234,49.891296570000456,39.29766476455849,48.60912363575002,50.800428208084135,39.95036982900747,2.130496119378116,-10.593631805441966,-8.46313568606385,0.1442414528077559,0.160552936884057,0.1781313977209653,0.2492939745101985,0.3140607311727164,0.37789401698175,0.0338899449132094,8.68,0,0,0,9.34,0,0,78790,8447,1.0,2,0,2,0,DIRECT_PLUS_CANDIDATE_SPLITS,2011 Census PCA linked to official 2022 Delhi ward delimitation. Direct PCA units receive full-value transfer. Split PCA units with passing population-share QA receive candidate population-proportional allocation. Unresolved/manual units are explicitly flagged.,0.1781313977209653,0.1201866798490538,0.0966863192139108,0.37789401698175,1.0955367006261487,99.84511208978304,47.76080045062234,47.6701018991597,48.60912363575002,1.0955717242161171,99.84830407254744,49.891296570000456,49.79718801255767,50.800428208084135,1.0955717242161171,99.84830407254744,39.29766476455849,39.5143851307863,39.95036982900747,1.0955717242161171,99.84830407254744,0,0,0,-8.46313568606385,0.0338899449132094
119,MANGLAPURI,33,DWARKA,1.607294028736198,68160.0,10608.80476000174,42406.67779596845,0.1556456097418095,47.89558127441414,49.61317359289611,39.25222343371444,48.80623070323768,50.9208502130849,40.16767072639807,1.7175923184819697,-10.36095015918167,-8.6433578406997,0.1784404627732189,0.202476712117871,0.2183770241173519,0.279879262366686,0.3407837917772658,0.3805589055904366,0.03993656134413301,10.01,0,0,0,10.82,0,0,65900,9969,1.034294385432474,3,1,2,0,DIRECT_PLUS_CANDIDATE_SPLITS,2011 Census PCA linked to official 2022 Delhi ward delimitation. Direct PCA units receive full-value transfer. Split PCA units with passing population-share QA receive candidate population-proportional allocation. Unresolved/manual units are explicitly flagged.,0.2183770241173519,0.1897019023797627,0.1037926653199001,0.3805589055904366,1.604812002920115,99.84557736346258,47.89558127441414,47.912764754601405,48.80623070323768,1.6046718262527764,99.83685608006128,49.61317359289611,49.60869873587468,50.9208502130849,1.6046718262527764,99.83685608006128,39.25222343371444,39.36159266141275,40.16767072639807,1.6046718262527764,99.83685608006128,0,0,0,-8.6433578406997,0.039936561344133
120,DWARKA-B,34,MATIALA,10.599682407146094,62971.0,4742.90380536407,5940.838374322066,0.075318857972147,48.71848140885052,50.791463227835486,39.84795851908561,50.7805368823536,53.81214343197328,42.02951373270995,2.072981818984964,-10.943504708749876,-8.870522889764914,0.2478165660236587,0.2964506463501826,0.3087818112389034,0.3496638770327681,0.4314712277761509,0.4783382916193183,0.06096524521524471,13.89,0,0,0,15.02,0,0,62971,2683,1.0,1,0,1,0,DIRECT_PLUS_CANDIDATE_SPLITS,2011 Census PCA linked to official 2022 Delhi ward delimitation. Direct PCA units receive full-value transfer. Split PCA units with passing population-share QA receive candidate population-proportional allocation. Unresolved/manual units are explicitly flagged.,0.3087818112389034,0.2988449186323425,0.1543489822366614,0.4783382916193183,10.584147030674597,99.85343545330164,48.71848140885052,48.593929103669794,50.7805368823536,10.584153457719152,99.85349608761418,50.791463227835486,50.435676084090126,53.81214343197328,10.584153457719152,99.85349608761418,39.84795851908561,39.59332609645434,42.02951373270995,10.584153457780188,99.85349608818998,0,0,0,-8.870522889764914,0.0609652452152447
121,DWARKA-A,34,MATIALA,8.92756115804161,73208.0,8037.317682848141,8200.22385778416,0.1097874232713384,47.71570553438647,49.24480782230381,38.80550768388671,49.7778791445944,51.59243634571359,40.65612156035269,1.5291022879173397,-10.439300138417105,-8.910197850499763,0.266932349901573,0.3266823404179499,0.3585814712127332,0.3925582386623041,0.4745792674666014,0.5527074192172295,0.09164912131116021,15.76,0,0,0,16.61,0,0,73208,6039,1.0,3,0,3,0,DIRECT_PLUS_CANDIDATE_SPLITS,2011 Census PCA linked to official 2022 Delhi ward delimitation. Direct PCA units receive full-value transfer. Split PCA units with passing population-share QA receive candidate population-proportional allocation. Unresolved/manual units are explicitly flagged.,0.3585814712127332,0.3495400608821485,0.1893226232736909,0.5527074192172295,8.914375618119786,99.8523052411694,47.71570553438647,48.09231677072081,49.7778791445944,8.914007235000675,99.84817888333671,49.24480782230381,49.531770962087656,51.59243634571359,8.914007235000675,99.84817888333671,38.80550768388671,39.092207921525,40.65612156035269,8.91400723506171,99.8481788840204,0,0,0,-8.910197850499763,0.0916491213111602
122,MATIALA,34,MATIALA,2.1703564138772053,54631.0,4374.863073092924,25171.441727584803,0.0800802305118508,48.07717986165302,50.4547100772857,39.32441227623416,49.04416669381063,51.70091901801593,40.42107207697212,2.3775302156326745,-11.130297801051531,-8.752767585418859,0.1995522875909079,0.2264720806213772,0.2400408635122706,0.3624706334053051,0.4189890395057818,0.4821498237015518,0.04048857592136271,15.11,0,0,0,15.74,0,0,54631,6093,1.0,3,0,3,0,DIRECT_PLUS_CANDIDATE_SPLITS,2011 Census PCA linked to official 2022 Delhi ward delimitation. Direct PCA units receive full-value transfer. Split PCA units with passing population-share QA receive candidate population-proportional allocation. Unresolved/manual units are explicitly flagged.,0.2400408635122706,0.1737036592378791,0.0955648864755557,0.4821498237015518,2.166941538537121,99.84265831555363,48.07717986165302,48.10973055868314,49.04416669381063,2.1672922254552494,99.85881634913216,50.4547100772857,50.57880344751346,51.70091901801593,2.1672922254552494,99.85881634913216,39.32441227623416,39.35950052800519,40.42107207697212,2.1672922254552494,99.85881634913216,0,0,0,-8.752767585418859,0.0404885759213627
123,KAKROLA,34,MATIALA,4.389044524269376,97753.0,12041.99314700803,22272.04564899521,0.1231879650446332,48.08865074803861,50.32919478511023,39.35008523670554,49.96973933249338,52.09612587440035,40.908206677389686,2.240544037071622,-10.979109548404692,-8.738565511333071,0.2104009595565731,0.2220027547766583,0.2349846487343262,0.3191508670761594,0.3694421739706081,0.4121658995355298,0.02458368917775311,17.39,0,0,0,18.06,0,0,65930,10503,1.482678598513575,3,1,2,0,DIRECT_PLUS_CANDIDATE_SPLITS,2011 Census PCA linked to official 2022 Delhi ward delimitation. Direct PCA units receive full-value transfer. Split PCA units with passing population-share QA receive candidate population-proportional allocation. Unresolved/manual units are explicitly flagged.,0.2349846487343262,0.1933613396613245,0.1231683255511344,0.4121658995355298,4.382533421176327,99.85165101294724,48.08865074803861,48.28159755853574,49.96973933249338,4.38250868390874,99.85108739898864,50.32919478511023,50.78265504659368,52.09612587440035,4.38250868390874,99.85108739898864,39.35008523670554,39.59551905745918,40.908206677389686,4.38250868390874,99.85108739898864,0,0,0,-8.738565511333071,0.0245836891777531
124,NANGLI SAKRAWATI,34,MATIALA,12.03727523772682,16748.0,1997.746430165105,1391.3447743978625,0.1192826863007586,48.18408529801058,51.40185052001269,39.41083632171623,51.78411253274843,55.43605379411063,42.031164273899535,3.217765222002108,-11.991014198296456,-8.773248976294347,0.2449999269165274,0.2563642690915549,0.2677104098392099,0.3851279935593779,0.4160283775107466,0.4276550687210659,0.022710482922682518,18.17,0,0,0,19.11,0,0,83159,10490,0.2013973232001347,1,0,1,0,DIRECT_PLUS_CANDIDATE_SPLITS,2011 Census PCA linked to official 2022 Delhi ward delimitation. Direct PCA units receive full-value transfer. Split PCA units with passing population-share QA receive candidate population-proportional allocation. Unresolved/manual units are explicitly flagged.,0.2677104098392099,0.2440821626164986,0.1464193029088169,0.4276550687210659,12.019751834155752,99.85442383575192,48.18408529801058,48.21608218208979,51.78411253274843,12.01869299404751,99.84562749200028,51.40185052001269,51.4337139877834,55.43605379411063,12.01869299404751,99.84562749200028,39.41083632171623,39.469662707827325,42.031164273899535,12.018692994169582,99.8456274930144,0,0,0,-8.773248976294347,0.0227104829226825
125,CHHAWALA,34,MATIALA,91.84320069306688,33401.0,3784.238258589915,363.6741723714927,0.1132971545339934,50.7495962933888,56.16573127028524,41.41929302219421,54.187681206364765,60.564602921902974,46.31242206151055,5.416134976896444,-14.746438248091032,-9.330303271194587,0.205637312772247,0.217506559110166,0.3041633234706319,0.3222782179637254,0.3575195301450549,0.4589988163147907,0.0985260106983849,25.32,0,0,0,26.53,0,0,81500,14750,0.4098282208588957,2,1,1,0,DIRECT_PLUS_CANDIDATE_SPLITS,2011 Census PCA linked to official 2022 Delhi ward delimitation. Direct PCA units receive full-value transfer. Split PCA units with passing population-share QA receive candidate population-proportional allocation. Unresolved/manual units are explicitly flagged.,0.3041633234706319,0.2871432271115927,0.1738674144034721,0.4589988163147907,91.21558530040006,99.31664468580068,50.7495962933888,51.06276801440583,54.187681206364765,91.71155059814792,99.85665776679652,56.16573127028524,56.81245684715022,60.564602921902974,91.71155059814792,99.85665776679652,41.41929302219421,41.18662070228162,46.31242206151055,91.2081693014132,99.30857005541878,0,0,0,-9.330303271194587,0.0985260106983849
126,ISAPUR,35,NAJAFGARH,74.70903815925725,47530.0,8358.415635424339,636.20147134916,0.1758555782752859,51.05776488312055,58.436281594692886,43.19052284352792,55.68482906375301,61.56187804855191,46.15632899145254,7.378516711572338,-15.245758751164963,-7.867242039592625,0.1721318373809673,0.1728510153314157,0.2371889708868718,0.2480330194595977,0.2713869921655452,0.3534498108071583,0.0650571335059045,30.56,0,0,0,31.48,0,0,76423,12170,0.6219331876529317,7,4,3,0,DIRECT_PLUS_CANDIDATE_SPLITS,2011 Census PCA linked to official 2022 Delhi ward delimitation. Direct PCA units receive full-value transfer. Split PCA units with passing population-share QA receive candidate population-proportional allocation. Unresolved/manual units are explicitly flagged.,0.2371889708868718,0.2089557272711238,0.1582602744135763,0.3534498108071583,74.10019952901838,99.1850535822172,51.05776488312055,51.064825074868665,55.68482906375301,74.60264069886158,99.85758421870074,58.436281594692886,59.43847338803843,61.56187804855191,74.60264069880054,99.85758421861904,43.19052284352792,43.78373566697624,46.15632899145254,74.1015314625964,99.18683641011972,0,0,0,-7.867242039592625,0.0650571335059045
127,NAJAFGARH,35,NAJAFGARH,16.98393461074346,68559.0,11422.35486097461,4036.6971241535457,0.1666062057640078,49.53761719468009,54.81907085375976,39.9992740591836,52.470348781859606,59.56350166621844,42.7824848306827,5.2814536590796735,-14.819796794576163,-9.53834313549649,0.2382435101819774,0.23807576282208,0.2983821874651639,0.3574134979172736,0.3964320038797306,0.4667886948616879,0.060138677283186476,25.69,0,0,0,26.22,0,0,68559,11316,1.0,5,1,4,0,DIRECT_PLUS_CANDIDATE_SPLITS,2011 Census PCA linked to official 2022 Delhi ward delimitation. Direct PCA units receive full-value transfer. Split PCA units with passing population-share QA receive candidate population-proportional allocation. Unresolved/manual units are explicitly flagged.,0.2983821874651639,0.2714321164886228,0.1738226192031657,0.4667886948616879,16.95901429676705,99.8532712557628,49.53761719468009,49.219030344748006,52.470348781859606,16.958711334043496,99.85148743634464,54.81907085375976,54.435053092302695,59.56350166621844,16.958711334043496,99.85148743634464,39.9992740591836,40.15673126645301,42.7824848306827,16.958711334043496,99.85148743634464,0,0,0,-9.53834313549649,0.0601386772831864
128,DICHAON KALAN,35,NAJAFGARH,16.095758825632636,44410.0,6199.195482813903,2759.111917685837,0.1395900806758366,50.10596982862949,54.73973892045011,38.82618043403153,53.15652285269232,59.81307800050283,41.09263949891733,4.633769091820618,-15.91355848641858,-11.279789394597962,0.2446991425705146,0.2452542002942551,0.3418185798843016,0.365136058720751,0.3968217668883469,0.5372615260338196,0.097119437313787,22.75,0,0,0,23.21,0,0,71665,10004,0.6196888299727901,4,0,4,0,DIRECT_PLUS_CANDIDATE_SPLITS,2011 Census PCA linked to official 2022 Delhi ward delimitation. Direct PCA units receive full-value transfer. Split PCA units with passing population-share QA receive candidate population-proportional allocation. Unresolved/manual units are explicitly flagged.,0.3418185798843016,0.3223106340771363,0.1775287362462735,0.5372615260338196,16.07240515366737,99.8549079156922,50.10596982862949,49.84158149336373,53.15652285269232,16.07330848147932,99.860520125851,54.73973892045011,54.18546808061318,59.81307800050283,16.07330848147932,99.860520125851,38.82618043403153,39.03247804056622,41.09263949891733,16.07330848147932,99.860520125851,0,0,0,-11.279789394597962,0.097119437313787
129,ROSHAN PURA,35,NAJAFGARH,4.256472290864971,69828.0,9983.274373684802,16405.1343996439,0.1429695018285616,47.90421069597093,50.64039134491583,39.88034485854238,49.46999528223658,52.28353565603739,41.09367164186448,2.736180648944895,-10.760046486373447,-8.023865837428552,0.2183298328552194,0.2367921199242597,0.2320318277037179,0.3642172503835126,0.4241474948048941,0.4082159016731503,0.013701994848498517,20.04,0,0,0,20.79,0,0,69828,10462,1.0,3,0,3,0,DIRECT_PLUS_CANDIDATE_SPLITS,2011 Census PCA linked to official 2022 Delhi ward delimitation. Direct PCA units receive full-value transfer. Split PCA units with passing population-share QA receive candidate population-proportional allocation. Unresolved/manual units are explicitly flagged.,0.2320318277037179,0.1934006055723988,0.1229361398711295,0.4082159016731503,4.250155274730244,99.8515903381238,47.90421069597093,48.40765546809883,49.46999528223658,4.249490113767857,99.83596329025568,50.64039134491583,51.40925225793416,52.28353565603739,4.249490113767857,99.83596329025568,39.88034485854238,40.15612290094277,41.09367164186448,4.249490113767857,99.83596329025568,0,0,0,-8.023865837428552,0.0137019948484985
130,DWARKA-C,36,BIJWASAN,17.179808024629697,45075.0,6528.894176455393,2623.719655969297,0.1448451287067198,48.955515927226855,51.13070733307786,39.60395374609644,52.063829450720384,54.31207785496253,42.21907623335259,2.1751914058510025,-11.52675358698142,-9.351562181130419,0.266415460283968,0.2931624324426531,0.3328274411301776,0.4202177691467209,0.4668487202638791,0.5409251276680547,0.06641198084620958,15.26,0,0,0,16.62,0,0,45075,5926,1.0,2,0,2,0,DIRECT_PLUS_CANDIDATE_SPLITS,2011 Census PCA linked to official 2022 Delhi ward delimitation. Direct PCA units receive full-value transfer. Split PCA units with passing population-share QA receive candidate population-proportional allocation. Unresolved/manual units are explicitly flagged.,0.3328274411301776,0.3221635167977391,0.1424941475771152,0.5409251276680547,17.1544073313017,99.8521479792348,48.955515927226855,49.18726450621145,52.063829450720384,17.154473337629266,99.85253218799586,51.13070733307786,51.43736004062638,54.31207785496253,17.154473337629266,99.85253218799586,39.60395374609644,39.59426002046101,42.21907623335259,17.15447333756823,99.8525321876406,0,0,0,-9.35156218113042,0.0664119808462095
131,BIJWASAN,36,BIJWASAN,12.106552500164751,42081.0,5640.955139206712,3475.886302019286,0.1340499308287995,46.95036209459781,49.541141006306326,39.38285772267271,49.344903558594616,52.15284122390334,41.46978100745461,2.5907789117085187,-10.158283283633615,-7.5675043719250965,0.3359166726609501,0.3568291050601896,0.3879324741738837,0.4589406467885281,0.4980487826815997,0.5412472339020296,0.05201580151293361,12.89,0,0,0,13.41,0,0,47291,7015,0.8898310460764205,2,1,1,0,DIRECT_PLUS_CANDIDATE_SPLITS,2011 Census PCA linked to official 2022 Delhi ward delimitation. Direct PCA units receive full-value transfer. Split PCA units with passing population-share QA receive candidate population-proportional allocation. Unresolved/manual units are explicitly flagged.,0.3879324741738837,0.4080104957767953,0.1816258120141646,0.5412472339020296,12.088929982696415,99.85443818570072,46.95036209459781,47.030914632982814,49.344903558594616,12.08872498896772,99.8527449395954,49.541141006306326,49.59338734446485,52.15284122390334,12.08872498896772,99.8527449395954,39.38285772267271,39.21675411084527,41.46978100745461,12.08872498908979,99.8527449406037,0,0,0,-7.567504371925096,0.0520158015129336
132,KAPASHERA,36,BIJWASAN,2.92749954677318,74073.0,6503.000000000001,25302.480433053028,0.0877917729807082,47.14328387480545,50.43761189661103,40.2053782417342,49.2102838067288,52.71895864030466,42.140449618822174,3.2943280218055837,-10.23223365487683,-6.937905633071246,0.2822932848173901,0.2849325935938758,0.316517645002453,0.4321853358620474,0.4433862934927074,0.5101230116656476,0.03422436018506292,11.09,0,0,0,11.64,0,0,74073,6503,1.0,1,1,0,0,DIRECT_ONLY,2011 Census PCA linked to official 2022 Delhi ward delimitation. Direct PCA units receive full-value transfer. Split PCA units with passing population-share QA receive candidate population-proportional allocation. Unresolved/manual units are explicitly flagged.,0.316517645002453,0.3225996693967211,0.126743314297289,0.5101230116656476,2.922921829555376,99.84363047219426,47.14328387480545,47.594329872096026,49.2102838067288,2.923095438435396,99.84956075082442,50.43761189661103,50.721616702442205,52.71895864030466,2.923095438435396,99.84956075082442,40.2053782417342,40.36028110713721,42.140449618822174,2.923095438435396,99.84956075082442,0,0,0,-6.937905633071246,0.0342243601850629
133,MAHIPALPUR,36,BIJWASAN,18.447378556779768,65162.0,11487.96870249142,3532.3176027117256,0.1762985897070597,50.27348730923469,52.93693309092421,41.22186534602992,52.77979739754012,56.53112736821998,44.032191890643325,2.663445781689518,-11.715067744894284,-9.051621963204767,0.2225504902869063,0.2348102442977165,0.2685242540381156,0.3496856650913993,0.3730863061401174,0.4939467158276353,0.04597376375120929,8.97,0,0,0,9.42,0,0,65162,11490,1.0,4,2,2,0,DIRECT_PLUS_CANDIDATE_SPLITS,2011 Census PCA linked to official 2022 Delhi ward delimitation. Direct PCA units receive full-value transfer. Split PCA units with passing population-share QA receive candidate population-proportional allocation. Unresolved/manual units are explicitly flagged.,0.2685242540381156,0.2402477673185121,0.1035013284883287,0.4939467158276353,18.420084328062504,99.85204277868938,50.27348730923469,50.53038940287351,52.77979739754012,18.42017712708884,99.85254582591666,52.93693309092421,52.78213609350349,56.53112736821998,18.42017712702781,99.8525458255858,41.22186534602992,41.21868030865088,44.032191890643325,18.42017712702781,99.8525458255858,0,0,0,-9.051621963204768,0.0459737637512092
134,RAJ NAGAR,36,BIJWASAN,1.376193435250103,66635.0,10329.89596046275,48419.79208241904,0.1550220748925152,48.70648358185704,50.18509447441677,39.50137144354987,49.2319410600354,50.89443529241159,39.96327893928397,1.478610892559729,-10.6837230308669,-9.205112138307172,0.1391369861031038,0.1460228454149859,0.1494676259190794,0.2194080665433127,0.2409953624821008,0.2648771106085284,0.010330639815975595,10.61,0,0,0,11.73,0,0,55125,7928,1.208798185941043,2,1,1,0,DIRECT_PLUS_CANDIDATE_SPLITS,2011 Census PCA linked to official 2022 Delhi ward delimitation. Direct PCA units receive full-value transfer. Split PCA units with passing population-share QA receive candidate population-proportional allocation. Unresolved/manual units are explicitly flagged.,0.1494676259190794,0.1180764007585649,0.0985874849170092,0.2648771106085284,1.3740992345121483,99.84782657115538,48.70648358185704,48.70383472663436,49.2319410600354,1.3741203035785752,99.8493575380883,50.18509447441677,50.13969979718752,50.89443529241159,1.3741203035785752,99.8493575380883,39.50137144354987,39.47685022235184,39.96327893928397,1.3741203035785752,99.8493575380883,0,0,0,-9.205112138307172,0.0103306398159755
135,PALAM,37,PALAM,2.086507472094141,54900.0,6526.834125276621,26311.911524045085,0.1188858674913774,48.51629737421642,50.285296727275735,39.68766424057543,49.29596042028461,51.29635087383459,40.48568274460904,1.7689993530593142,-10.597632486700306,-8.828633133640992,0.1886208663901612,0.2146975978610255,0.2304096445093433,0.280515900205972,0.3365303071101771,0.3884277430195335,0.04178877811918208,11.2,0,0,0,12.19,0,0,54900,5637,1.0,2,0,2,0,DIRECT_PLUS_CANDIDATE_SPLITS,2011 Census PCA linked to official 2022 Delhi ward delimitation. Direct PCA units receive full-value transfer. Split PCA units with passing population-share QA receive candidate population-proportional allocation. Unresolved/manual units are explicitly flagged.,0.2304096445093433,0.2093787173101606,0.1074691297888191,0.3884277430195335,2.083311662792011,99.84683451438002,48.51629737421642,48.60940843756656,49.29596042028461,2.083219513677858,99.84241808571224,50.285296727275735,50.36049282743589,51.29635087383459,2.083219513677858,99.84241808571224,39.68766424057543,39.765445178766186,40.48568274460904,2.083219513677858,99.84241808571224,0,0,0,-8.828633133640992,0.041788778119182
136,MADHU VIHAR,37,PALAM,1.4876874676059866,67394.0,6642.850438908079,45301.18150988503,0.0985673863980188,48.39339102645888,50.557666958031525,39.47601415572535,49.63875641790474,51.89449529393353,40.55574143374627,2.1642759315726465,-11.081652802306174,-8.917376870733527,0.1419338958547376,0.1625790486268982,0.1690583228218226,0.237253471810869,0.2899608330941078,0.3349981140774538,0.027124426967085002,12.9,0,0,0,13.61,0,0,67394,6236,1.0,2,0,2,0,DIRECT_PLUS_CANDIDATE_SPLITS,2011 Census PCA linked to official 2022 Delhi ward delimitation. Direct PCA units receive full-value transfer. Split PCA units with passing population-share QA receive candidate population-proportional allocation. Unresolved/manual units are explicitly flagged.,0.1690583228218226,0.1139776691131263,0.0908039937641011,0.3349981140774538,1.485715116596297,99.86742168280388,48.39339102645888,48.14182873487829,49.63875641790474,1.485297249999043,99.83933335065394,50.557666958031525,50.390924610354354,51.89449529393353,1.485297249999043,99.83933335065394,39.47601415572535,39.31867087454546,40.55574143374627,1.485297249999043,99.83933335065394,0,0,0,-8.917376870733527,0.027124426967085
137,MAHAVIR ENCLAVE,37,PALAM,1.4963958167897524,67473.0,8119.741012392962,45090.34257042442,0.1203405956811311,48.590568106412334,50.51198698329641,39.56278916674039,49.35986378040135,51.45266930022067,40.491499283342186,1.921418876884076,-10.949197816556024,-9.027778939671947,0.1317209910277791,0.1464143598354378,0.1504293568780674,0.2079845891268159,0.2452610618085753,0.2710974124170648,0.018708365850288317,11.23,0,0,0,11.97,0,0,67473,9134,1.0,1,0,1,0,DIRECT_PLUS_CANDIDATE_SPLITS,2011 Census PCA linked to official 2022 Delhi ward delimitation. Direct PCA units receive full-value transfer. Split PCA units with passing population-share QA receive candidate population-proportional allocation. Unresolved/manual units are explicitly flagged.,0.1504293568780674,0.1151177780663888,0.0918864508036121,0.2710974124170648,1.4941172577457202,99.8477301915398,48.590568106412334,48.5784097971958,49.35986378040135,1.4941008705784218,99.84663508240394,50.51198698329641,50.45235931182086,51.45266930022067,1.4941008705784218,99.84663508240394,39.56278916674039,39.43072832068983,40.491499283342186,1.4941008705784218,99.84663508240394,0,0,0,-9.027778939671949,0.0187083658502883
138,SADH NAGAR,37,PALAM,1.098660087363093,56487.0,5458.73266303136,51414.44624203571,0.0966369724543941,48.03187024845765,50.01952100110928,39.64298979005009,48.66999036200002,50.57748202738065,40.27578120066154,1.987650752651632,-10.376531211059197,-8.388880458407563,0.1329364484455268,0.1419612038078525,0.1448346812233156,0.1960798971090801,0.2298127849937942,0.2471535995951205,0.011898232777788814,9.27,0,0,0,10.18,0,0,56487,5826,1.0,2,1,1,0,DIRECT_PLUS_CANDIDATE_SPLITS,2011 Census PCA linked to official 2022 Delhi ward delimitation. Direct PCA units receive full-value transfer. Split PCA units with passing population-share QA receive candidate population-proportional allocation. Unresolved/manual units are explicitly flagged.,0.1448346812233156,0.1161589329388728,0.100745742547367,0.2471535995951205,1.0969110670012827,99.84080423217992,48.03187024845765,48.01662160323143,48.66999036200002,1.0970010853362442,99.84899769765636,50.01952100110928,50.11154159933305,50.57748202738065,1.0970010853362442,99.84899769765636,39.64298979005009,39.66388024792953,40.27578120066154,1.0970010853362442,99.84899769765636,0,0,0,-8.388880458407563,0.0118982327777888
139,NARAINA,39,RAJINDER NAGAR,2.6475763099183047,80240.0,17177.79827807656,30306.964033258002,0.214080237762669,47.886021385767584,50.70693338281927,39.5862088710863,49.41923565417952,52.47003998057392,40.98239041536648,2.820911997051688,-11.120724511732972,-8.299812514681285,0.2090936470704889,0.2314431801257772,0.2408149358583972,0.3060442454814664,0.3468025572767357,0.3782722133745526,0.03172128878790828,6.67,0,0,0,5.97,0,0,80240,15689,1.0,2,0,2,0,DIRECT_PLUS_CANDIDATE_SPLITS,2011 Census PCA linked to official 2022 Delhi ward delimitation. Direct PCA units receive full-value transfer. Split PCA units with passing population-share QA receive candidate population-proportional allocation. Unresolved/manual units are explicitly flagged.,0.2408149358583972,0.2216282339685221,0.1376227711168352,0.3782722133745526,2.6435228825286265,99.84690045100896,47.886021385767584,47.95543716088336,49.41923565417952,2.643440918983607,99.84380465563144,50.70693338281927,50.842760798990376,52.47003998057392,2.643440918983607,99.84380465563144,39.5862088710863,39.64058835214542,40.98239041536648,2.643440918983607,99.84380465563144,0,0,0,-8.299812514681285,0.0317212887879082
140,INDER PURI,39,RAJINDER NAGAR,6.247977545322881,59603.0,16542.31526594602,9539.566934682358,0.2775416550500145,48.28366825664396,51.51486756706936,39.00163130045075,52.289006214285735,56.27879648115386,40.965928046135126,3.231199310425396,-12.513236266618613,-9.282036956193217,0.2768424843017078,0.2929530051735528,0.3263400500743753,0.4006897584334406,0.4366648025577546,0.4629151759239259,0.04949756577266745,6.0,0,0,0,4.85,0,0,59603,17847,1.0,3,1,2,0,DIRECT_PLUS_CANDIDATE_SPLITS,2011 Census PCA linked to official 2022 Delhi ward delimitation. Direct PCA units receive full-value transfer. Split PCA units with passing population-share QA receive candidate population-proportional allocation. Unresolved/manual units are explicitly flagged.,0.3263400500743753,0.3145891075835411,0.2088101525444076,0.4629151759239259,6.238779730263871,99.8527873221008,48.28366825664396,47.84378172230666,52.289006214285735,6.238879279378014,99.85438062350788,51.51486756706936,50.83996188037694,56.27879648115386,6.238879279378014,99.85438062350788,39.00163130045075,38.84671237157414,40.965928046135126,6.238879279378014,99.85438062350788,0,0,0,-9.282036956193217,0.0494975657726674
141,RAJINDER NAGAR,39,RAJINDER NAGAR,7.83031806872868,62224.0,10235.88645597742,7946.548205812872,0.1645006180248365,46.14103847007177,49.34719292809104,36.80522823045381,48.095676960556034,51.216301992353245,39.21994146495504,3.2061544580192702,-12.541964697637232,-9.335810239617963,0.2874126654361311,0.2998285401185465,0.4477156603419829,0.4040914149693211,0.4277811709137133,0.6467301068031965,0.16030299490585181,4.78,0,0,0,2.79,0,0,62224,10420,1.0,2,1,1,0,DIRECT_PLUS_CANDIDATE_SPLITS,2011 Census PCA linked to official 2022 Delhi ward delimitation. Direct PCA units receive full-value transfer. Split PCA units with passing population-share QA receive candidate population-proportional allocation. Unresolved/manual units are explicitly flagged.,0.4477156603419829,0.4981444855805672,0.169710084063662,0.6467301068031965,7.818955906275362,99.85489526282856,46.14103847007177,46.21861935648655,48.095676960556034,7.818624474227131,99.8506625861311,49.34719292809104,49.53033293555104,51.216301992353245,7.818624474227131,99.8506625861311,36.80522823045381,36.72266873440948,39.21994146495504,7.818624474227131,99.8506625861311,0,0,0,-9.335810239617963,0.1603029949058518
142,DARYAGANJ,41,JANGPURA,12.780509304432952,44956.0,8125.824723673186,3517.54370104851,0.1807506166846068,44.62931332870539,46.76326593003169,38.09357957441679,47.81312284406831,50.17939288736691,40.81304217167954,2.1339526013263,-8.6696863556149,-6.5357337542886,0.3145652644072541,0.3578217881052102,0.361674618250978,0.4668294274413043,0.5292084091266112,0.5487356811309029,0.047109353843723945,1.83,0,0,0,2.02,0,0,44956,8037,1.0,3,0,3,0,DIRECT_PLUS_CANDIDATE_SPLITS,2011 Census PCA linked to official 2022 Delhi ward delimitation. Direct PCA units receive full-value transfer. Split PCA units with passing population-share QA receive candidate population-proportional allocation. Unresolved/manual units are explicitly flagged.,0.361674618250978,0.3691717802001785,0.158099003442475,0.5487356811309029,12.76177818047116,99.85343992547078,44.62931332870539,45.06629371949863,47.81312284406831,12.761723654415349,99.85301329101894,46.76326593003169,47.30768017284175,50.17939288736691,12.761723654415349,99.85301329101894,38.09357957441679,38.43789175962394,40.81304217167954,12.761723654415349,99.85301329101894,0,0,0,-6.5357337542886,0.0471093538437239
143,SIDHARTHA NAGAR,41,JANGPURA,4.078164993974153,52058.0,11836.32338008505,12765.054890353938,0.2273680006931702,44.19452732385008,47.745574651042,38.10666954923822,47.78373832926648,51.819295781795645,40.83956609479839,3.5510473271919167,-9.63890510180378,-6.087857774611862,0.3016031995070475,0.3227632799109709,0.3237729992708889,0.4823567158632794,0.5257428485154982,0.5171648305570655,0.02216979976384137,4.15,0,0,0,3.33,0,0,52058,12208,1.0,3,0,3,0,DIRECT_PLUS_CANDIDATE_SPLITS,2011 Census PCA linked to official 2022 Delhi ward delimitation. Direct PCA units receive full-value transfer. Split PCA units with passing population-share QA receive candidate population-proportional allocation. Unresolved/manual units are explicitly flagged.,0.3237729992708889,0.3143425618829335,0.1427024779399607,0.5171648305570655,4.071994920865408,99.848704671884,44.19452732385008,44.900519103683095,47.78373832926648,4.072059286580164,99.85028297278284,47.745574651042,48.18516661677866,51.819295781795645,4.072059286580164,99.85028297278284,38.10666954923822,38.5919297437941,40.83956609479839,4.072059286580164,99.85028297278284,0,0,0,-6.087857774611862,0.0221697997638413
144,LAJPAT NAGAR,41,JANGPURA,2.2591818203994305,53035.0,6607.85189624176,23475.312841630093,0.1245941717024938,45.57577514070717,47.88686005615183,39.00031301016563,46.76274467154733,49.20578509862289,40.169364112902166,2.31108491544466,-8.886547045986205,-6.5754621305415455,0.2828593917540467,0.3041765528901766,0.3126530244863766,0.4248419019237884,0.4707003319825362,0.4976956671832976,0.029793632732329933,2.03,0,0,0,2.11,0,0,53035,6325,1.0,2,1,1,0,DIRECT_PLUS_CANDIDATE_SPLITS,2011 Census PCA linked to official 2022 Delhi ward delimitation. Direct PCA units receive full-value transfer. Split PCA units with passing population-share QA receive candidate population-proportional allocation. Unresolved/manual units are explicitly flagged.,0.3126530244863766,0.2910183329418664,0.1620655354395084,0.4976956671832976,2.255884137461224,99.8540319814709,45.57577514070717,45.641166754866994,46.76274467154733,2.255702146462833,99.84597636608184,47.88686005615183,47.9866808748727,49.20578509862289,2.255702146462833,99.84597636608184,39.00031301016563,39.17218734495857,40.169364112902166,2.255702146462833,99.84597636608184,0,0,0,-6.5754621305415455,0.0297936327323299
145,ANDREWS GANJ,42,KASTURBA NAGAR,5.106793465485802,66237.0,8929.668767180992,12970.369850995918,0.1348139071392272,45.93403073751134,48.31667265931897,39.29060479078184,47.71844313906632,50.07834194000003,40.76260066266668,2.3826419218076254,-9.026067868537126,-6.643425946729501,0.2798271992077712,0.3098303138995579,0.311555571936814,0.3914651492020811,0.4318781024548647,0.4432817131104813,0.031728372729042775,0.55,0,0,0,0.56,0,0,66237,9643,1.0,3,0,3,0,DIRECT_PLUS_CANDIDATE_SPLITS,2011 Census PCA linked to official 2022 Delhi ward delimitation. Direct PCA units receive full-value transfer. Split PCA units with passing population-share QA receive candidate population-proportional allocation. Unresolved/manual units are explicitly flagged.,0.311555571936814,0.3066127583233314,0.1817589885541827,0.4432817131104813,5.099116139765726,99.84966445633717,45.93403073751134,45.721220884669016,47.71844313906632,5.098949413889691,99.8463996703778,48.31667265931897,48.107149767644415,50.07834194000003,5.098949413889691,99.8463996703778,39.29060479078184,39.17288668884313,40.76260066266668,5.098949413889691,99.8463996703778,0,0,0,-6.643425946729501,0.0317283727290427
146,AMAR COLONY,42,KASTURBA NAGAR,2.813169020704278,56045.0,3781.212135126838,19922.37209620953,0.067467430370717,45.633114929538095,48.08955538592734,39.12528484480087,46.85875575168872,49.48530962339518,40.16801806391536,2.456440456389245,-8.964270541126467,-6.507830084737222,0.252263707172897,0.2782807722128847,0.2813905592140548,0.3679951588676042,0.4169593788387203,0.4313668986297961,0.029126852041157836,1.38,0,0,0,1.92,0,0,56045,2235,1.0,3,0,3,0,DIRECT_PLUS_CANDIDATE_SPLITS,2011 Census PCA linked to official 2022 Delhi ward delimitation. Direct PCA units receive full-value transfer. Split PCA units with passing population-share QA receive candidate population-proportional allocation. Unresolved/manual units are explicitly flagged.,0.2813905592140548,0.2677415651539066,0.1500276181782216,0.4313668986297961,2.8087864531408013,99.84421243333684,45.633114929538095,45.61010758790982,46.85875575168872,2.8086904679680287,99.8408004388187,48.08955538592734,48.0462292146908,49.48530962339518,2.8086904679680287,99.8408004388187,39.12528484480087,39.10865199030187,40.16801806391536,2.8086904679680287,99.8408004388187,0,0,0,-6.507830084737222,0.0291268520411578
147,KOTLA MUBARAKPUR,42,KASTURBA NAGAR,1.8546566713837145,49669.0,10223.04351768739,26780.697886764756,0.2058234214034385,46.15307544201352,48.89577288766608,39.56726407481438,47.35883714581974,50.53343830339137,40.98707894000001,2.74269744565256,-9.328508812851696,-6.585811367199135,0.2164396892117305,0.2418468741829126,0.2426208088847587,0.3504266628227696,0.4004919715233271,0.4272620727849077,0.02618111967302819,1.17,0,0,0,1.42,0,0,49669,11030,1.0,3,0,3,0,DIRECT_PLUS_CANDIDATE_SPLITS,2011 Census PCA linked to official 2022 Delhi ward delimitation. Direct PCA units receive full-value transfer. Split PCA units with passing population-share QA receive candidate population-proportional allocation. Unresolved/manual units are explicitly flagged.,0.2426208088847587,0.2049559642107325,0.1153269141786829,0.4272620727849077,1.8518605024955,99.849235228743,46.15307544201352,46.078852824935055,47.35883714581974,1.8519007998061223,99.85140799264288,48.89577288766608,48.77938865322774,50.53343830339137,1.8519007998061223,99.85140799264288,39.56726407481438,39.54698818073616,40.98707894000001,1.8519007998061223,99.85140799264288,0,0,0,-6.585811367199135,0.0261811196730281
148,HAUZ KHAS,43,MALVIYA NAGAR,5.478704253790899,45509.0,4126.502730837353,8306.52612221417,0.0906744321087554,44.43882938182606,47.15628740253575,37.2237407602538,46.15663166845489,48.90287818191271,39.157351464161096,2.7174580207096923,-9.932546642281956,-7.215088621572264,0.3611542844838996,0.3771649535840546,0.4233734360448567,0.5087514798645358,0.525404891827755,0.6623638641697016,0.06221915156095714,2.37,0,0,0,2.52,0,0,45509,4368,1.0,2,0,2,0,DIRECT_PLUS_CANDIDATE_SPLITS,2011 Census PCA linked to official 2022 Delhi ward delimitation. Direct PCA units receive full-value transfer. Split PCA units with passing population-share QA receive candidate population-proportional allocation. Unresolved/manual units are explicitly flagged.,0.4233734360448567,0.4194273468397897,0.2012905477574942,0.6623638641697016,5.470222303587669,99.84518328038313,44.43882938182606,44.53182927629254,46.15663166845489,5.470236933184694,99.84545030697092,47.15628740253575,47.21765243363222,48.90287818191271,5.470236933184694,99.84545030697092,37.2237407602538,37.59453622779619,39.157351464161096,5.470236933184694,99.84545030697092,0,0,0,-7.215088621572264,0.0622191515609571
149,MALVIYA NAGAR,43,MALVIYA NAGAR,2.7685205935799844,62475.0,5155.332980383415,22566.203821952917,0.0825183350201426,45.32803583503417,48.094048361274375,38.440407965861134,46.450049446722886,49.32887638450036,39.578126784200094,2.7660125262402038,-9.65364039541324,-6.887627869173038,0.2882036702085027,0.3088001521991911,0.324730427790302,0.4267321339997808,0.4550988313553143,0.5016249545927087,0.036526757581799296,1.77,0,0,0,2.41,0,0,62475,5106,1.0,2,1,1,0,DIRECT_PLUS_CANDIDATE_SPLITS,2011 Census PCA linked to official 2022 Delhi ward delimitation. Direct PCA units receive full-value transfer. Split PCA units with passing population-share QA receive candidate population-proportional allocation. Unresolved/manual units are explicitly flagged.,0.324730427790302,0.3106430953761183,0.1660910609369466,0.5016249545927087,2.7641840958445822,99.84336407879869,45.32803583503417,45.42242453066132,46.450049446722886,2.764373240227913,99.85019604471468,48.094048361274375,48.20251776074917,49.32887638450036,2.764373240227913,99.85019604471468,38.440407965861134,38.579589022583576,39.578126784200094,2.764373240227913,99.85019604471468,0,0,0,-6.887627869173038,0.0365267575817992
150,GREEN PARK,43,MALVIYA NAGAR,3.96809178588765,49705.0,4260.164288779232,12526.171944100115,0.0857089686908607,44.00999709110374,46.417478487544926,36.82432597058919,46.21678749262906,48.71709801845331,38.96677386137378,2.4074813964411845,-9.593152516955731,-7.185671120514549,0.3459783649667118,0.3701823333345089,0.4046298727279769,0.5339567552299974,0.5527175035489321,0.6505220577786968,0.0586515077612651,1.66,0,0,0,2.45,0,0,49705,4068,1.0,2,1,1,0,DIRECT_PLUS_CANDIDATE_SPLITS,2011 Census PCA linked to official 2022 Delhi ward delimitation. Direct PCA units receive full-value transfer. Split PCA units with passing population-share QA receive candidate population-proportional allocation. Unresolved/manual units are explicitly flagged.,0.4046298727279769,0.3729857450969779,0.1854943286062337,0.6505220577786968,3.962229782898907,99.8522714870258,44.00999709110374,44.52634508797558,46.21678749262906,3.9621745782662177,99.8508802734232,46.417478487544926,46.97285132331622,48.71709801845331,3.9621745782662177,99.8508802734232,36.82432597058919,37.65470131380695,38.96677386137378,3.9621745782662177,99.8508802734232,0,0,0,-7.185671120514549,0.0586515077612651
151,MUNIRKA,44,R K PURAM,2.7916643745050136,42344.0,5240.0,15168.012454042926,0.1237483468732288,45.79022231394001,48.09317070691338,38.44724395125866,46.8242733577662,49.4546732405682,39.70394207535619,2.302948392973363,-9.645926755654711,-7.34297836268135,0.2870960935380299,0.331239243724194,0.3475363021962681,0.3839551978484398,0.4406238704978067,0.4747545007186369,0.06044020865823818,1.59,0,0,0,4.28,0,0,63604,8935,0.6657442928117728,3,1,0,2,CONTAINS_MANUAL_REVIEW_UNITS,2011 Census PCA linked to official 2022 Delhi ward delimitation. Direct PCA units receive full-value transfer. Split PCA units with passing population-share QA receive candidate population-proportional allocation. Unresolved/manual units are explicitly flagged.,0.3475363021962681,0.3652040541794406,0.1742643245019169,0.4747545007186369,2.7873499929993883,99.84545486395048,45.79022231394001,45.86168034727807,46.8242733577662,2.7873577147930098,99.84573146574012,48.09317070691338,48.01481708333101,49.4546732405682,2.7873577147930098,99.84573146574012,38.44724395125866,38.329065278126464,39.70394207535619,2.7873577147930098,99.84573146574012,0,0,0,-7.34297836268135,0.0604402086582381
152,R.K. PURAM,44,R K PURAM,2.2671479114448383,22743.0,4231.021872304665,10031.546634072956,0.1860362253134883,45.72778542545205,47.63892520374209,38.33349989329202,46.85606877832709,48.79641476166219,39.29332887463237,1.9111397782900423,-9.305425310450069,-7.394285532160026,0.3173835934721578,0.3704629521276472,0.3941681565215432,0.3837453088518199,0.4582106108516612,0.4954660687891107,0.07678456304938541,1.9,0,0,0,3.94,0,0,54347,10587,0.4184775608589251,2,0,1,1,CONTAINS_MANUAL_REVIEW_UNITS,2011 Census PCA linked to official 2022 Delhi ward delimitation. Direct PCA units receive full-value transfer. Split PCA units with passing population-share QA receive candidate population-proportional allocation. Unresolved/manual units are explicitly flagged.,0.3941681565215432,0.4034397460879604,0.2743079139840562,0.4954660687891107,2.2637260031676067,99.84906550384484,45.72778542545205,45.76682195424595,46.85606877832709,2.2637166479944555,99.8486528632269,47.63892520374209,47.612569605298525,48.79641476166219,2.2637166479944555,99.8486528632269,38.33349989329202,38.264664848203886,39.29332887463237,2.2637166479944555,99.8486528632269,0,0,0,-7.394285532160026,0.0767845630493854
153,VASANT VIHAR,44,R K PURAM,7.450178825162673,43976.0,6474.978127695335,5902.677107759195,0.1472389059417713,46.70514193368649,48.6943452213428,37.918375168131256,50.34669450274147,52.090454556852656,39.45394559449221,1.9892032876563093,-10.775970053211545,-8.786766765555235,0.3048338783409092,0.3386097087537065,0.4120223294066044,0.4071174147019606,0.4513475327717227,0.5956148747444475,0.10718845106569519,2.98,0,0,0,4.99,0,0,55960,9430,0.7858470335954253,3,1,1,1,CONTAINS_MANUAL_REVIEW_UNITS,2011 Census PCA linked to official 2022 Delhi ward delimitation. Direct PCA units receive full-value transfer. Split PCA units with passing population-share QA receive candidate population-proportional allocation. Unresolved/manual units are explicitly flagged.,0.4120223294066044,0.4041910048442798,0.2441707118395703,0.5956148747444475,7.43899387106024,99.84986999151408,46.70514193368649,46.031011872826696,50.34669450274147,7.438936353983794,99.84909796875068,48.6943452213428,48.091830877597786,52.090454556852656,7.438936353983794,99.84909796875068,37.918375168131256,37.86092624352756,39.45394559449221,7.438936353983794,99.84909796875068,0,0,0,-8.786766765555235,0.1071884510656951
154,LADO SARAI,45,MEHRAULI,9.068403211572376,68172.0,15122.97398493992,7517.530750397635,0.2218355627668239,45.38605350654985,48.19663987721831,37.18351496955163,47.59141417268199,50.15666443114898,39.15682058013733,2.81058637066846,-11.01312490766668,-8.202538536998219,0.3565803159264577,0.3677291964065429,0.4790282277041016,0.4942382079790084,0.4980631363400715,0.6544482031843282,0.12244791177764386,1.72,0,0,0,1.69,0,0,68172,16349,1.0,3,1,2,0,DIRECT_PLUS_CANDIDATE_SPLITS,2011 Census PCA linked to official 2022 Delhi ward delimitation. Direct PCA units receive full-value transfer. Split PCA units with passing population-share QA receive candidate population-proportional allocation. Unresolved/manual units are explicitly flagged.,0.4790282277041016,0.5057032739325669,0.2441392466206705,0.6544482031843282,9.054672680266249,99.84858931626898,45.38605350654985,45.27946868029719,47.59141417268199,9.05452223936433,99.84693035935662,48.19663987721831,48.15838005996425,50.15666443114898,9.054522239303294,99.84693035868358,37.18351496955163,37.15588007601909,39.15682058013733,9.054522239303294,99.84693035868358,0,0,0,-8.202538536998219,0.1224479117776438
155,MEHRAULI,45,MEHRAULI,5.674834064270927,74939.0,8335.552688357642,13205.496257911776,0.1112311705301331,44.854834757922895,47.97147123688087,36.93248747080517,46.7826338080778,50.220123567317096,39.671825733292,3.116636478957979,-11.038983766075702,-7.922347287117724,0.3349577003432077,0.3484823417207279,0.459853412801356,0.5016776687910917,0.5252268651658099,0.693226494169795,0.12489571245814829,1.01,0,0,0,1.45,0,0,74939,8317,1.0,2,1,1,0,DIRECT_PLUS_CANDIDATE_SPLITS,2011 Census PCA linked to official 2022 Delhi ward delimitation. Direct PCA units receive full-value transfer. Split PCA units with passing population-share QA receive candidate population-proportional allocation. Unresolved/manual units are explicitly flagged.,0.459853412801356,0.5020198721429503,0.1461056373095221,0.693226494169795,5.666408771975774,99.85153235848428,44.854834757922895,45.16015553906894,46.7826338080778,5.66637774073271,99.85098553645015,47.97147123688087,48.22166780101756,50.220123567317096,5.66637774073271,99.85098553645015,36.93248747080517,36.98398605467371,39.671825733292,5.66637774073271,99.85098553645015,0,0,0,-7.922347287117724,0.1248957124581482
156,VASANT KUNJ,45,MEHRAULI,22.63755054455429,57080.0,6666.759348086158,2521.4742154924184,0.1167967650330441,48.04662702107546,50.757703586123846,38.8637159796197,51.46940343819708,54.53038368851106,41.21873769419701,2.711076565048387,-11.893987606504147,-9.18291104145576,0.3099585498878452,0.326881509095388,0.433446237957407,0.4393946032114281,0.4627361147237083,0.5957905144904219,0.12348768806956179,5.67,0,0,0,6.25,0,0,57080,5467,1.0,4,1,3,0,DIRECT_PLUS_CANDIDATE_SPLITS,2011 Census PCA linked to official 2022 Delhi ward delimitation. Direct PCA units receive full-value transfer. Split PCA units with passing population-share QA receive candidate population-proportional allocation. Unresolved/manual units are explicitly flagged.,0.433446237957407,0.4354962403820391,0.2677250937657118,0.5957905144904219,22.60396805904564,99.85165141677956,48.04662702107546,47.9666505902556,51.46940343819708,22.60422591125897,99.85279046321848,50.757703586123846,50.65426237922273,54.53038368851106,22.60422591125897,99.85279046321848,38.8637159796197,38.71965742719178,41.21873769419701,22.60422591125897,99.85279046321848,0,0,0,-9.18291104145576,0.1234876880695617
157,AYA NAGAR,46,CHHATARPUR,15.499734209108938,51783.0,6154.918758815233,3340.895998691899,0.1188598335132231,49.412682975450274,52.327476068868215,39.859078661981634,51.3442279399629,54.53051361364951,41.53106957935789,2.9147930934179413,-12.46839740688658,-9.55360431346864,0.2659116662191485,0.2707323279244054,0.4239434586222932,0.3623186354224655,0.376839404053032,0.5996955283839348,0.1580317924031447,7.65,0,0,0,8.27,0,0,51783,7027,1.0,3,2,1,0,DIRECT_PLUS_CANDIDATE_SPLITS,2011 Census PCA linked to official 2022 Delhi ward delimitation. Direct PCA units receive full-value transfer. Split PCA units with passing population-share QA receive candidate population-proportional allocation. Unresolved/manual units are explicitly flagged.,0.4239434586222932,0.4432996635556139,0.201128094266152,0.5996955283839348,15.477019856915168,99.85345327934448,49.412682975450274,49.657580690481424,51.3442279399629,15.476974441124046,99.853160269216,52.327476068868215,52.46932335498661,54.53051361364951,15.47697444106301,99.8531602688222,39.859078661981634,40.03328703135991,41.53106957935789,15.47697444106301,99.8531602688222,0,0,0,-9.55360431346864,0.1580317924031447
158,BHATI,46,CHHATARPUR,55.94164052892968,71373.0,11929.08124118477,1275.8474604099274,0.1671371700949206,48.09735367895415,52.13826585260072,39.8960756322353,50.532266268954025,55.30970983556061,41.780637859507394,4.040912173646568,-12.242190220365416,-8.201278046718848,0.3054946214458741,0.2966083003378075,0.4450308324609084,0.4198370062937182,0.4277390150663324,0.587889698161446,0.13953621101503433,8.63,0,0,0,8.35,0,0,71373,11057,1.0,6,5,1,0,DIRECT_PLUS_CANDIDATE_SPLITS,2011 Census PCA linked to official 2022 Delhi ward delimitation. Direct PCA units receive full-value transfer. Split PCA units with passing population-share QA receive candidate population-proportional allocation. Unresolved/manual units are explicitly flagged.,0.4450308324609084,0.4550752066874225,0.2714974761337122,0.587889698161446,55.85963950109955,99.8534168339455,48.09735367895415,48.34392579252437,50.532266268954025,55.85962231435448,99.85338611131222,52.13826585260072,52.4370807848298,55.30970983556061,55.8596223142324,99.853386111094,39.8960756322353,39.90557802518465,41.780637859507394,55.8596223142324,99.853386111094,0,0,0,-8.201278046718848,0.1395362110150343
159,CHHATARPUR,46,CHHATARPUR,10.956291563429255,55961.0,7603.279096117667,5107.658889508827,0.1358674629852517,45.67909973594688,48.84844021010748,38.128769719869545,48.533527412631614,51.71875026800003,40.09315348460773,3.169340474160606,-10.719670490237938,-7.550330016077332,0.3496423745341266,0.3587031576829483,0.4318492493661694,0.482286556573963,0.4980210530377202,0.5995229308629492,0.08220687483204281,3.75,0,0,0,4.27,0,0,58988,8849,0.9486844781989556,2,1,1,0,DIRECT_PLUS_CANDIDATE_SPLITS,2011 Census PCA linked to official 2022 Delhi ward delimitation. Direct PCA units receive full-value transfer. Split PCA units with passing population-share QA receive candidate population-proportional allocation. Unresolved/manual units are explicitly flagged.,0.4318492493661694,0.4589275869795082,0.193357100361853,0.5995229308629492,10.9401343689556,99.85253044444724,45.67909973594688,45.596875887202,48.533527412631614,10.9403978333599,99.85493513040116,48.84844021010748,48.843662479825774,51.71875026800003,10.9403978333599,99.85493513040116,38.128769719869545,37.90593040016338,40.09315348460773,10.9403978333599,99.85493513040116,0,0,0,-7.550330016077332,0.0822068748320428
160,SAID-UL-AJAIB,46,CHHATARPUR,25.826084295853484,61801.0,8181.720903882333,2392.968259997606,0.1323881636847678,47.89252060998818,51.40828203956176,38.88161024977026,49.96662197798568,54.68736512977853,40.65405480840889,3.51576142957358,-12.5266717897915,-9.01091036021792,0.2915664367560696,0.2851961866804142,0.4475103964394526,0.3916152539322505,0.3927378333683927,0.619106892348938,0.15594395968338304,4.57,0,0,0,3.83,0,0,70967,8905,0.870841376978032,5,4,1,0,DIRECT_PLUS_CANDIDATE_SPLITS,2011 Census PCA linked to official 2022 Delhi ward delimitation. Direct PCA units receive full-value transfer. Split PCA units with passing population-share QA receive candidate population-proportional allocation. Unresolved/manual units are explicitly flagged.,0.4475103964394526,0.4628429894761777,0.2323549079641,0.619106892348938,25.7881767376513,99.85321987736148,47.89252060998818,47.90714358760633,49.96662197798568,25.78728123890908,99.849752457632,51.40828203956176,51.4344870158654,54.68736512977853,25.78728123890908,99.849752457632,38.88161024977026,38.90688289352311,40.65405480840889,25.78728123890908,99.849752457632,0,0,0,-9.01091036021792,0.155943959683383
161,DEOLI,47,DEOLI,5.074343335020942,31907.0,5353.659552798048,6287.907201665202,0.1677894992571551,47.74881956449533,51.26017076796846,39.15919789017418,49.53662343203588,53.468385323242266,40.84225877558168,3.511351203473133,-12.100972877794284,-8.589621674321151,0.261537912912303,0.2523287453042288,0.3859382651727832,0.3660403677204282,0.3602139139441488,0.5720988412441492,0.12440035226048018,4.75,0,0,0,4.04,0,0,57881,10241,0.551251706086626,2,0,1,1,CONTAINS_MANUAL_REVIEW_UNITS,2011 Census PCA linked to official 2022 Delhi ward delimitation. Direct PCA units receive full-value transfer. Split PCA units with passing population-share QA receive candidate population-proportional allocation. Unresolved/manual units are explicitly flagged.,0.3859382651727832,0.4317209277355516,0.13116955967781,0.5720988412441492,5.066406225625678,99.84358351669889,47.74881956449533,47.65668495538804,49.53662343203588,5.066948439019648,99.8542689070671,51.26017076796846,51.15527911340928,53.468385323242266,5.066948439019648,99.8542689070671,39.15919789017418,39.21959338411685,40.84225877558168,5.066948439019648,99.8542689070671,0,0,0,-8.589621674321151,0.1244003522604801
162,TIGRI,47,DEOLI,1.0224119373265714,68922.0,24256.0,67411.18475222324,0.3519340703984214,46.52933640185834,49.3064931995409,39.93533006414403,47.56831867422802,53.0268621421641,40.72362833436849,2.777156797682565,-9.37116313539687,-6.594006337714305,0.1850911268705613,0.2004410870859786,0.2167248728496346,0.3129012332599355,0.3566185396839146,0.4167306359413867,0.031633745979073286,5.15,0,0,0,4.94,0,0,70576,24661,0.976564271140331,4,3,0,1,CONTAINS_MANUAL_REVIEW_UNITS,2011 Census PCA linked to official 2022 Delhi ward delimitation. Direct PCA units receive full-value transfer. Split PCA units with passing population-share QA receive candidate population-proportional allocation. Unresolved/manual units are explicitly flagged.,0.2167248728496346,0.15372094219207,0.1114482709743628,0.4167306359413867,1.0206187748578246,99.82461448235476,46.52933640185834,46.56791833721487,47.56831867422802,1.02031612801394,99.7950132196117,49.3064931995409,49.09246718338153,53.0268621421641,1.02031612801394,99.7950132196117,39.93533006414403,39.961300668657664,40.72362833436849,1.02031612801394,99.7950132196117,0,0,0,-6.594006337714305,0.0316337459790732
163,SANGAM VIHAR-A,47,DEOLI,1.4209756166212424,75114.0,12603.34044720195,52860.86483215247,0.1677894992571551,48.04918666289358,52.15256719202543,40.42716847122981,49.20415216758563,54.5976959642273,41.11088071691783,4.103380529131847,-11.725398720795615,-7.62201819166377,0.1673167326366824,0.1655429146607914,0.2117446741558777,0.2585416886485166,0.2547916401412781,0.42803452389616,0.044427941519195296,5.57,0,0,0,5.03,0,0,75114,11363,1.0,1,0,1,0,DIRECT_PLUS_CANDIDATE_SPLITS,2011 Census PCA linked to official 2022 Delhi ward delimitation. Direct PCA units receive full-value transfer. Split PCA units with passing population-share QA receive candidate population-proportional allocation. Unresolved/manual units are explicitly flagged.,0.2117446741558777,0.150063278510575,0.1152789532501296,0.42803452389616,1.4189031491148714,99.85415178964864,48.04918666289358,47.921416108860726,49.20415216758563,1.418709466446222,99.84052152981984,52.15256719202543,51.3411567157143,54.5976959642273,1.418709466446222,99.84052152981984,40.42716847122981,40.57777241292671,41.11088071691783,1.418709466446222,99.84052152981984,0,0,0,-7.62201819166377,0.0444279415191952
164,DAKSHIN PURI,47,DEOLI,1.8025995048739032,72967.0,25724.0,40478.76403089562,0.3525429303657818,44.67071010302495,48.56879038499797,37.056696410237805,46.19747437665478,52.46160677730688,39.354144668877694,3.898080281973016,-11.512093974760162,-7.614013692787147,0.3184025516349152,0.345827028470512,0.4728601827947259,0.4365690344219461,0.4719339710877536,0.6853111527993363,0.1544576311598107,4.98,0,0,0,4.1,0,0,72346,25687,1.008583750311006,2,2,0,0,DIRECT_ONLY,2011 Census PCA linked to official 2022 Delhi ward delimitation. Direct PCA units receive full-value transfer. Split PCA units with passing population-share QA receive candidate population-proportional allocation. Unresolved/manual units are explicitly flagged.,0.4728601827947259,0.5252788320210025,0.193268499617758,0.6853111527993363,1.7999309828031644,99.85196256497775,44.67071010302495,44.86310103402754,46.19747437665478,1.8001095262479896,99.86186734107154,48.56879038499797,47.84535798038462,52.46160677730688,1.8001095262479896,99.86186734107154,37.056696410237805,37.32587278804536,39.354144668877694,1.8001095262479896,99.86186734107154,0,0,0,-7.614013692787147,0.1544576311598107
165,MADANGIR,48,AMBEDKAR NAGAR,0.5240339300408206,52695.0,23524.37871735492,100556.46586833648,0.4464252531996379,44.76202271404961,51.20644358823144,39.05649338794501,45.60589357611063,52.23183842272365,39.79191128000002,6.44442087418183,-12.149950200286426,-5.705529326104596,0.2173148275893854,0.2425712680335468,0.2482433616756414,0.3170921367181546,0.3914605876670486,0.3858870163788912,0.03092853408625601,4.45,0,0,0,4.14,0,0,52695,23458,1.0,2,1,1,0,DIRECT_PLUS_CANDIDATE_SPLITS,2011 Census PCA linked to official 2022 Delhi ward delimitation. Direct PCA units receive full-value transfer. Split PCA units with passing population-share QA receive candidate population-proportional allocation. Unresolved/manual units are explicitly flagged.,0.2482433616756414,0.2282850126501536,0.146921273903932,0.3858870163788912,0.5232100566990272,99.84278244316562,44.76202271404961,44.73493787000002,45.60589357611063,0.5232300135861865,99.84659076282114,51.20644358823144,51.11281046661614,52.23183842272365,0.5232300135861865,99.84659076282114,39.05649338794501,38.97744594285715,39.79191128000002,0.5232300135861865,99.84659076282114,0,0,0,-5.705529326104596,0.030928534086256
166,PUSHP VIHAR,48,AMBEDKAR NAGAR,2.4185017835458607,82509.0,29463.42937258226,34115.74908124744,0.357093521586521,45.57225590429334,49.41680694658577,39.03422810865846,46.94961119976848,51.781796822731344,40.05156123306904,3.84455104229243,-10.382578837927312,-6.538027795634882,0.2943408580300857,0.3286305701796247,0.3463300901039199,0.3837968249593225,0.4463502078778401,0.4745113251501528,0.05198923207383421,3.37,0,0,0,3.51,0,0,82509,29433,1.0,2,0,2,0,DIRECT_PLUS_CANDIDATE_SPLITS,2011 Census PCA linked to official 2022 Delhi ward delimitation. Direct PCA units receive full-value transfer. Split PCA units with passing population-share QA receive candidate population-proportional allocation. Unresolved/manual units are explicitly flagged.,0.3463300901039199,0.3496737745018336,0.2014576010150623,0.4745113251501528,2.414781592483341,99.84617786565924,45.57225590429334,45.42325107126973,46.94961119976848,2.414775023052857,99.84590623342277,49.41680694658577,49.029959392293016,51.781796822731344,2.414775023052857,99.84590623342277,39.03422810865846,38.98369502187828,40.05156123306904,2.414775023052857,99.84590623342277,0,0,0,-6.538027795634882,0.0519892320738342
167,KHANPUR,48,AMBEDKAR NAGAR,2.7120532894305187,63963.0,9274.191910062822,23584.713563438516,0.1449930727148949,46.1278550816274,49.598926392132256,38.90794845006306,47.23413189799253,52.5303553813032,40.51734810822663,3.471071310504854,-10.690977942069196,-7.219906631564342,0.2682037725961663,0.2823351035552559,0.3271135686173133,0.3857689373148006,0.4149241981907001,0.5096703156899256,0.05890979602114699,3.59,0,0,0,3.31,0,0,64453,9414,0.9923975610134516,3,1,1,1,CONTAINS_MANUAL_REVIEW_UNITS,2011 Census PCA linked to official 2022 Delhi ward delimitation. Direct PCA units receive full-value transfer. Split PCA units with passing population-share QA receive candidate population-proportional allocation. Unresolved/manual units are explicitly flagged.,0.3271135686173133,0.3535552432190782,0.1193138875025282,0.5096703156899256,2.707721298086848,99.84026894454642,46.1278550816274,46.04508615286571,47.23413189799253,2.7079274718075017,99.8478710710038,49.598926392132256,49.65495275774405,52.5303553813032,2.7079274718075017,99.8478710710038,38.90794845006306,38.737225313479655,40.51734810822663,2.7079274718075017,99.8478710710038,0,0,0,-7.219906631564342,0.0589097960211469
168,SANGAM VIHAR-C,49,SANGAM VIHAR,2.185952652269518,73215.0,8802.703085243898,33493.40614673704,0.1202308691558273,47.46213003788037,54.44332956428888,39.90937723234238,48.70525293500001,56.65925066620691,40.85641462385945,6.98119952640851,-14.533952331946502,-7.552752805537992,0.207845883622593,0.2046313977263464,0.2958704513849183,0.325080029859475,0.3344339476526828,0.5567148184517587,0.08802456776232531,6.44,0,0,0,6.01,0,0,73215,8611,1.0,3,1,2,0,DIRECT_PLUS_CANDIDATE_SPLITS,2011 Census PCA linked to official 2022 Delhi ward delimitation. Direct PCA units receive full-value transfer. Split PCA units with passing population-share QA receive candidate population-proportional allocation. Unresolved/manual units are explicitly flagged.,0.2958704513849183,0.2321928292770025,0.11134429536752,0.5567148184517587,2.182286283794807,99.8322759428982,47.46213003788037,47.39130405132042,48.70525293500001,2.182363389925369,99.8358032896814,54.44332956428888,54.031202230057225,56.65925066620691,2.182363389925369,99.8358032896814,39.90937723234238,40.11125200571431,40.85641462385945,2.182363389925369,99.8358032896814,0,0,0,-7.552752805537992,0.0880245677623253
169,SANGAM VIHAR-B,49,SANGAM VIHAR,4.5534721880857,72010.0,7785.60303072939,15814.30544111291,0.1081183589880487,47.44182666089164,54.51330575373732,39.4054466952922,49.02170245157602,56.21694450267028,41.22314568968046,7.071479092845678,-15.107859058445122,-8.036379965599444,0.2630872878633659,0.2670479611571101,0.4247607181773801,0.3543803577540821,0.381042725165783,0.6272144476554872,0.1616734303140142,5.81,0,0,0,7.37,0,0,72010,8365,1.0,2,0,2,0,DIRECT_PLUS_CANDIDATE_SPLITS,2011 Census PCA linked to official 2022 Delhi ward delimitation. Direct PCA units receive full-value transfer. Split PCA units with passing population-share QA receive candidate population-proportional allocation. Unresolved/manual units are explicitly flagged.,0.4247607181773801,0.4507291534696983,0.1385835247626467,0.6272144476554872,4.5466066420692615,99.8492239387252,47.44182666089164,47.4691861986505,49.02170245157602,4.546689239208028,99.85103787620751,54.51330575373732,54.65288160720071,56.21694450267028,4.546689239208028,99.85103787620751,39.4054466952922,39.59328275248054,41.22314568968046,4.546689239208028,99.85103787620751,0,0,0,-8.036379965599444,0.1616734303140142
170,TUGHLAKABAD EXTENSION,49,SANGAM VIHAR,3.455225572169576,72486.0,6163.797130824596,20978.659275922528,0.0850343118784951,46.67545144047652,52.8971907961224,39.27745313703468,48.1084036794737,54.59498831805074,40.96944832208778,6.22173935564588,-13.619737659087718,-7.397998303441838,0.2573709593420891,0.2858972391346746,0.3521832191293298,0.3740109667494399,0.4433033698811711,0.595764063838245,0.09481225978724073,4.33,0,0,0,6.2,0,0,72486,5834,1.0,3,0,3,0,DIRECT_PLUS_CANDIDATE_SPLITS,2011 Census PCA linked to official 2022 Delhi ward delimitation. Direct PCA units receive full-value transfer. Split PCA units with passing population-share QA receive candidate population-proportional allocation. Unresolved/manual units are explicitly flagged.,0.3521832191293298,0.3539018574931634,0.1229862066831397,0.595764063838245,3.44977097804075,99.84213493403269,46.67545144047652,46.61092089850919,48.1084036794737,3.4498364564627853,99.84402998894782,52.8971907961224,53.03315353160652,54.59498831805074,3.4498364564627853,99.84402998894782,39.27745313703468,39.47124100830816,40.96944832208778,3.4498364564627853,99.84402998894782,0,0,0,-7.397998303441838,0.0948122597872407
171,CHITARANJAN PARK,50,GREATER KAILASH,3.5955880021406394,62940.0,4413.455588398841,17504.78641115961,0.0701216331172361,44.51294341909621,48.88412357381148,38.15883998841679,45.57631307030911,51.34442824914288,39.34420648897444,4.371180154715269,-10.725283585394692,-6.354103430679423,0.2783565323094297,0.3149260611154259,0.3246216895654024,0.4052494218599793,0.4666706886417885,0.5364205474864155,0.04626515725597269,4.1,0,0,0,3.95,0,0,62940,3184,1.0,2,1,1,0,DIRECT_PLUS_CANDIDATE_SPLITS,2011 Census PCA linked to official 2022 Delhi ward delimitation. Direct PCA units receive full-value transfer. Split PCA units with passing population-share QA receive candidate population-proportional allocation. Unresolved/manual units are explicitly flagged.,0.3246216895654024,0.2910903475803029,0.1814730866434556,0.5364205474864155,3.590198719284716,99.85011400492172,44.51294341909621,44.64065216589783,45.57631307030911,3.590127568648992,99.8481351732068,48.88412357381148,48.53053502145931,51.34442824914288,3.590127568648992,99.8481351732068,38.15883998841679,38.468030956978296,39.34420648897444,3.590127568648992,99.8481351732068,0,0,0,-6.354103430679423,0.0462651572559726
172,CHIRAG DELHI,50,GREATER KAILASH,4.203021900483229,74850.0,8499.616441308142,17808.615270692346,0.1135553298771963,44.05549569295182,47.07414632417506,37.49702343325156,45.85697414375002,49.34119951915017,39.526688532656735,3.018650631223238,-9.577122890923498,-6.55847225970026,0.3482835295949861,0.3647591476038097,0.4092664530996234,0.5050431757729819,0.5215860366564905,0.650407556530464,0.0609829235046373,2.95,0,0,0,1.28,0,0,74850,10313,1.0,2,0,2,0,DIRECT_PLUS_CANDIDATE_SPLITS,2011 Census PCA linked to official 2022 Delhi ward delimitation. Direct PCA units receive full-value transfer. Split PCA units with passing population-share QA receive candidate population-proportional allocation. Unresolved/manual units are explicitly flagged.,0.4092664530996234,0.4123127101535178,0.1462426786604493,0.650407556530464,4.196765507093724,99.85114535356608,44.05549569295182,44.0477326023216,45.85697414375002,4.196463640858844,99.84396322979828,47.07414632417506,47.036020790756815,49.34119951915017,4.196463640858844,99.84396322979828,37.49702343325156,37.96831812749304,39.526688532656735,4.196463640858844,99.84396322979828,0,0,0,-6.55847225970026,0.0609829235046373
173,GREATER KAILASH,50,GREATER KAILASH,4.802288093862847,47763.0,2183.844147911836,9945.883934168674,0.0457225079645716,44.79985813300957,47.93185944082973,38.10967042590947,46.20400862346216,49.71729758409092,39.529946024493455,3.132001307820161,-9.822189014920262,-6.690187707100101,0.2967526598760987,0.3262208027389995,0.3479674884595737,0.4544753705638261,0.4978393191719422,0.5958129573978959,0.05121482858347498,2.4,0,0,0,2.41,0,0,47763,1582,1.0,2,0,2,0,DIRECT_PLUS_CANDIDATE_SPLITS,2011 Census PCA linked to official 2022 Delhi ward delimitation. Direct PCA units receive full-value transfer. Split PCA units with passing population-share QA receive candidate population-proportional allocation. Unresolved/manual units are explicitly flagged.,0.3479674884595737,0.3183277904334719,0.1735716790887589,0.5958129573978959,4.794902155752626,99.84619960390006,44.79985813300957,44.98390236843039,46.20400862346216,4.795069661594763,99.84968764624286,47.93185944082973,47.969434508660754,49.71729758409092,4.795069661594763,99.84968764624286,38.10967042590947,38.46680929837315,39.529946024493455,4.795069661594763,99.84968764624286,0,0,0,-6.690187707100101,0.0512148285834749
174,SRI NIWAS PURI,51,KALKAJI,4.580286247839428,70489.0,7447.672315275208,15389.64950787747,0.1056572275855128,44.83938952489712,50.36005591688968,38.917212732727805,46.65578716106475,52.78130644009984,40.47045304346487,5.520666391992556,-11.442843184161871,-5.922176792169317,0.312281222113587,0.3508233994793156,0.3375346661841241,0.4395323919312541,0.5098755967318823,0.5058201788798498,0.02525344407053709,2.78,0,0,0,4.63,0,0,70489,8174,1.0,3,0,3,0,DIRECT_PLUS_CANDIDATE_SPLITS,2011 Census PCA linked to official 2022 Delhi ward delimitation. Direct PCA units receive full-value transfer. Split PCA units with passing population-share QA receive candidate population-proportional allocation. Unresolved/manual units are explicitly flagged.,0.3375346661841241,0.3301573943294451,0.1776848289175807,0.5058201788798498,4.573315457369934,99.84780884660248,44.83938952489712,44.65630119735717,46.65578716106475,4.573318555320113,99.84787648320884,50.36005591688968,50.27969589418975,52.78130644009984,4.573318555320113,99.84787648320884,38.917212732727805,38.84363788729952,40.47045304346487,4.573318555320113,99.84787648320884,0,0,0,-5.922176792169317,0.025253444070537
175,KALKAJI,51,KALKAJI,3.1699764629342244,45038.0,4632.748956794876,14207.676469090085,0.1028631146319747,45.35410880403688,51.39315984233642,39.29854732490188,46.83830625907284,53.46788497595151,40.65214949885801,6.03905103829954,-12.09461251743454,-6.055561479135001,0.2843813617641056,0.3204015845927008,0.327711571543625,0.4394987804102478,0.4978567418452626,0.5211724504640662,0.0433302097795194,2.73,0,0,0,4.66,0,0,45038,3016,1.0,4,0,4,0,DIRECT_PLUS_CANDIDATE_SPLITS,2011 Census PCA linked to official 2022 Delhi ward delimitation. Direct PCA units receive full-value transfer. Split PCA units with passing population-share QA receive candidate population-proportional allocation. Unresolved/manual units are explicitly flagged.,0.327711571543625,0.3105857021888573,0.1659051269942811,0.5211724504640662,3.1651538608723944,99.8478663132607,45.35410880403688,45.406763634648016,46.83830625907284,3.1652225533334746,99.85003328395854,51.39315984233642,51.59098100709701,53.46788497595151,3.1652225533334746,99.85003328395854,39.29854732490188,39.342363758847846,40.65214949885801,3.1652225533334746,99.85003328395854,0,0,0,-6.055561479135001,0.0433302097795194
176,GOVIND PURI,51,KALKAJI,0.8491413554325802,74610.0,9615.313542386768,87865.22941400167,0.1288743270658996,45.98860828916112,53.20574000916244,40.28890022976694,47.32777588368422,54.54821915705883,41.41717390555831,7.217131720001319,-12.916839779395502,-5.699708059394183,0.1771104315274974,0.1810307528183892,0.1856324042030833,0.2780985496816742,0.3166770522449247,0.3293838541464412,0.00852197267558591,2.33,0,0,0,5.61,0,0,74610,10566,1.0,2,0,2,0,DIRECT_PLUS_CANDIDATE_SPLITS,2011 Census PCA linked to official 2022 Delhi ward delimitation. Direct PCA units receive full-value transfer. Split PCA units with passing population-share QA receive candidate population-proportional allocation. Unresolved/manual units are explicitly flagged.,0.1856324042030833,0.1462377828829745,0.1036438544140535,0.3293838541464412,0.8479657085786704,99.86154874610826,45.98860828916112,45.79780009847459,47.32777588368422,0.8477547861890605,99.83670925522011,53.20574000916244,53.23864235490764,54.54821915705883,0.8477547861890605,99.83670925522011,40.28890022976694,40.264735197356345,41.41717390555831,0.8477547861890605,99.83670925522011,0,0,0,-5.699708059394183,0.0085219726755859
177,HARKESH NAGAR,52,TUGHLAKABA D,3.900478570874796,65932.0,16512.0106932785,16903.566780835517,0.250440009301682,47.30348565103995,54.534837834786615,41.34077381995997,48.7148079128108,56.591637233057625,42.84552849469389,7.231352183746665,-13.194064014826644,-5.962711831079979,0.2082944597794096,0.2316562744395124,0.2366234023171074,0.3018721606915313,0.3654705765725753,0.3883966155080665,0.0283289425376978,0.94,0,0,0,6.97,0,0,65932,16071,1.0,3,1,2,0,DIRECT_PLUS_CANDIDATE_SPLITS,2011 Census PCA linked to official 2022 Delhi ward delimitation. Direct PCA units receive full-value transfer. Split PCA units with passing population-share QA receive candidate population-proportional allocation. Unresolved/manual units are explicitly flagged.,0.2366234023171074,0.2089254660244169,0.1308702944008244,0.3883966155080665,3.894348188204421,99.84282998716743,47.30348565103995,47.595128488652094,48.7148079128108,3.894616656699506,99.84971295012204,54.534837834786615,55.09528775978853,56.591637233057625,3.894616656699506,99.84971295012204,41.34077381995997,41.59589588775326,42.84552849469389,3.894616656699506,99.84971295012204,0,0,0,-5.962711831079979,0.0283289425376978
178,TUGHLAKABAD,52,TUGHLAKABA D,6.463634396482503,63172.0,8615.182389893253,9773.448825381905,0.1363765970666316,47.27961527273497,54.34284566780859,40.78504870819437,49.28391558285716,57.06238624096802,43.562658061532,7.063230395073617,-13.557796959614222,-6.494566564540605,0.2490636151721902,0.2768707452705419,0.325835881499892,0.3611768091902608,0.443189609641003,0.5564864275245737,0.07677226632770182,2.85,0,0,0,7.58,0,0,63172,8944,1.0,3,0,3,0,DIRECT_PLUS_CANDIDATE_SPLITS,2011 Census PCA linked to official 2022 Delhi ward delimitation. Direct PCA units receive full-value transfer. Split PCA units with passing population-share QA receive candidate population-proportional allocation. Unresolved/manual units are explicitly flagged.,0.325835881499892,0.3067122042819118,0.1347305010548525,0.5564864275245737,6.454137971957339,99.85307918204144,47.27961527273497,47.40628192192387,49.28391558285716,6.4538961018200505,99.8493371675268,54.34284566780859,54.31232894765196,57.06238624096802,6.4538961018200505,99.8493371675268,40.78504870819437,40.81587765184502,43.562658061532,6.4538961018200505,99.8493371675268,0,0,0,-6.494566564540605,0.0767722663277018
179,PUL PEHLADPUR,52,TUGHLAKABA D,5.518213124836883,69724.0,17800.58565812396,12635.249567687008,0.2553006949991962,47.24597591104399,54.66860077712586,40.48830756757732,48.88969212809141,56.528707315094266,42.46842245533329,7.422624866081868,-14.180293209548536,-6.757668343466669,0.2458026795134663,0.2552219273986593,0.3308131237220592,0.3544366989558581,0.3809121486773717,0.5838950137777709,0.08501044420859288,4.44,0,0,0,9.57,0,0,69724,17853,1.0,4,1,3,0,DIRECT_PLUS_CANDIDATE_SPLITS,2011 Census PCA linked to official 2022 Delhi ward delimitation. Direct PCA units receive full-value transfer. Split PCA units with passing population-share QA receive candidate population-proportional allocation. Unresolved/manual units are explicitly flagged.,0.3308131237220592,0.2951535685698628,0.1266680627917047,0.5838950137777709,5.509583573710122,99.84361692940202,47.24597591104399,47.17105819924226,48.88969212809141,5.509659728689158,99.84499699532758,54.66860077712586,54.65407260582302,56.528707315094266,5.509659728689158,99.84499699532758,40.48830756757732,40.65294600411956,42.46842245533329,5.509659728689158,99.84499699532758,0,0,0,-6.757668343466669,0.0850104442085928
180,BADARPUR,53,BADARPUR,2.469151814464261,70836.0,20743.07628826203,28688.393959838184,0.2928324056731327,45.97667695793568,54.25956712708005,41.3063939253864,48.03386363484166,56.81496550307696,44.159652551428586,8.282890169144366,-12.953173201693645,-4.670283032549278,0.2542858169830691,0.274474942197248,0.2800590149556621,0.4117209187617691,0.4867999541256634,0.513957986901988,0.025773197972592976,4.72,0,0,0,11.13,0,0,70836,20750,1.0,3,2,1,0,DIRECT_PLUS_CANDIDATE_SPLITS,2011 Census PCA linked to official 2022 Delhi ward delimitation. Direct PCA units receive full-value transfer. Split PCA units with passing population-share QA receive candidate population-proportional allocation. Unresolved/manual units are explicitly flagged.,0.2800590149556621,0.2442486991004687,0.1151118537157126,0.513957986901988,2.4653430996218204,99.84574804918316,45.97667695793568,46.222165299920135,48.03386363484166,2.4653929412181173,99.84776662074304,54.25956712708005,54.180948410859365,56.81496550307696,2.4653929412181173,99.84776662074304,41.3063939253864,41.08922737189119,44.159652551428586,2.4653929412181173,99.84776662074304,0,0,0,-4.670283032549278,0.0257731979725929
181,MOLARBAND,53,BADARPUR,1.379002910372089,66525.0,8298.923711737976,48241.37751968189,0.1247489471888459,46.28080571435466,53.8398874472925,40.8615484965043,47.40485867517242,54.970700900729504,41.90430462764771,7.559081732937834,-12.9783389507882,-5.419257217850365,0.1724290561322256,0.1637843991554666,0.1741205164873668,0.2741260914398258,0.3067621697687867,0.33012028758926,0.0016914603551412,6.04,0,0,0,12.32,0,0,66525,8292,1.0,2,1,1,0,DIRECT_PLUS_CANDIDATE_SPLITS,2011 Census PCA linked to official 2022 Delhi ward delimitation. Direct PCA units receive full-value transfer. Split PCA units with passing population-share QA receive candidate population-proportional allocation. Unresolved/manual units are explicitly flagged.,0.1741205164873668,0.1229752012644693,0.0996251281745167,0.33012028758926,1.3768142755811517,99.84128860247677,46.28080571435466,46.52915266040287,47.40485867517242,1.3767527481457276,99.83682686893282,53.8398874472925,54.09429577009076,54.970700900729504,1.3767527481457276,99.83682686893282,40.8615484965043,40.966926874107656,41.90430462764771,1.3767527481457276,99.83682686893282,0,0,0,-5.419257217850365,0.0016914603551412
182,MEETHAPUR,53,BADARPUR,1.9491829334884363,69837.0,6727.0,35828.858749041734,0.0963242980082191,46.20686078966407,53.98125672661607,40.915558699851246,47.53042687828602,55.52869335241076,41.9636334527273,7.774395936951997,-13.06569802676482,-5.291302089812824,0.1755865923171902,0.1652374912398314,0.1661508487234262,0.2625290669077723,0.2910741591266373,0.2825431736131935,-0.009435743593764007,6.71,0,0,0,13.3,0,0,69837,6727,1.0,1,1,0,0,DIRECT_ONLY,2011 Census PCA linked to official 2022 Delhi ward delimitation. Direct PCA units receive full-value transfer. Split PCA units with passing population-share QA receive candidate population-proportional allocation. Unresolved/manual units are explicitly flagged.,0.1661508487234262,0.1307274509964691,0.0998646973688683,0.2825431736131935,1.946148980957749,99.84434747100634,46.20686078966407,46.46578150395304,47.53042687828602,1.945397555300007,99.8057966687788,53.98125672661607,54.46578871308069,55.52869335241076,1.945397555300007,99.8057966687788,40.915558699851246,41.02545308982759,41.9636334527273,1.945397555300007,99.8057966687788,0,0,0,-5.291302089812824,-0.009435743593764
183,HARI NAGAR EXTENSION,53,BADARPUR,1.5941095360915485,66979.0,5454.310503298495,42016.560646277605,0.0814331432732422,46.02300559611051,53.71501044190848,40.892588838073074,47.10633993478811,55.34464066507103,41.98756409542239,7.692004845797975,-12.822421603835409,-5.130416758037434,0.1728993284771836,0.1630915708002213,0.1595030529579127,0.256741968373873,0.2756457463950718,0.258958708822174,-0.01339627551927089,5.65,0,0,0,12.53,0,0,66979,5570,1.0,2,1,1,0,DIRECT_PLUS_CANDIDATE_SPLITS,2011 Census PCA linked to official 2022 Delhi ward delimitation. Direct PCA units receive full-value transfer. Split PCA units with passing population-share QA receive candidate population-proportional allocation. Unresolved/manual units are explicitly flagged.,0.1595030529579127,0.1336460102319592,0.0987197835472611,0.258958708822174,1.5915243767329188,99.83783050661826,46.02300559611051,46.169357955381095,47.10633993478811,1.592190645604511,99.87962618354682,53.71501044190848,53.78220115362542,55.34464066507103,1.592190645604511,99.87962618354682,40.892588838073074,40.88972031769243,41.98756409542239,1.592190645604511,99.87962618354682,0,0,0,-5.130416758037434,-0.0133962755192708
184,JAITPUR,53,BADARPUR,3.672773690023884,62317.0,4757.689496701505,16967.285561119,0.0763465747179983,46.5294789511921,53.57970137474102,40.537361275384775,52.8267378056859,60.19179398000001,45.46691824640001,7.050222423548924,-13.042340099356243,-5.992117675807322,0.2205351222204039,0.2204138305867947,0.2323377267954682,0.3999342800364385,0.4392082779819328,0.4195031842152625,0.011802604575064324,6.28,0,0,0,12.77,0,0,62317,4642,1.0,2,1,1,0,DIRECT_PLUS_CANDIDATE_SPLITS,2011 Census PCA linked to official 2022 Delhi ward delimitation. Direct PCA units receive full-value transfer. Split PCA units with passing population-share QA receive candidate population-proportional allocation. Unresolved/manual units are explicitly flagged.,0.2323377267954682,0.2089598132208859,0.0995955324183836,0.4195031842152625,3.6673259320039615,99.85167182952983,46.5294789511921,46.3137686103842,52.8267378056859,3.667189542586744,99.84795830322167,53.57970137474102,53.316132118443626,60.19179398000001,3.653695927169264,99.4805625267236,40.537361275384775,40.47067979796584,45.46691824640001,3.667189542586744,99.84795830322167,0,0,0,-5.992117675807322,0.0118026045750643
185,MADANPUR KHADAR EAST,54,OKHLA,6.558420626627434,55119.0,13050.25690543374,8404.309991374263,0.2367651246472857,46.73563040621045,53.04230094451102,40.5566751269269,51.80569515813955,58.43652677600003,44.449818035000014,6.306670538300573,-12.485625817584122,-6.178955279283549,0.302855425018513,0.3300496166091909,0.3323097013191687,0.4824729297466886,0.5409772087781702,0.5290895771905505,0.029454276300655724,3.99,0,0,0,10.41,0,0,55119,16500,1.0,1,0,1,0,DIRECT_PLUS_CANDIDATE_SPLITS,2011 Census PCA linked to official 2022 Delhi ward delimitation. Direct PCA units receive full-value transfer. Split PCA units with passing population-share QA receive candidate population-proportional allocation. Unresolved/manual units are explicitly flagged.,0.3323097013191687,0.3378905001916175,0.1385663700576544,0.5290895771905505,6.548744357854142,99.8524603814826,46.73563040621045,46.81394995458225,51.80569515813955,6.549095127972533,99.85780877461504,53.04230094451102,53.43271753770493,58.43652677600003,6.549095127972533,99.85780877461504,40.5566751269269,40.30888580978914,44.449818035000014,6.549095127972533,99.85780877461504,0,0,0,-6.178955279283549,0.0294542763006557
186,MADANPUR KHADAR WEST,54,OKHLA,3.05742718410586,55294.0,9835.699962226256,18085.140436850877,0.1778800586361315,47.56846398910241,54.77675681519526,40.67234485885875,51.853192388000025,59.18444987000001,42.96554285000001,7.208292826092851,-14.104411956336511,-6.896119130243662,0.2261496221697845,0.2362905301210148,0.2775126568590658,0.3465424604424463,0.3925493228492148,0.4859525433896694,0.0513630346892813,2.7,0,0,0,9.77,0,0,56323,7091,0.981730376577952,4,1,3,0,DIRECT_PLUS_CANDIDATE_SPLITS,2011 Census PCA linked to official 2022 Delhi ward delimitation. Direct PCA units receive full-value transfer. Split PCA units with passing population-share QA receive candidate population-proportional allocation. Unresolved/manual units are explicitly flagged.,0.2775126568590658,0.2519461764077945,0.1151816204335893,0.4859525433896694,3.0527506496349885,99.84704347187132,47.56846398910241,47.28349844521136,51.853192388000025,3.0527065140490954,99.84559991873871,54.77675681519526,54.68547530618751,59.18444987000001,3.0527065140490954,99.84559991873871,40.67234485885875,40.662573694843786,42.96554285000001,3.0527065140490954,99.84559991873871,0,0,0,-6.896119130243662,0.0513630346892813
187,SARITA VIHAR,54,OKHLA,5.487196181249498,55385.0,2601.07870954426,10093.497329156582,0.0469635950084726,45.1590463075942,51.43092252836378,39.239883672781424,47.093788878272285,54.31819103692478,40.90453870405436,6.2718762207695775,-12.191038855582356,-5.919162634812778,0.281451648675444,0.3054785871418586,0.3122324779642893,0.427815564349064,0.4829325172394416,0.490536114816722,0.030780829288845346,1.11,0,0,0,6.78,0,0,55385,5399,1.0,7,1,6,0,DIRECT_PLUS_CANDIDATE_SPLITS,2011 Census PCA linked to official 2022 Delhi ward delimitation. Direct PCA units receive full-value transfer. Split PCA units with passing population-share QA receive candidate population-proportional allocation. Unresolved/manual units are explicitly flagged.,0.3122324779642893,0.2949536304232986,0.1582467361335241,0.490536114816722,5.478737935021257,99.84585486013523,45.1590463075942,45.0932813907802,47.093788878272285,5.47883998802036,99.84771469885308,51.43092252836378,51.314204476956725,54.31819103692478,5.47883998802036,99.84771469885308,39.239883672781424,39.21870116856333,40.90453870405436,5.47883998802036,99.84771469885308,0,0,0,-5.919162634812778,0.0307808292888453
188,ABUL FAZAL ENCLAVE,54,OKHLA,3.3685793838445983,76012.0,2612.092787735113,22565.001841591344,0.0343642160150385,43.49828244652113,48.86050629416346,37.69020418895919,46.58795673621005,53.312036004805954,40.97055315595866,5.362223847642326,-11.170302105204264,-5.808078257561938,0.25121872779629,0.2647937403354199,0.2467719214110232,0.4827487349210031,0.5099467412533635,0.4789143191978516,-0.004446806385266816,1.45,0,0,0,7.06,0,0,76012,1557,1.0,2,0,2,0,DIRECT_PLUS_CANDIDATE_SPLITS,2011 Census PCA linked to official 2022 Delhi ward delimitation. Direct PCA units receive full-value transfer. Split PCA units with passing population-share QA receive candidate population-proportional allocation. Unresolved/manual units are explicitly flagged.,0.2467719214110232,0.1933136774214642,0.0995974239072386,0.4789143191978516,3.363440710361853,99.84745280139784,43.49828244652113,44.718994569404295,46.58795673621005,3.363392333813715,99.84601669012878,48.86050629416346,51.064923808447055,53.312036004805954,3.363392333813715,99.84601669012878,37.69020418895919,39.15178304269537,40.97055315595866,3.363392333813715,99.84601669012878,0,0,0,-5.808078257561938,-0.0044468063852668
189,ZAKIR NAGAR,54,OKHLA,4.588045742441769,76470.0,3115.352912156799,16667.227027100755,0.0407395437708486,43.1845859431098,48.25762630542506,37.44877353369186,46.2230234502797,52.81373228949839,40.343030397036486,5.073040362315261,-10.8088527717332,-5.735812409417939,0.3532421350231413,0.3725158343439695,0.3644443259744142,0.5838611132348142,0.6659293265341536,0.6776977499964454,0.011202190951272895,2.85,0,0,0,4.68,0,0,76470,699,1.0,2,0,2,0,DIRECT_PLUS_CANDIDATE_SPLITS,2011 Census PCA linked to official 2022 Delhi ward delimitation. Direct PCA units receive full-value transfer. Split PCA units with passing population-share QA receive candidate population-proportional allocation. Unresolved/manual units are explicitly flagged.,0.3644443259744142,0.3615858476236456,0.1153168511514923,0.6776977499964454,4.581022958333339,99.8469329971263,43.1845859431098,43.77558728952614,46.2230234502797,4.580946360743378,99.84526349350188,48.25762630542506,48.819915323546816,52.81373228949839,4.580946360743378,99.84526349350188,37.44877353369186,38.34559416605708,40.343030397036486,4.580946360743378,99.84526349350188,0,0,0,-5.735812409417939,0.0112021909512728
190,NEW ASHOK NAGAR,55,TRILOKPURI,1.436726902156543,63870.0,4818.402463833635,44455.21268108116,0.0754407775768535,44.4716843973213,50.26134578690972,38.67174877369509,45.67112436848343,51.84807353188874,40.23581364298122,5.789661389588424,-11.589597013214629,-5.7999356236262045,0.188189995815318,0.2086450879856246,0.2293344006422917,0.3114007636821411,0.3763473531630302,0.4857675832426329,0.04114440482697371,1.4,0,0,0,3.75,0,0,63870,4961,1.0,1,0,1,0,DIRECT_PLUS_CANDIDATE_SPLITS,2011 Census PCA linked to official 2022 Delhi ward delimitation. Direct PCA units receive full-value transfer. Split PCA units with passing population-share QA receive candidate population-proportional allocation. Unresolved/manual units are explicitly flagged.,0.2293344006422917,0.1502664052398287,0.099498493642467,0.4857675832426329,1.434436951874138,99.84061339152431,44.4716843973213,44.61179655394957,45.67112436848343,1.4344909193373738,99.84436966998996,50.26134578690972,50.71260808064696,51.84807353188874,1.4344909193373738,99.84436966998996,38.67174877369509,39.26240047541062,40.23581364298122,1.4344909193373738,99.84436966998996,0,0,0,-5.7999356236262045,0.0411444048269737
191,MAYUR VIHAR PHASE-I,55,TRILOKPURI,1.7722158649761528,88878.0,27734.12430418699,50150.77551018084,0.3120471241948175,44.84037448775569,51.19882239813026,38.45428443087346,45.76966684640986,52.79833188500002,39.61401752138689,6.358447910374572,-12.744537967256804,-6.386090056882232,0.2591554725538021,0.2672322346911689,0.2782191334881295,0.3797878236426396,0.3956061265927906,0.4428099065060206,0.019063660934327376,1.47,0,0,0,2.69,0,0,88878,24363,1.0,5,1,4,0,DIRECT_PLUS_CANDIDATE_SPLITS,2011 Census PCA linked to official 2022 Delhi ward delimitation. Direct PCA units receive full-value transfer. Split PCA units with passing population-share QA receive candidate population-proportional allocation. Unresolved/manual units are explicitly flagged.,0.2782191334881295,0.255967756694998,0.1426953747580777,0.4428099065060206,1.7693216865219998,99.83669153903033,44.84037448775569,44.79700222802578,45.76966684640986,1.7694761823627552,99.84540920394964,51.19882239813026,51.076794017216045,52.79833188500002,1.7694761823627552,99.84540920394964,38.45428443087346,38.45378947724879,39.61401752138689,1.7694761823627552,99.84540920394964,0,0,0,-6.386090056882232,0.0190636609343273
192,TRILOKPURI,55,TRILOKPURI,0.98085535560904,88792.0,44053.47323197937,90525.0702789573,0.4961423690420237,45.124912563335975,51.37568135784413,38.700316719296666,46.35593385500001,52.63669763349695,39.51477380805164,6.250768794508154,-12.675364638547464,-6.42459584403931,0.2167320628017076,0.2289117171815664,0.2532717060121154,0.2880519180302348,0.3291647584984539,0.3761088190785542,0.03653964321040781,0.76,0,0,0,3.51,0,0,88792,47282,1.0,4,1,3,0,DIRECT_PLUS_CANDIDATE_SPLITS,2011 Census PCA linked to official 2022 Delhi ward delimitation. Direct PCA units receive full-value transfer. Split PCA units with passing population-share QA receive candidate population-proportional allocation. Unresolved/manual units are explicitly flagged.,0.2532717060121154,0.2393758645169678,0.1530798435944341,0.3761088190785542,0.9792581086219934,99.83715774421655,45.124912563335975,45.04785244972874,46.35593385500001,0.9792121091358856,99.83246801235704,51.37568135784413,51.26012034440001,52.63669763349695,0.9792121091358856,99.83246801235704,38.700316719296666,38.637533159356565,39.51477380805164,0.9792121091358856,99.83246801235704,0,0,0,-6.42459584403931,0.0365396432104078
193,KONDLI,56,KONDLI,3.1524792175259546,66098.0,8367.957171925327,20966.989927335122,0.126599249174337,45.25812584578939,51.92183225709544,39.27735117532357,46.829192393150414,54.21231611588828,41.02659430515892,6.663706411306052,-12.644481081771872,-5.98077467046582,0.2513803745175986,0.2672584257294637,0.2968969498312717,0.3576265457131453,0.4005156813183239,0.4670263747565413,0.04551657531367309,0.99,0,0,0,4.2,0,0,66098,5743,1.0,4,2,2,0,DIRECT_PLUS_CANDIDATE_SPLITS,2011 Census PCA linked to official 2022 Delhi ward delimitation. Direct PCA units receive full-value transfer. Split PCA units with passing population-share QA receive candidate population-proportional allocation. Unresolved/manual units are explicitly flagged.,0.2968969498312717,0.2795174769591949,0.1462755948737272,0.4670263747565413,3.147632820323993,99.84626711652788,45.25812584578939,45.29767174409315,46.829192393150414,3.1477439763174018,99.84979310308448,51.92183225709544,52.03247717665568,54.21231611588828,3.1477439763174018,99.84979310308448,39.27735117532357,39.6586475377888,41.02659430515892,3.1477439763174018,99.84979310308448,0,0,0,-5.98077467046582,0.045516575313673
194,GHAROLI,56,KONDLI,2.808080250755215,78926.0,21318.90984089654,28106.74658559824,0.2701126351379335,46.56293729201833,53.69568480737282,40.83614022348964,48.852183082529095,56.72083849076925,42.84302819562502,7.132747515354488,-12.859544583883178,-5.72679706852869,0.2078966157947162,0.2302010963938537,0.2478318144513077,0.3347982647950762,0.3927539111486165,0.4078804109117747,0.03993519865659151,2.7,0,0,0,3.81,0,0,78926,21747,1.0,3,1,2,0,DIRECT_PLUS_CANDIDATE_SPLITS,2011 Census PCA linked to official 2022 Delhi ward delimitation. Direct PCA units receive full-value transfer. Split PCA units with passing population-share QA receive candidate population-proportional allocation. Unresolved/manual units are explicitly flagged.,0.2478318144513077,0.2286595877919884,0.1154906715468795,0.4078804109117747,2.803755652786074,99.8459945021878,46.56293729201833,46.15573929094583,48.852183082529095,2.803785693939332,99.84706431325358,53.69568480737282,53.40808382985995,56.72083849076925,2.803785693939332,99.84706431325358,40.83614022348964,40.84362364571651,42.84302819562502,2.803785693939332,99.84706431325358,0,0,0,-5.72679706852869,0.0399351986565915
195,KALYANPURI,56,KONDLI,2.5658016967774984,87375.0,31270.38881480697,34053.68392644609,0.3578871395113816,47.07525630332344,54.05124398090541,41.14319812620598,50.09797401285716,57.68569180869566,44.589672020000016,6.975987677581969,-12.90804585469943,-5.932058177117462,0.1916943828889145,0.2036915221558316,0.2239123826182766,0.278046462861354,0.330146301750698,0.3841691903340581,0.032217999729362096,2.22,0,0,0,2.55,0,0,87375,34937,1.0,5,3,2,0,DIRECT_PLUS_CANDIDATE_SPLITS,2011 Census PCA linked to official 2022 Delhi ward delimitation. Direct PCA units receive full-value transfer. Split PCA units with passing population-share QA receive candidate population-proportional allocation. Unresolved/manual units are explicitly flagged.,0.2239123826182766,0.1894865546013712,0.1188118688446513,0.3841691903340581,2.561758964843749,99.84243786498284,47.07525630332344,46.53638432315792,50.09797401285716,2.561766454216692,99.84272975710184,54.05124398090541,53.44244349153823,57.68569180869566,2.560866885369035,99.80766980493226,41.14319812620598,40.4711654983836,44.589672020000016,2.561766454216692,99.84272975710184,0,0,0,-5.932058177117462,0.032217999729362
196,MAYUR VIHAR PHASE-II,57,PATPARGANJ,2.528244372284656,55663.0,12304.74417237116,22016.463523144306,0.2210578691836796,44.23309988837303,51.47886661809864,38.8930297466577,46.52945813542832,54.44103780463206,41.224377556315964,7.245766729725609,-12.58583687144094,-5.34007014171533,0.2547809064060676,0.2676100974762208,0.2825393883070919,0.3940530201974618,0.4396776020550369,0.4663991833700739,0.027758481901024312,2.07,0,0,0,2.44,0,0,55663,10835,1.0,1,0,1,0,DIRECT_PLUS_CANDIDATE_SPLITS,2011 Census PCA linked to official 2022 Delhi ward delimitation. Direct PCA units receive full-value transfer. Split PCA units with passing population-share QA receive candidate population-proportional allocation. Unresolved/manual units are explicitly flagged.,0.2825393883070919,0.2674900324910941,0.1148185667800461,0.4663991833700739,2.524590313774794,99.85547051741048,44.23309988837303,44.65781015985758,46.52945813542832,2.524354638408345,99.8461488169834,51.47886661809864,52.18326434794909,54.44103780463206,2.524354638408345,99.8461488169834,38.8930297466577,39.40613571926678,41.224377556315964,2.524354638408345,99.8461488169834,0,0,0,-5.34007014171533,0.0277584819010243
197,PATPAR GANJ,57,PATPARGANJ,9.834108251651754,58762.0,7093.0,5975.325723115792,0.1207072597937443,41.8959687081101,47.123168916761,37.15790436369944,45.46686116249468,52.68360281299287,40.089986977746506,5.227200208650906,-9.965264553061566,-4.73806434441066,0.3635828570197694,0.3537177420911422,0.324387514821131,0.5487807026432189,0.5646522141798057,0.5015388498849562,-0.039195342198638405,3.19,0,0,0,2.24,0,0,58762,7093,1.0,3,3,0,0,DIRECT_ONLY,2011 Census PCA linked to official 2022 Delhi ward delimitation. Direct PCA units receive full-value transfer. Split PCA units with passing population-share QA receive candidate population-proportional allocation. Unresolved/manual units are explicitly flagged.,0.324387514821131,0.3302290167973486,0.1228866447743276,0.5015388498849562,9.819654563179045,99.85302491997398,41.8959687081101,41.90853379962162,45.46686116249468,9.819557595027916,99.85203888088787,47.123168916761,47.18818093995437,52.68360281299287,9.819557595027916,99.85203888088787,37.15790436369944,37.78261102821515,40.089986977746506,9.819557595027916,99.85203888088787,0,0,0,-4.73806434441066,-0.0391953421986384
198,VINOD NAGAR,57,PATPARGANJ,1.024293867363019,58936.0,5854.440649457062,57538.17520330085,0.0993355614472828,45.23713291366576,52.32745574241283,39.84603717384946,46.325634849271125,53.76635646207391,40.98577683714287,7.09032282874707,-12.48141856856337,-5.391095739816301,0.1968147850474408,0.2032956280174923,0.1962135924133992,0.3080739513938071,0.3612021913615305,0.3413510138889079,-0.0006011926340415974,3.14,0,0,0,2.07,0,0,58936,5864,1.0,2,0,2,0,DIRECT_PLUS_CANDIDATE_SPLITS,2011 Census PCA linked to official 2022 Delhi ward delimitation. Direct PCA units receive full-value transfer. Split PCA units with passing population-share QA receive candidate population-proportional allocation. Unresolved/manual units are explicitly flagged.,0.1962135924133992,0.1786537088196791,0.0949331399359759,0.3413510138889079,1.0225582020103303,99.83055005911956,45.23713291366576,45.140914441257245,46.325634849271125,1.0226332163140988,99.83787357302104,52.32745574241283,52.1105868223077,53.76635646207391,1.0226332163140988,99.83787357302104,39.84603717384946,39.64272605835796,40.98577683714287,1.0226332163140988,99.83787357302104,0,0,0,-5.391095739816301,-0.0006011926340415
199,MANDAWALI,57,PATPARGANJ,0.6345295350953725,49753.0,6804.000000000001,78409.27371886939,0.1367555725282898,45.6108462101836,52.25874725278492,39.81232656329121,46.64675039000002,53.35803266000005,40.674614945000016,6.647901042601319,-12.446420689493712,-5.7985196468923945,0.1499552991248924,0.1472089234475126,0.1541490392226047,0.2603193112253201,0.2914189735477143,0.3070400710940321,0.004193740097712312,3.7,0,0,0,1.9,0,0,49753,6804,1.0,1,1,0,0,DIRECT_ONLY,2011 Census PCA linked to official 2022 Delhi ward delimitation. Direct PCA units receive full-value transfer. Split PCA units with passing population-share QA receive candidate population-proportional allocation. Unresolved/manual units are explicitly flagged.,0.1541490392226047,0.1113058818400894,0.0918152280613747,0.3070400710940321,0.6336244840135762,99.85736659497492,45.6108462101836,45.517820303113226,46.64675039000002,0.6335873388698207,99.85151262889438,52.25874725278492,52.14015073862479,53.35803266000005,0.6335873388698207,99.85151262889438,39.81232656329121,39.95495807784145,40.674614945000016,0.6335873388698207,99.85151262889438,0,0,0,-5.7985196468923945,0.0041937400977123
200,PANDAV NAGAR,58,LAXMI NAGAR,4.246347407499261,67492.0,6644.965911839765,15894.130536942354,0.0984556082474925,44.6310244362312,48.98937714866418,38.22766391085046,47.47282678217648,53.43708492154375,41.215726853617554,4.358352712432982,-10.761713237813725,-6.403360525380741,0.2899369511563476,0.3108168665935336,0.3292355824829165,0.4745018060614481,0.5175815075918345,0.5641602900844096,0.03929863132656891,4.32,0,0,0,0.52,0,0,71022,6682,0.9502970910422124,3,0,3,0,DIRECT_PLUS_CANDIDATE_SPLITS,2011 Census PCA linked to official 2022 Delhi ward delimitation. Direct PCA units receive full-value transfer. Split PCA units with passing population-share QA receive candidate population-proportional allocation. Unresolved/manual units are explicitly flagged.,0.3292355824829165,0.3298009402131489,0.1072838653589508,0.5641602900844096,4.239920066404092,99.84863835955063,44.6310244362312,45.02989649401268,47.47282678217648,4.239882058020734,99.84774327538275,48.98937714866418,50.19234253509446,53.43708492154375,4.239882058020734,99.84774327538275,38.22766391085046,38.97009590091733,41.215726853617554,4.239882058020734,99.84774327538275,0,0,0,-6.403360525380741,0.0392986313265689
201,LALITA PARK,58,LAXMI NAGAR,5.379458809487908,55805.0,3524.478296411346,10373.720103883888,0.0631570342516144,43.01738138731931,45.599107064028416,36.59622654093598,47.09280269622895,51.06987496442482,39.6598378830228,2.581725676709105,-9.002880523092436,-6.421154846383331,0.3324484800276773,0.361520885698027,0.3919716863600901,0.5058171203277592,0.5331319334289721,0.5878979598948934,0.059523206332412815,3.8,0,0,0,2.15,0,0,55805,3044,1.0,1,0,1,0,DIRECT_PLUS_CANDIDATE_SPLITS,2011 Census PCA linked to official 2022 Delhi ward delimitation. Direct PCA units receive full-value transfer. Split PCA units with passing population-share QA receive candidate population-proportional allocation. Unresolved/manual units are explicitly flagged.,0.3919716863600901,0.4318435740501123,0.142562550946971,0.5878979598948934,5.371710146716307,99.8559583213476,43.01738138731931,42.9668337760086,47.09280269622895,5.371345193929274,99.84917412985254,45.599107064028416,45.56071092873688,51.06987496442482,5.371345193929274,99.84917412985254,36.59622654093598,36.90338455368421,39.6598378830228,5.371345193929274,99.84917412985254,0,0,0,-6.421154846383331,0.0595232063324128
202,SHAKARPUR,58,LAXMI NAGAR,1.1905536830846837,66256.0,6593.158732780914,55651.41743825695,0.0995103648391227,45.78645549632645,52.24078731775526,39.37405687166328,46.54429518504868,53.14364084557315,40.29429263203392,6.454331821428816,-12.866730446091983,-6.412398624663169,0.1572158001983776,0.1712796569316863,0.1776530021563425,0.2665728604194027,0.3268989691252991,0.3536826439916255,0.02043720195796489,4.6,0,0,0,1.7,0,0,66256,6640,1.0,3,0,3,0,DIRECT_PLUS_CANDIDATE_SPLITS,2011 Census PCA linked to official 2022 Delhi ward delimitation. Direct PCA units receive full-value transfer. Split PCA units with passing population-share QA receive candidate population-proportional allocation. Unresolved/manual units are explicitly flagged.,0.1776530021563425,0.1230290751307505,0.0959648605957407,0.3536826439916255,1.1887013294754327,99.84441242460804,45.78645549632645,45.82825881426727,46.54429518504868,1.1886741902499327,99.84213287805038,52.24078731775526,52.2953707478737,53.14364084557315,1.1886741902499327,99.84213287805038,39.37405687166328,39.36198752306523,40.29429263203392,1.1886741902499327,99.84213287805038,0,0,0,-6.412398624663169,0.0204372019579648
203,LAXMI NAGAR,58,LAXMI NAGAR,1.009466681959705,47859.0,1777.521703588654,47410.182877051506,0.0371408032676958,46.28262920491519,51.90421111240769,39.45463278909872,46.85134318907503,53.45401363698551,40.27347790500002,5.621581907492498,-12.44957832330897,-6.827996415816472,0.125355299763281,0.1388097035941398,0.1367030548772393,0.1846721707152692,0.2313503224111451,0.2300837545405422,0.011347755113958302,5.55,0,0,0,2.67,0,0,47859,2258,1.0,2,1,1,0,DIRECT_PLUS_CANDIDATE_SPLITS,2011 Census PCA linked to official 2022 Delhi ward delimitation. Direct PCA units receive full-value transfer. Split PCA units with passing population-share QA receive candidate population-proportional allocation. Unresolved/manual units are explicitly flagged.,0.1367030548772393,0.1103431932641434,0.0869082795905674,0.2300837545405422,1.00775913455667,99.83084658131362,46.28262920491519,46.27384932288136,46.85134318907503,1.0081114829522826,99.86575099192068,51.90421111240769,52.70047042228262,53.45401363698551,1.0081114829522826,99.86575099192068,39.45463278909872,39.351164275168784,40.27347790500002,1.0081114829522826,99.86575099192068,0,0,0,-6.827996415816472,0.0113477551139583
204,PREET VIHAR,59,VISHWAS NAGAR,3.309853034581647,52293.0,3218.434447186154,15799.19091682862,0.0615461810794208,44.72303352749291,51.80932814462562,39.021205824309725,45.96581647758072,53.27962408149171,40.04650492725724,7.086294617132708,-12.788122320315892,-5.701827703183184,0.2166168076940838,0.2500890819760874,0.2510214938437458,0.34840243395791,0.4199632935765575,0.4351195136374787,0.03440468614966197,4.76,0,0,0,1.17,0,0,52293,2150,1.0,2,0,2,0,DIRECT_PLUS_CANDIDATE_SPLITS,2011 Census PCA linked to official 2022 Delhi ward delimitation. Direct PCA units receive full-value transfer. Split PCA units with passing population-share QA receive candidate population-proportional allocation. Unresolved/manual units are explicitly flagged.,0.2510214938437458,0.2167717650207882,0.1270260831838193,0.4351195136374787,3.304894625285307,99.8501924633954,44.72303352749291,44.71916921701986,45.96581647758072,3.304821508311794,99.84798339330229,51.80932814462562,51.90715132264325,53.27962408149171,3.304821508311794,99.84798339330229,39.021205824309725,39.1416955794224,40.04650492725724,3.304821508311794,99.84798339330229,0,0,0,-5.701827703183184,0.0344046861496619
205,I.P. EXTENSION,59,VISHWAS NAGAR,2.956064462547447,60343.0,4276.552015786417,20413.289616830014,0.0708707226320603,46.50198504912079,53.83235413370709,40.97935294305365,48.32743965285716,56.34195553632347,43.08069989040074,7.330369084586302,-12.853001190653444,-5.522632106067142,0.2113629486920929,0.2198068149146675,0.2171031331472348,0.3076800211945789,0.3568488837813817,0.3576849135439636,0.005740184455141906,3.19,0,0,0,1.0,0,0,60343,4041,1.0,3,0,3,0,DIRECT_PLUS_CANDIDATE_SPLITS,2011 Census PCA linked to official 2022 Delhi ward delimitation. Direct PCA units receive full-value transfer. Split PCA units with passing population-share QA receive candidate population-proportional allocation. Unresolved/manual units are explicitly flagged.,0.2171031331472348,0.1974252586426821,0.1074569905130641,0.3576849135439636,2.95157810537995,99.84823209289452,46.50198504912079,46.29512134115986,48.32743965285716,2.951647161054305,99.85056816083991,53.83235413370709,53.79053183547106,56.34195553632347,2.951647161054305,99.85056816083991,40.97935294305365,40.67018221858367,43.08069989040074,2.951647161054305,99.85056816083991,0,0,0,-5.522632106067142,0.0057401844551419
206,ANAND VIHAR,59,VISHWAS NAGAR,5.155573042638545,56495.0,5820.047260230093,10958.04472805737,0.1030188027299778,46.04967543441268,53.42788320986711,40.11891372735227,47.53225314373368,55.53088224436707,41.65618546360897,7.378207775454435,-13.30896948251484,-5.930761707060405,0.2069894496852811,0.2314462774214713,0.2490084494307092,0.2998806471595365,0.3691323040202112,0.4159374292063229,0.04201899974542811,3.47,0,0,0,1.23,0,0,56495,7107,1.0,3,0,3,0,DIRECT_PLUS_CANDIDATE_SPLITS,2011 Census PCA linked to official 2022 Delhi ward delimitation. Direct PCA units receive full-value transfer. Split PCA units with passing population-share QA receive candidate population-proportional allocation. Unresolved/manual units are explicitly flagged.,0.2490084494307092,0.2168346929306779,0.1307172146176788,0.4159374292063229,5.14775895404604,99.8484341405334,46.04967543441268,45.903314314633896,47.53225314373368,5.148089559819,99.85484673075808,53.42788320986711,53.09173857107847,55.53088224436707,5.148089559819,99.85484673075808,40.11891372735227,40.02892236087805,41.65618546360897,5.148089559819,99.85484673075808,0,0,0,-5.930761707060405,0.0420189997454281
207,VISHWAS NAGAR,59,VISHWAS NAGAR,2.076181111660747,53057.0,15168.40098271959,25555.092328895844,0.2858887796656349,47.37500809367556,55.001266444638006,40.9936229817357,48.79383662000001,57.71837448153846,42.07378143200002,7.626258350962445,-14.007643462902308,-6.3813851119398635,0.1507503830693803,0.168413036154469,0.182288727935303,0.2310718704413604,0.2956750808369195,0.3179916100106927,0.03153834486592272,2.86,0,0,0,1.32,0,0,53057,15149,1.0,2,1,1,0,DIRECT_PLUS_CANDIDATE_SPLITS,2011 Census PCA linked to official 2022 Delhi ward delimitation. Direct PCA units receive full-value transfer. Split PCA units with passing population-share QA receive candidate population-proportional allocation. Unresolved/manual units are explicitly flagged.,0.182288727935303,0.162671968715669,0.0840121893854481,0.3179916100106927,2.07323393448678,99.85804816557598,47.37500809367556,47.2987826185932,48.79383662000001,2.0730406055285884,99.84873640769968,55.001266444638006,54.71766784733367,57.71837448153846,2.0730406055285884,99.84873640769968,40.9936229817357,40.98417996068402,42.07378143200002,2.0730406055285884,99.84873640769968,0,0,0,-6.381385111939864,0.0315383448659227
208,ANARKALI,60,KRISHNA NAGAR,0.9069448576892214,57322.0,5611.268347548343,63203.4015232735,0.0978903099603702,46.51943877940754,53.57415351217848,39.98863614183236,46.979152835000015,54.04590918500001,40.41475048000002,7.054714732770947,-13.585517370346125,-6.530802637575178,0.1083287348067761,0.1133129267328066,0.1146047625861286,0.1377459918718631,0.1570417670464398,0.1586742311560181,0.006276027779352503,4.32,0,0,0,1.22,0,0,57322,5866,1.0,2,0,2,0,DIRECT_PLUS_CANDIDATE_SPLITS,2011 Census PCA linked to official 2022 Delhi ward delimitation. Direct PCA units receive full-value transfer. Split PCA units with passing population-share QA receive candidate population-proportional allocation. Unresolved/manual units are explicitly flagged.,0.1146047625861286,0.1026960364363339,0.0869323537952078,0.1586742311560181,0.905690116838044,99.86165191405637,46.51943877940754,46.52314458375523,46.979152835000015,0.9052139569264132,99.8091503857006,53.57415351217848,53.574855180760494,54.04590918500001,0.9052139569264132,99.8091503857006,39.98863614183236,39.96084327369196,40.41475048000002,0.9052139569264132,99.8091503857006,0,0,0,-6.530802637575178,0.0062760277793525
209,JAGAT PURI,60,KRISHNA NAGAR,1.03242502082766,76170.0,6405.209694053817,73777.7547651229,0.0840909766844403,46.6388113109522,52.67272880125489,39.890968181473205,47.16508307000001,53.894228539813945,40.41539245121341,6.033917490302692,-12.781760619781686,-6.747843129478994,0.1201358841136524,0.1329781205007827,0.1321362034182289,0.184390571091622,0.2291477113451298,0.2253294158796482,0.012000319304576498,4.92,0,0,0,1.99,0,0,76170,5932,1.0,3,0,3,0,DIRECT_PLUS_CANDIDATE_SPLITS,2011 Census PCA linked to official 2022 Delhi ward delimitation. Direct PCA units receive full-value transfer. Split PCA units with passing population-share QA receive candidate population-proportional allocation. Unresolved/manual units are explicitly flagged.,0.1321362034182289,0.1044791951227351,0.0870338394349268,0.2253294158796482,1.0306424780129826,99.82734409000972,46.6388113109522,46.68026227043843,47.16508307000001,1.0310855724125882,99.87026191848798,52.67272880125489,53.23799154760262,53.894228539813945,1.0310855724125882,99.87026191848798,39.890968181473205,39.884128972370654,40.41539245121341,1.0310855724125882,99.87026191848798,0,0,0,-6.747843129478994,0.0120003193045764
210,GEETA COLONY,60,KRISHNA NAGAR,1.052883889289983,59249.0,4458.410733172893,56273.06163831116,0.0752487085549611,45.46979757984119,48.33078922413619,39.06202590818183,46.51319588312733,49.41013459435829,39.79498591207183,2.860991644294998,-9.26876331595436,-6.407771671659361,0.1890470638050123,0.2074725859526388,0.2087620752493659,0.3207112520169544,0.3583660351761294,0.3739616759649621,0.019715011444353614,5.42,0,0,0,2.9,0,0,59249,4782,1.0,1,0,1,0,DIRECT_PLUS_CANDIDATE_SPLITS,2011 Census PCA linked to official 2022 Delhi ward delimitation. Direct PCA units receive full-value transfer. Split PCA units with passing population-share QA receive candidate population-proportional allocation. Unresolved/manual units are explicitly flagged.,0.2087620752493659,0.1747624010688986,0.106383438370609,0.3739616759649621,1.0512343483127968,99.8433311598776,45.46979757984119,45.769308822664165,46.51319588312733,1.0512885054567818,99.84847485563893,48.33078922413619,48.59026480874082,49.41013459435829,1.0512885054567818,99.84847485563893,39.06202590818183,39.20255956278633,39.79498591207183,1.0512885054567818,99.84847485563893,0,0,0,-6.407771671659361,0.0197150114443536
211,KRISHNA NAGAR,60,KRISHNA NAGAR,2.310141443230738,61458.0,3795.111225224949,26603.565846622296,0.061751297231035,45.65991420481989,49.37234522885762,39.2464825262286,47.58486541769233,53.43004674090936,40.84320757473439,3.712431024037727,-10.12586270262902,-6.413431678591294,0.1781946464677785,0.2043470789218311,0.1974730640320653,0.3144953377258541,0.3851947077152192,0.3889920942188165,0.019278417564286804,4.97,0,0,0,2.89,0,0,61458,3690,1.0,2,1,1,0,DIRECT_PLUS_CANDIDATE_SPLITS,2011 Census PCA linked to official 2022 Delhi ward delimitation. Direct PCA units receive full-value transfer. Split PCA units with passing population-share QA receive candidate population-proportional allocation. Unresolved/manual units are explicitly flagged.,0.1974730640320653,0.1464889610758471,0.0878894051916583,0.3889920942188165,2.3065680585915955,99.84531749561856,45.65991420481989,46.46947543614501,47.58486541769233,2.306511516319365,99.84286992807262,49.37234522885762,49.80637532128485,53.43004674090936,2.306511516319365,99.84286992807262,39.2464825262286,39.9669851825864,40.84320757473439,2.306511516319365,99.84286992807262,0,0,0,-6.413431678591294,0.0192784175642868
212,GANDHI NAGAR,61,GANDHI NAGAR,2.029110018078024,62052.0,7180.031709068604,30580.894799768295,0.1157099160231516,44.86236750303944,48.112503710947344,39.20648491879001,47.469321852994725,51.22002350233716,41.467619796959234,3.2501362079079072,-8.906018792157333,-5.655882584249426,0.1756336111176824,0.202014690346143,0.1922459623068211,0.4072225837275221,0.4667597552637696,0.4360991393068791,0.016612351189138702,4.98,0,0,0,3.59,0,0,62052,7127,1.0,3,0,3,0,DIRECT_PLUS_CANDIDATE_SPLITS,2011 Census PCA linked to official 2022 Delhi ward delimitation. Direct PCA units receive full-value transfer. Split PCA units with passing population-share QA receive candidate population-proportional allocation. Unresolved/manual units are explicitly flagged.,0.1922459623068211,0.1153002924803909,0.0880388361776501,0.4360991393068791,2.026016486178767,99.84754242639896,44.86236750303944,46.53339702680151,47.469321852994725,2.0259233921480075,99.84295450214006,48.112503710947344,49.84394872060592,51.22002350233716,2.0259233921480075,99.84295450214006,39.20648491879001,40.40091272152695,41.467619796959234,2.0259233921480075,99.84295450214006,0,0,0,-5.655882584249426,0.0166123511891387
213,SHASTRI PARK,61,GANDHI NAGAR,3.032293206300013,68530.0,7586.696294761161,22600.057229828348,0.1107062059647039,46.375123424936426,49.513282189289846,39.68089911921221,49.59111291864103,52.428292415966666,41.83819191254756,3.1381587643534203,-9.83238307007764,-6.6942243057242194,0.218963716308032,0.2502187526300156,0.2803162570661856,0.4031423277040371,0.4315893773822872,0.5104784484425049,0.061352540758153634,4.89,0,0,0,2.98,0,0,68530,6720,1.0,4,0,4,0,DIRECT_PLUS_CANDIDATE_SPLITS,2011 Census PCA linked to official 2022 Delhi ward delimitation. Direct PCA units receive full-value transfer. Split PCA units with passing population-share QA receive candidate population-proportional allocation. Unresolved/manual units are explicitly flagged.,0.2803162570661856,0.251816817536676,0.1076652386050051,0.5104784484425049,3.0275517283344326,99.84363392182097,46.375123424936426,47.5309394332103,49.59111291864103,3.02786090409462,99.85383002553368,49.513282189289846,50.43390308035702,52.428292415966666,3.02786090409462,99.85383002553368,39.68089911921221,40.40657027539789,41.83819191254756,3.02786090409462,99.85383002553368,0,0,0,-6.6942243057242194,0.0613525407581536
214,AZAD NAGAR,61,GANDHI NAGAR,1.0777107892918882,66674.0,6074.271996170235,61866.31948243579,0.0911040584961189,46.79565301955653,50.13620980441928,40.45362089824211,47.66976377600001,51.01797071750003,41.147828013446414,3.3405567848627484,-9.682588906177171,-6.342032121314425,0.119368840716309,0.1340569178155048,0.1363461733962235,0.1829029288358191,0.2062040852395666,0.246987071528836,0.01697733267991451,4.16,0,0,0,3.16,0,0,66674,6994,1.0,3,0,3,0,DIRECT_PLUS_CANDIDATE_SPLITS,2011 Census PCA linked to official 2022 Delhi ward delimitation. Direct PCA units receive full-value transfer. Split PCA units with passing population-share QA receive candidate population-proportional allocation. Unresolved/manual units are explicitly flagged.,0.1363461733962235,0.1026191690852711,0.0850941968461321,0.246987071528836,1.0761615332507557,99.8562456591763,46.79565301955653,46.67297967021619,47.66976377600001,1.0758759217720786,99.8297439778797,50.13620980441928,50.04791835676893,51.01797071750003,1.0758759217720786,99.8297439778797,40.45362089824211,40.47765820345213,41.147828013446414,1.0758759217720786,99.8297439778797,0,0,0,-6.342032121314425,0.0169773326799145
215,SHAHDARA,62,SHAHDARA,1.1429593738652168,69110.0,15692.60529069668,60465.84120158743,0.2270670712009358,46.76542167313184,53.095164319826885,40.69076092799949,47.3663944756822,54.48687873894738,41.304600423344496,6.3297426466950455,-12.404403391827394,-6.074660745132348,0.116159370397894,0.1317880336649285,0.1330139144665164,0.173132766781748,0.2279661839448599,0.2220945114894351,0.0168545440686224,2.82,0,0,0,2.45,0,0,69110,16796,1.0,2,1,1,0,DIRECT_PLUS_CANDIDATE_SPLITS,2011 Census PCA linked to official 2022 Delhi ward delimitation. Direct PCA units receive full-value transfer. Split PCA units with passing population-share QA receive candidate population-proportional allocation. Unresolved/manual units are explicitly flagged.,0.1330139144665164,0.1046739077701694,0.085113215604905,0.2220945114894351,1.1413886058706255,99.86257009387135,46.76542167313184,46.789265670283065,47.3663944756822,1.1412192545278514,99.84775317678346,53.095164319826885,53.86231241970896,54.48687873894738,1.1412192545278514,99.84775317678346,40.69076092799949,40.726616605166974,41.304600423344496,1.1412192545278514,99.84775317678346,0,0,0,-6.074660745132348,0.0168545440686224
216,JHILMIL,62,SHAHDARA,2.4586353117593416,68555.0,12107.62928179403,27883.354506506155,0.176611906962206,46.52969185176809,53.6028794300989,41.05198944901019,48.17225641671234,56.09831529717721,42.98653189357047,7.07318757833081,-12.550889981088709,-5.477702402757899,0.1852706141136699,0.2172828807467151,0.218580843805997,0.2744173290115347,0.3530616922401225,0.3650738517644943,0.03331022969232708,1.39,0,0,0,2.66,0,0,68555,11476,1.0,2,0,2,0,DIRECT_PLUS_CANDIDATE_SPLITS,2011 Census PCA linked to official 2022 Delhi ward delimitation. Direct PCA units receive full-value transfer. Split PCA units with passing population-share QA receive candidate population-proportional allocation. Unresolved/manual units are explicitly flagged.,0.218580843805997,0.2012140811624947,0.0959301061065972,0.3650738517644943,2.455453633964268,99.87059171484864,46.52969185176809,46.32656619801061,48.17225641671234,2.4550486261876743,99.85411884574695,53.6028794300989,53.21814571110065,56.09831529717721,2.4550486261876743,99.85411884574695,41.05198944901019,40.73760550120088,42.98653189357047,2.4550486261876743,99.85411884574695,0,0,0,-5.477702402757899,0.033310229692327
217,DILSHAD COLONY,62,SHAHDARA,1.7813511490855138,76598.0,11159.9203734626,42999.94419366606,0.145694670532685,46.36614334696589,53.11168684071652,40.66548555729693,48.64022025505872,55.71778108307693,42.70254520000001,6.745543493750631,-12.44620128341959,-5.700657789668959,0.2142991915675337,0.2580961630483304,0.250003380310641,0.3253056371738142,0.4280076882402965,0.4085628987942442,0.035704188743107323,1.32,0,0,0,4.05,0,0,76598,10854,1.0,2,0,2,0,DIRECT_PLUS_CANDIDATE_SPLITS,2011 Census PCA linked to official 2022 Delhi ward delimitation. Direct PCA units receive full-value transfer. Split PCA units with passing population-share QA receive candidate population-proportional allocation. Unresolved/manual units are explicitly flagged.,0.250003380310641,0.2323835708897212,0.1193136122347863,0.4085628987942442,1.7783793557894827,99.83317195503218,46.36614334696589,46.20478632648766,48.64022025505872,1.778695419451067,99.85091487235348,53.11168684071652,52.90479739715849,55.71778108307693,1.778695419451067,99.85091487235348,40.66548555729693,40.486053408772506,42.70254520000001,1.778695419451067,99.85091487235348,0,0,0,-5.700657789668959,0.0357041887431073
218,SUNDAR NAGRI,63,SEEMA PURI,1.052882936234944,83935.0,21985.97501678082,79719.21389489634,0.2619404898645478,46.85627433683349,54.0081728314879,40.61749076346874,48.36306023676176,55.645460492628544,41.98162694165574,7.151898494654404,-13.39068206801916,-6.238783573364756,0.1879824419770738,0.2134430208786801,0.2275331600380355,0.2822147757966171,0.342609635306061,0.3613062839624704,0.03955071806096169,1.84,0,0,0,5.37,0,0,83935,20704,1.0,2,0,2,0,DIRECT_PLUS_CANDIDATE_SPLITS,2011 Census PCA linked to official 2022 Delhi ward delimitation. Direct PCA units receive full-value transfer. Split PCA units with passing population-share QA receive candidate population-proportional allocation. Unresolved/manual units are explicitly flagged.,0.2275331600380355,0.2089508432585117,0.1270309551053076,0.3613062839624704,1.05124874355373,99.8447887580876,46.85627433683349,46.73648621657304,48.36306023676176,1.051035862277641,99.82456986491697,54.0081728314879,53.82523643089544,55.645460492628544,1.051035862277641,99.82456986491697,40.61749076346874,40.48541922099688,41.98162694165574,1.051035862277641,99.82456986491697,0,0,0,-6.238783573364756,0.0395507180609616
219,DILSHAD GARDEN,63,SEEMA PURI,1.870537772432948,79248.0,16831.97530606823,42366.42593799359,0.2123962157539399,46.0460044061299,52.65659505740917,40.10363088302102,47.26455250139236,54.110954925651455,41.010759599570605,6.610590651279267,-12.552964174388151,-5.942373523108884,0.2286892065586485,0.2735466593351797,0.2746941062384488,0.3271612768373969,0.4162593891282796,0.4150078773288832,0.046004899679800315,0.67,0,0,0,4.34,0,0,79248,15189,1.0,4,0,4,0,DIRECT_PLUS_CANDIDATE_SPLITS,2011 Census PCA linked to official 2022 Delhi ward delimitation. Direct PCA units receive full-value transfer. Split PCA units with passing population-share QA receive candidate population-proportional allocation. Unresolved/manual units are explicitly flagged.,0.2746941062384488,0.2706086437009584,0.1355979851983139,0.4150078773288832,1.8676951707213163,99.8480329157997,46.0460044061299,46.015378641848834,47.26455250139236,1.867568039551261,99.84123641203864,52.65659505740917,52.60895555228518,54.110954925651455,1.867568039551261,99.84123641203864,40.10363088302102,39.9836208379751,41.010759599570605,1.867568039551261,99.84123641203864,0,0,0,-5.942373523108884,0.0460048996798003
220,NAND NAGRI,63,SEEMA PURI,1.8282132428786868,30042.0,10180.89473119764,16432.437581896167,0.3388887135076773,46.52928119817635,53.28522180058582,39.902515097855385,48.02494488285714,55.15607077626462,41.26633576552955,6.755940602409474,-13.382706702730438,-6.626766100320964,0.2382137504194111,0.273525077304003,0.286714504242829,0.3327402180640129,0.4037439350816658,0.435356953489163,0.048500753823417925,0.73,0,0,0,4.52,0,0,73753,36402,0.4073325830813662,3,1,2,0,DIRECT_PLUS_CANDIDATE_SPLITS,2011 Census PCA linked to official 2022 Delhi ward delimitation. Direct PCA units receive full-value transfer. Split PCA units with passing population-share QA receive candidate population-proportional allocation. Unresolved/manual units are explicitly flagged.,0.286714504242829,0.279007904631299,0.1507200142286321,0.435356953489163,1.8251820661795823,99.83420004690856,46.52928119817635,46.29712292315792,48.02494488285714,1.8253278580437144,99.84217460155638,53.28522180058582,52.9697092904425,55.15607077626462,1.8253278580437144,99.84217460155638,39.902515097855385,39.732268704458,41.26633576552955,1.8253278580437144,99.84217460155638,0,0,0,-6.626766100320964,0.0485007538234179
221,ASHOK NAGAR,64,ROHTAS NAGAR,1.0899499819262892,59850.0,13508.76895497995,54910.7766341956,0.2257104253129482,46.93585250159212,53.74161929552861,40.49974481828931,47.95026478712891,55.15127788027864,41.51765983643126,6.805766793936485,-13.2418744772393,-6.436107683302815,0.141020541998171,0.1612993480725365,0.1651163993843751,0.2373589638008215,0.3094428126877881,0.3098381632771366,0.024095857386204123,1.87,0,0,0,5.02,0,0,56114,12771,1.066578750400969,3,1,2,0,DIRECT_PLUS_CANDIDATE_SPLITS,2011 Census PCA linked to official 2022 Delhi ward delimitation. Direct PCA units receive full-value transfer. Split PCA units with passing population-share QA receive candidate population-proportional allocation. Unresolved/manual units are explicitly flagged.,0.1651163993843751,0.1162249172273854,0.0910028895310455,0.3098381632771366,1.0882481257501342,99.84385924084816,46.93585250159212,47.20410949156584,47.95026478712891,1.0883102844140145,99.84956213225703,53.74161929552861,54.15298501402497,55.15127788027864,1.0883102844140145,99.84956213225703,40.49974481828931,40.733006777438,41.51765983643126,1.0883102844140145,99.84956213225703,0,0,0,-6.436107683302815,0.0240958573862041
222,RAM NAGAR EAST,64,ROHTAS NAGAR,0.9571027576808956,59874.0,16080.90108710514,62557.546219047035,0.2685790340900081,46.87061994337536,53.951626776955415,40.84928555205856,48.19682246000002,55.10639829333335,41.66996993367744,7.081006833580055,-13.102341224896854,-6.021334391316799,0.14127431403405,0.1491430367228601,0.1483698587904851,0.231354097978141,0.2620929521047835,0.2642837767391116,0.00709554475643509,1.1,0,0,0,3.72,0,0,56116,11297,1.066968422553283,4,1,3,0,DIRECT_PLUS_CANDIDATE_SPLITS,2011 Census PCA linked to official 2022 Delhi ward delimitation. Direct PCA units receive full-value transfer. Split PCA units with passing population-share QA receive candidate population-proportional allocation. Unresolved/manual units are explicitly flagged.,0.1483698587904851,0.1179791140909444,0.0890586339318894,0.2642837767391116,0.9556212801571116,99.84521228134648,46.87061994337536,47.04871518626695,48.19682246000002,0.9556564261797732,99.84888440770696,53.951626776955415,54.07737978366512,55.10639829333335,0.9556564261797732,99.84888440770696,40.84928555205856,41.04558228152745,41.66996993367744,0.9556564261797732,99.84888440770696,0,0,0,-6.021334391316799,0.007095544756435
223,ROHTASH NAGAR,64,ROHTAS NAGAR,1.1234625364524478,55550.0,9025.5187952181,49445.35148934291,0.1624755858725131,47.52479619609598,54.31151518203615,41.297270940830096,48.18093872000002,55.21554269227093,41.80221093111115,6.786718985940176,-13.014244241206056,-6.227525255265881,0.1235530909959597,0.1427128820118817,0.1420333340024538,0.1962736955688819,0.2608233639266518,0.2521708889536832,0.018480243006494104,1.76,0,0,0,3.5,0,0,55550,12468,1.0,2,0,2,0,DIRECT_PLUS_CANDIDATE_SPLITS,2011 Census PCA linked to official 2022 Delhi ward delimitation. Direct PCA units receive full-value transfer. Split PCA units with passing population-share QA receive candidate population-proportional allocation. Unresolved/manual units are explicitly flagged.,0.1420333340024538,0.1078418376488128,0.084357692027702,0.2521708889536832,1.1216480112682878,99.8384881448838,47.52479619609598,47.47648974814562,48.18093872000002,1.1215139932882867,99.82655913295392,54.31151518203615,54.28131884747904,55.21554269227093,1.1215139932882867,99.82655913295392,41.297270940830096,41.20322614082676,41.80221093111115,1.1215139932882867,99.82655913295392,0,0,0,-6.227525255265881,0.0184802430064941
224,WELCOME COLONY,64,ROHTAS NAGAR,1.397093040290306,65707.0,10302.81116269681,47031.22705868362,0.1567992932670311,47.03519569201281,50.417973897023046,40.652819251968126,48.07658014784719,54.154471138499545,41.577620452991255,3.382778205010233,-9.76515464505492,-6.382376440044688,0.1446159370510846,0.1713838675777439,0.1666019584219691,0.2398226762427694,0.291223918019887,0.3141336081115639,0.021986021370884484,3.11,0,0,0,3.6,0,0,64614,9937,1.016915838672733,2,1,1,0,DIRECT_PLUS_CANDIDATE_SPLITS,2011 Census PCA linked to official 2022 Delhi ward delimitation. Direct PCA units receive full-value transfer. Split PCA units with passing population-share QA receive candidate population-proportional allocation. Unresolved/manual units are explicitly flagged.,0.1666019584219691,0.1308711652814179,0.0880972630302064,0.3141336081115639,1.394671087363329,99.8266434047604,47.03519569201281,46.986301315154186,48.07658014784719,1.3949403812547871,99.84591870595308,50.417973897023046,49.84378018732068,54.154471138499545,1.3949403812547871,99.84591870595308,40.652819251968126,40.7956173833706,41.577620452991255,1.3949403812547871,99.84591870595308,0,0,0,-6.382376440044688,0.0219860213708844
225,SEELAMPUR,65,SEELAMPUR,0.7435908879818249,6937.0,883.0148425244357,9329.054608008531,0.1272905928390422,47.38788839341117,50.28103876387234,40.89163965821062,50.48176883000002,53.72205179000002,42.51493388000002,2.8931503704611714,-9.389399105661717,-6.496248735200545,0.13715862257981,0.1532991348946655,0.1550884235186976,0.1946580605076242,0.2273550797153177,0.2526318189457524,0.017929800938887575,4.93,0,0,0,4.39,0,0,63039,7542,0.1100429892606164,3,0,1,2,CONTAINS_MANUAL_REVIEW_UNITS,2011 Census PCA linked to official 2022 Delhi ward delimitation. Direct PCA units receive full-value transfer. Split PCA units with passing population-share QA receive candidate population-proportional allocation. Unresolved/manual units are explicitly flagged.,0.1550884235186976,0.1315959066463227,0.0925555664518557,0.2526318189457524,0.7423952309072459,99.8392049857114,47.38788839341117,46.60071233065185,50.48176883000002,0.7423827442394783,99.8375257467684,50.28103876387234,49.39295232763337,53.72205179000002,0.7423827442394783,99.8375257467684,40.89163965821062,40.57786764787108,42.51493388000002,0.7423827442394783,99.8375257467684,0,0,0,-6.496248735200545,0.0179298009388875
226,GAUTAM PURI,65,SEELAMPUR,3.8774471403694073,51072.0,6500.985157475563,13171.552867419447,0.1272905928390422,45.596729360698994,47.22339419924338,38.975431569134,49.30444619233858,50.81002563178299,41.27836017976742,1.6266648385443858,-8.247962630109377,-6.6212977915649915,0.278539793911229,0.3147370439997635,0.3446074207174012,0.4472401871207686,0.497929627170685,0.513326292911331,0.06606762680617217,5.48,0,0,0,3.2,0,0,51072,7144,1.0,1,0,1,0,DIRECT_PLUS_CANDIDATE_SPLITS,2011 Census PCA linked to official 2022 Delhi ward delimitation. Direct PCA units receive full-value transfer. Split PCA units with passing population-share QA receive candidate population-proportional allocation. Unresolved/manual units are explicitly flagged.,0.3446074207174012,0.3694241287551472,0.1150890409831119,0.513326292911331,3.87185449024969,99.85576463283044,45.596729360698994,46.06505235456777,49.30444619233858,3.871856242714797,99.85580982919404,47.22339419924338,47.6878090775429,50.81002563178299,3.871856242714797,99.85580982919404,38.975431569134,39.28404998475044,41.27836017976742,3.871856242714797,99.85580982919404,0,0,0,-6.621297791564992,0.0660676268061721
227,CHAUHAN BANGER,65,SEELAMPUR,0.5408576987740324,0.0,0.0,0.0,,46.521066481435405,49.29972020723966,40.55976165071564,46.91310440080286,49.588467326664656,40.84913421677045,2.7786537258042543,-8.739958556524016,-5.961304830719762,0.0974090630178985,0.1085625917622758,0.1056340390820558,0.1102548468669652,0.1279967447328688,0.1347691614003198,0.0082249760641573,4.24,0,0,0,4.75,0,0,58344,124,0.0,2,0,0,2,CONTAINS_MANUAL_REVIEW_UNITS,2011 Census PCA linked to official 2022 Delhi ward delimitation. Direct PCA units receive full-value transfer. Split PCA units with passing population-share QA receive candidate population-proportional allocation. Unresolved/manual units are explicitly flagged.,0.1056340390820558,0.0907317542013921,0.081077924263174,0.1347691614003198,0.5400322662961472,99.84738453760458,46.521066481435405,46.53927856120991,46.91310440080286,0.5399345565434475,99.82931883327583,49.29972020723966,49.3188309517592,49.588467326664656,0.5399345565434475,99.82931883327583,40.55976165071564,40.61740369839065,40.84913421677045,0.5399345565434475,99.82931883327583,0,0,0,-5.961304830719762,0.0082249760641573
228,MAUJPUR,65,SEELAMPUR,0.9327256000751422,63960.0,4447.044578976334,68573.2223869992,0.0695285268758026,46.98865373074735,49.640050728934405,40.82338037507442,47.55436354682725,50.26476188097847,41.317772375000025,2.651396998187053,-8.816670353859983,-6.16527335567293,0.0926658123105095,0.1019174321799366,0.0994855170956094,0.1108852915016447,0.1246352312280618,0.1258960223897899,0.0068197047850999115,3.99,0,0,0,5.22,0,0,63960,4461,1.0,1,0,1,0,DIRECT_PLUS_CANDIDATE_SPLITS,2011 Census PCA linked to official 2022 Delhi ward delimitation. Direct PCA units receive full-value transfer. Split PCA units with passing population-share QA receive candidate population-proportional allocation. Unresolved/manual units are explicitly flagged.,0.0994855170956094,0.0908308060035563,0.0791753214010305,0.1258960223897899,0.9312006093833768,99.83650167941757,46.98865373074735,47.11563179396229,47.55436354682725,0.9313367358312268,99.85109615906292,49.640050728934405,49.639453811035374,50.26476188097847,0.9313367358312268,99.85109615906292,40.82338037507442,40.82164581982243,41.317772375000025,0.9313367358312268,99.85109615906292,0,0,0,-6.16527335567293,0.0068197047850999
229,BRAHAM PURI,66,GHONDA,2.561283728080713,66203.0,7177.964638472869,25847.585440918305,0.1084235554049344,45.8331857584092,48.81126600953015,38.18208206460833,48.40535849690789,51.689371252358725,40.77880745749142,2.97808025112095,-10.62918394492182,-7.65110369380087,0.256062786488919,0.271817347555305,0.3665557215544136,0.4587029107950472,0.4511259991555,0.5993920815959174,0.11049293506549462,6.32,0,0,0,3.92,0,0,66203,7166,1.0,3,1,2,0,DIRECT_PLUS_CANDIDATE_SPLITS,2011 Census PCA linked to official 2022 Delhi ward delimitation. Direct PCA units receive full-value transfer. Split PCA units with passing population-share QA receive candidate population-proportional allocation. Unresolved/manual units are explicitly flagged.,0.3665557215544136,0.4353385334855604,0.0995917920658663,0.5993920815959174,2.557378790467266,99.84753982658636,45.8331857584092,46.219377186378935,48.40535849690789,2.5572404263710165,99.84213768801294,48.81126600953015,48.93119094977244,51.689371252358725,2.5572404263710165,99.84213768801294,38.18208206460833,38.219498866996,40.77880745749142,2.5572404263710165,99.84213768801294,0,0,0,-7.65110369380087,0.1104929350654946
230,BHAJANPURA,66,GHONDA,5.197825964809748,54676.0,8795.0,10519.013212478972,0.1608566830053406,46.42507760241523,47.85176499816899,37.32759219159475,49.091971718357314,51.689471659175936,41.158805380204086,1.4266873957537598,-10.524172806574237,-9.097485410820475,0.2541921153364687,0.3351148369619473,0.3976318095951916,0.4006339283818856,0.5487936677363727,0.6462071077766667,0.14343969425872294,6.88,0,0,0,5.08,0,0,57248,9295,0.955072666294019,1,1,0,0,DIRECT_ONLY,2011 Census PCA linked to official 2022 Delhi ward delimitation. Direct PCA units receive full-value transfer. Split PCA units with passing population-share QA receive candidate population-proportional allocation. Unresolved/manual units are explicitly flagged.,0.3976318095951916,0.4319377340394972,0.1034310538039449,0.6462071077766667,5.190110147539204,99.85155683697798,46.42507760241523,46.596709346353215,49.091971718357314,5.19000898390731,99.8496105688155,47.85176499816899,48.05542276596852,51.689471659175936,5.19000898390731,99.8496105688155,37.32759219159475,36.840395880645175,41.158805380204086,5.19000898390731,99.8496105688155,0,0,0,-9.097485410820475,0.1434396942587229
231,GHONDA,66,GHONDA,0.6608777938525032,65273.0,10837.53027355253,98767.12549153654,0.1660338926286907,46.98417118607622,49.37686155875428,40.54195185242575,47.74305114402278,50.085984846674606,41.09417689999998,2.392690372678061,-8.834909706328531,-6.4422193336504705,0.0952154715948412,0.1080646811969223,0.1044223091797825,0.1080592402874337,0.1245399956805475,0.1240104460104764,0.0092068375849413,4.98,0,0,0,5.42,0,0,65273,10923,1.0,2,0,2,0,DIRECT_PLUS_CANDIDATE_SPLITS,2011 Census PCA linked to official 2022 Delhi ward delimitation. Direct PCA units receive full-value transfer. Split PCA units with passing population-share QA receive candidate population-proportional allocation. Unresolved/manual units are explicitly flagged.,0.1044223091797825,0.096615427938713,0.0869482028180566,0.1240104460104764,0.6598386226914352,99.84275895320825,46.98417118607622,46.96101802171306,47.74305114402278,0.6598327716337317,99.8418736068162,49.37686155875428,49.338962948381166,50.085984846674606,0.6598327716337317,99.8418736068162,40.54195185242575,40.575458083224405,41.09417689999998,0.6598327716337317,99.8418736068162,0,0,0,-6.442219333650471,0.0092068375849413
232,YAMUNA VIHAR,66,GHONDA,1.3724313189623345,53966.0,3848.285128334172,39321.45766011994,0.0713094379486004,46.458530264206296,49.32266204557807,40.02018376272809,47.3554442332453,50.545402340196965,41.0749149077477,2.864131781371775,-9.302478282849982,-6.4383465014782075,0.1565907117842897,0.1805939494863802,0.1837392643495026,0.2454475592870344,0.2916013620886355,0.3211459730042693,0.027148552565212897,4.56,0,0,0,6.41,0,0,48198,3421,1.119673015477821,4,3,1,0,DIRECT_PLUS_CANDIDATE_SPLITS,2011 Census PCA linked to official 2022 Delhi ward delimitation. Direct PCA units receive full-value transfer. Split PCA units with passing population-share QA receive candidate population-proportional allocation. Unresolved/manual units are explicitly flagged.,0.1837392643495026,0.1593844248265116,0.0928117829038103,0.3211459730042693,1.370272278651817,99.84268500137772,46.458530264206296,46.51684448449403,47.3554442332453,1.370286359663423,99.84371099163394,49.32266204557807,49.20251967077593,50.545402340196965,1.370286359663423,99.84371099163394,40.02018376272809,39.9840629916576,41.0749149077477,1.370286359663423,99.84371099163394,0,0,0,-6.438346501478208,0.0271485525652128
233,SUBHASH MOHALLA,67,BABARPUR,0.6698011875996233,57209.0,2266.175380664098,85411.91186151933,0.0396122180192644,47.021382860408856,49.50387793235664,40.41384281072981,47.9191359491652,50.32035106056382,41.22669938000002,2.482495071947781,-9.090035121626826,-6.607540049679045,0.1111805710899858,0.1264741771108454,0.1248640128447336,0.1692627752244411,0.1948394041555863,0.2035684415666034,0.013683441754747797,4.32,0,0,0,5.89,0,0,57209,2236,1.0,2,1,1,0,DIRECT_PLUS_CANDIDATE_SPLITS,2011 Census PCA linked to official 2022 Delhi ward delimitation. Direct PCA units receive full-value transfer. Split PCA units with passing population-share QA receive candidate population-proportional allocation. Unresolved/manual units are explicitly flagged.,0.1248640128447336,0.1004046639163744,0.0871970164324263,0.2035684415666034,0.668706339081648,99.83654126952224,47.021382860408856,47.10971600417312,47.9191359491652,0.6685949484224207,99.8199108631734,49.50387793235664,49.50628951761042,50.32035106056382,0.6685949484224207,99.8199108631734,40.41384281072981,40.46187826147494,41.22669938000002,0.6685949484224207,99.8199108631734,0,0,0,-6.607540049679045,0.0136834417547477
234,KABIR NAGAR,67,BABARPUR,0.6641290385065775,47103.0,2691.752651463065,70924.46989807914,0.057146097944145,46.97978873745026,49.606368217884686,40.96202556619223,47.78836907000001,50.61395224590484,41.64253903374544,2.6265794804344296,-8.644342651692455,-6.017763171258025,0.1096180640096838,0.1212749308783716,0.1174548352333679,0.1490126066225623,0.1796047020737579,0.17715397677181,0.007836771223684105,3.17,0,0,0,5.09,0,0,54811,4070,0.8593712940833045,3,0,3,0,DIRECT_PLUS_CANDIDATE_SPLITS,2011 Census PCA linked to official 2022 Delhi ward delimitation. Direct PCA units receive full-value transfer. Split PCA units with passing population-share QA receive candidate population-proportional allocation. Unresolved/manual units are explicitly flagged.,0.1174548352333679,0.0965630383811115,0.0832065593322742,0.17715397677181,0.6631006873982747,99.84515793638307,46.97978873745026,46.96104780568966,47.78836907000001,0.6630418874483,99.8363042428137,49.606368217884686,49.61087985979582,50.61395224590484,0.6630418874483,99.8363042428137,40.96202556619223,40.98834523348507,41.64253903374544,0.6630418874483,99.8363042428137,0,0,0,-6.017763171258025,0.0078367712236841
235,GORAKH PARK,67,BABARPUR,0.7232317106643364,63880.0,3388.680406852248,88325.77313475645,0.0530475955988141,46.83545431234262,50.71691759171201,40.41358198011081,47.7655603596154,54.789499436000014,41.16400933062364,3.881463279369392,-10.3033356116012,-6.421872332231807,0.1316710451829268,0.1486167236700185,0.1613087581788419,0.2084779673277323,0.2446253524166274,0.2880475821133043,0.02963771299591511,2.97,0,0,0,4.14,0,0,63353,3295,1.008318469527884,3,2,1,0,DIRECT_PLUS_CANDIDATE_SPLITS,2011 Census PCA linked to official 2022 Delhi ward delimitation. Direct PCA units receive full-value transfer. Split PCA units with passing population-share QA receive candidate population-proportional allocation. Unresolved/manual units are explicitly flagged.,0.1613087581788419,0.1217893728525369,0.0849345769290821,0.2880475821133043,0.7220797584238083,99.84072155250632,46.83545431234262,46.85876645220517,47.7655603596154,0.722020750623995,99.83256264590096,50.71691759171201,49.8434666667479,54.789499436000014,0.722020750623995,99.83256264590096,40.41358198011081,40.55333805158694,41.16400933062364,0.722020750623995,99.83256264590096,0,0,0,-6.421872332231807,0.0296377129959151
236,KARDAM PURI,67,BABARPUR,1.442839090113728,64940.0,4436.566941684686,45008.48392933496,0.0683179387386,46.95520956488926,50.05208893932223,40.44260616518577,48.0441611171785,53.47766336000001,41.42189140713945,3.096879374432973,-9.60948277413646,-6.512603399703487,0.1509651953156248,0.1704505124354984,0.1881906180138174,0.2723633017421796,0.3102220435113203,0.3803934239314251,0.037225422698192595,2.6,0,0,0,4.93,0,0,64940,4648,1.0,4,0,4,0,DIRECT_PLUS_CANDIDATE_SPLITS,2011 Census PCA linked to official 2022 Delhi ward delimitation. Direct PCA units receive full-value transfer. Split PCA units with passing population-share QA receive candidate population-proportional allocation. Unresolved/manual units are explicitly flagged.,0.1881906180138174,0.1271524203723565,0.0839592879422363,0.3803934239314251,1.440600939237466,99.84487869149112,46.95520956488926,47.23396649415013,48.0441611171785,1.4405909071911378,99.8441833924521,50.05208893932223,50.03284693467224,53.47766336000001,1.4405909071911378,99.8441833924521,40.44260616518577,40.73632554436907,41.42189140713945,1.4405909071911378,99.8441833924521,0,0,0,-6.512603399703487,0.0372254226981925
237,HARSH VIHAR,68,GOKALPUR,2.6799280710551674,78698.0,31746.0,29365.713524174647,0.4033901750997484,47.22762436809219,55.26594470159052,41.05890338723403,49.04495133159163,57.8426991059692,42.71627153428573,8.038320333498334,-14.207041314356488,-6.168720980858154,0.1643578372263596,0.1614170412737521,0.1786267785048958,0.2434450084130908,0.2558695016338458,0.317906327080052,0.014268941278536201,2.53,0,0,0,6.42,0,0,78698,31746,1.0,2,2,0,0,DIRECT_ONLY,2011 Census PCA linked to official 2022 Delhi ward delimitation. Direct PCA units receive full-value transfer. Split PCA units with passing population-share QA receive candidate population-proportional allocation. Unresolved/manual units are explicitly flagged.,0.1786267785048958,0.146470186798041,0.0918861778153215,0.317906327080052,2.6759274704522835,99.85071985154778,47.22762436809219,47.01198923568489,49.04495133159163,2.676163334962852,99.85952100233672,55.26594470159052,54.84293870445679,57.8426991059692,2.676163334962852,99.85952100233672,41.05890338723403,40.97261048836734,42.71627153428573,2.676163334962852,99.85952100233672,0,0,0,-6.168720980858154,0.0142689412785362
238,SABOLI,68,GOKALPUR,1.705525100174666,71019.0,22218.0,41640.54811783585,0.3128458581506358,48.16343694039176,55.95975593345448,41.91729049859583,50.79451766000002,59.72915822191746,45.05794076000003,7.796318993062719,-14.042465434858649,-6.246146441795929,0.1286864141428935,0.1215152968118362,0.1239816193549526,0.1965687289802939,0.1964426672082682,0.2157488559651195,-0.004704794787940905,2.63,0,0,0,6.4,0,0,71019,22218,1.0,2,2,0,0,DIRECT_ONLY,2011 Census PCA linked to official 2022 Delhi ward delimitation. Direct PCA units receive full-value transfer. Split PCA units with passing population-share QA receive candidate population-proportional allocation. Unresolved/manual units are explicitly flagged.,0.1239816193549526,0.100584849836051,0.0751064302682944,0.2157488559651195,1.702948779237035,99.8489426548242,48.16343694039176,47.57818364332416,50.79451766000002,1.702916314228133,99.84703913496988,55.95975593345448,55.15221230069554,59.72915822191746,1.702916314228133,99.84703913496988,41.91729049859583,41.26567361587342,45.05794076000003,1.702916314228133,99.84703913496988,0,0,0,-6.246146441795929,-0.0047047947879409
239,GOKAL PURI,68,GOKALPUR,1.5649532975813083,73943.0,33863.99782435274,47249.33332789008,0.4579743562521502,47.06203637825827,50.58284432836873,40.52564965087414,48.51694139562502,54.15804419149646,42.10655169875002,3.520807950110459,-10.057194677494586,-6.5363867273841265,0.161461584915734,0.178920609009027,0.1827211716790723,0.2786553097557586,0.3194220357930382,0.3481647936860135,0.02125958676333828,3.42,0,0,0,6.26,0,0,73943,33590,1.0,3,2,1,0,DIRECT_PLUS_CANDIDATE_SPLITS,2011 Census PCA linked to official 2022 Delhi ward delimitation. Direct PCA units receive full-value transfer. Split PCA units with passing population-share QA receive candidate population-proportional allocation. Unresolved/manual units are explicitly flagged.,0.1827211716790723,0.139560970354639,0.0889264077404738,0.3481647936860135,1.5625943892003684,99.84926653181373,47.06203637825827,47.17645984191703,48.51694139562502,1.562594535424087,99.84927587546116,50.58284432836873,50.22101573391789,54.15804419149646,1.562594535424087,99.84927587546116,40.52564965087414,40.57958809586209,42.10655169875002,1.562594535424087,99.84927587546116,0,0,0,-6.536386727384127,0.0212595867633382
240,JOHARIPUR,68,GOKALPUR,1.3077288175240245,71269.0,21137.00217564726,54498.301975891656,0.2965805915004737,48.357094758582114,51.53414185522056,41.2446342749509,49.79850663200001,53.57469847442896,42.73140848000003,3.1770470966384465,-10.289507580269664,-7.112460483631217,0.1131256693533435,0.1157553982891489,0.1125200149337432,0.1491083660398757,0.1518128344723744,0.1534856316632716,-0.00060565441960031,4.45,0,0,0,7.49,0,0,71269,21411,1.0,3,2,1,0,DIRECT_PLUS_CANDIDATE_SPLITS,2011 Census PCA linked to official 2022 Delhi ward delimitation. Direct PCA units receive full-value transfer. Split PCA units with passing population-share QA receive candidate population-proportional allocation. Unresolved/manual units are explicitly flagged.,0.1125200149337432,0.1005681939934989,0.0810368644613027,0.1534856316632716,1.3057310447435566,99.84723340545098,48.357094758582114,48.20164430964289,49.79850663200001,1.305777465365541,99.85078311861491,51.53414185522056,51.20316542238199,53.57469847442896,1.305777465365541,99.85078311861491,41.2446342749509,40.95444991645957,42.73140848000003,1.305777465365541,99.85078311861491,0,0,0,-7.112460483631217,-0.0006056544196003
241,KARAWAL NAGAR-EAST,69,MUSTAFABAD,1.2194028442721798,65473.99999999999,15035.99658006913,53693.49457199208,0.2296483578224812,47.52006436272944,50.59151557486473,40.30936711546925,48.04727433779469,50.949614486570304,40.78820891648533,3.071451212135287,-10.28214845939548,-7.2106972472601925,0.1166839071166076,0.1186301675106548,0.1164150088179631,0.1450829752696813,0.146972624047059,0.1495706220128543,-0.00026889829864450154,5.56,0,0,0,8.63,0,0,65474,14352,1.0,1,0,1,0,DIRECT_PLUS_CANDIDATE_SPLITS,2011 Census PCA linked to official 2022 Delhi ward delimitation. Direct PCA units receive full-value transfer. Split PCA units with passing population-share QA receive candidate population-proportional allocation. Unresolved/manual units are explicitly flagged.,0.1164150088179631,0.1102606849951299,0.0889658582693734,0.1495706220128543,1.217469782450357,99.84147471601344,47.52006436272944,47.61206895790174,48.04727433779469,1.217740424484432,99.86366935294954,50.59151557486473,50.609793083553775,50.949614486570304,1.217740424484432,99.86366935294954,40.30936711546925,40.31991187476812,40.78820891648533,1.217740424484432,99.86366935294954,0,0,0,-7.210697247260192,-0.0002688982986445
242,DAYALPUR,69,MUSTAFABAD,1.1956193635336303,54188.0,9445.95589010878,45322.11642997182,0.1743182234094039,47.88872465106067,51.08593224216457,40.529466253413744,48.493817096426845,51.862273434394105,41.03948858000002,3.197207591103897,-10.556465988750825,-7.359258397646926,0.1164796598026381,0.1226930891427514,0.1193240083433569,0.1529350760973706,0.1592214942711968,0.1592114836777644,0.0028443485407187996,5.95,0,0,0,8.73,0,0,54188,11316,1.0,2,0,2,0,DIRECT_PLUS_CANDIDATE_SPLITS,2011 Census PCA linked to official 2022 Delhi ward delimitation. Direct PCA units receive full-value transfer. Split PCA units with passing population-share QA receive candidate population-proportional allocation. Unresolved/manual units are explicitly flagged.,0.1193240083433569,0.108500841888633,0.0869881946564245,0.1592114836777644,1.19356207346024,99.82793101750124,47.88872465106067,47.91459479576925,48.493817096426845,1.1935482123334098,99.82677169144372,51.08593224216457,51.07330112957594,51.862273434394105,1.1935482123334098,99.82677169144372,40.529466253413744,40.50797615865476,41.03948858000002,1.1935482123334098,99.82677169144372,0,0,0,-7.359258397646926,0.0028443485407187
243,MUSTAFABAD,69,MUSTAFABAD,0.4455455250526551,55586.0,2383.392882916467,124759.41710654771,0.0428775749814066,47.71027900707518,50.567383269305246,40.67966057453398,48.49248119000002,51.42941487500002,41.58688953924263,2.857104262230066,-9.887722694771265,-7.030618432541196,0.0892602483045159,0.0959688788761296,0.0858375848633339,0.1002401225694563,0.109651744720889,0.0994581301719753,-0.003422663441182,4.86,0,0,0,7.45,0,0,55586,385,1.0,3,0,3,0,DIRECT_PLUS_CANDIDATE_SPLITS,2011 Census PCA linked to official 2022 Delhi ward delimitation. Direct PCA units receive full-value transfer. Split PCA units with passing population-share QA receive candidate population-proportional allocation. Unresolved/manual units are explicitly flagged.,0.0858375848633339,0.0832605408647258,0.074020185068356,0.0994581301719753,0.4448580594245463,99.84570249515411,47.71027900707518,47.72770507350639,48.49248119000002,0.4448966676745845,99.85436788350778,50.567383269305246,50.64421769320997,51.42941487500002,0.4448966676745845,99.85436788350778,40.67966057453398,40.53923864587416,41.58688953924263,0.4448966676745845,99.85436788350778,0,0,0,-7.030618432541196,-0.003422663441182
244,NEHRU VIHAR,69,MUSTAFABAD,1.0414874959831064,73213.0,5170.904427358199,70296.57128133929,0.0706282276010844,47.43576579299183,50.41456924290853,40.34367851894829,48.10419411800002,51.16366382000001,40.79402995361978,2.978803449916697,-10.07089072396024,-7.092087274043543,0.0973068467070005,0.1048380681497139,0.1012175610683281,0.1146936253844206,0.1245386630746457,0.1239661639473282,0.003910714361327602,5.63,0,0,0,7.58,0,0,73213,6021,1.0,6,1,5,0,DIRECT_PLUS_CANDIDATE_SPLITS,2011 Census PCA linked to official 2022 Delhi ward delimitation. Direct PCA units receive full-value transfer. Split PCA units with passing population-share QA receive candidate population-proportional allocation. Unresolved/manual units are explicitly flagged.,0.1012175610683281,0.0947338842161222,0.0829723578159407,0.1239661639473282,1.0400725175762102,99.86413870427118,47.43576579299183,47.38333370000002,48.10419411800002,1.0396617965863393,99.82470270609984,50.41456924290853,50.32017326407318,51.16366382000001,1.0396617965863393,99.82470270609984,40.34367851894829,40.347343541760566,40.79402995361978,1.0396617965863393,99.82470270609984,0,0,0,-7.092087274043543,0.0039107143613276
245,BRIJ PURI,69,MUSTAFABAD,0.591209744972519,63040.0,3714.244512616537,106628.82426427235,0.0589188533092724,47.15720338247067,50.13766042749007,40.50985139613552,47.71146362000002,50.98647670896041,41.46479248915889,2.9804570450193992,-9.627809031354552,-6.647351986335153,0.0968112848970827,0.1074451700686406,0.1042425472669546,0.114439332312122,0.1280612520959784,0.1294725461964783,0.007431262369871905,4.89,0,0,0,7.09,0,0,63040,4075,1.0,4,0,4,0,DIRECT_PLUS_CANDIDATE_SPLITS,2011 Census PCA linked to official 2022 Delhi ward delimitation. Direct PCA units receive full-value transfer. Split PCA units with passing population-share QA receive candidate population-proportional allocation. Unresolved/manual units are explicitly flagged.,0.1042425472669546,0.0928569659966608,0.0812687388057805,0.1294725461964783,0.5902236533741672,99.83320782400202,47.15720338247067,47.18053118000003,47.71146362000002,0.5902606955389285,99.83947331016428,50.13766042749007,49.98467810545954,50.98647670896041,0.5902606955389285,99.83947331016428,40.50985139613552,40.399039117916864,41.46479248915889,0.5902606955389285,99.83947331016428,0,0,0,-6.647351986335153,0.0074312623698719
246,SRI RAM COLONY,70,KARAWAL NAGAR,1.0756506837822848,83347.0,3972.414170146138,77485.19222516453,0.0476611536125611,47.34212410686201,50.55081292719028,40.416060060184414,48.23804015282321,51.63733358352943,41.60958908873647,3.2086888203282697,-10.134752867005863,-6.926064046677595,0.1320433221633611,0.1256410072151452,0.1285289473615407,0.1912319064121342,0.1655875927050947,0.2102306279454335,-0.0035143748018204024,6.19,0,0,0,6.44,0,0,83347,3146,1.0,2,1,1,0,DIRECT_PLUS_CANDIDATE_SPLITS,2011 Census PCA linked to official 2022 Delhi ward delimitation. Direct PCA units receive full-value transfer. Split PCA units with passing population-share QA receive candidate population-proportional allocation. Unresolved/manual units are explicitly flagged.,0.1285289473615407,0.1103530607197246,0.0889123159676359,0.2102306279454335,1.0739664059158622,99.8434177663979,47.34212410686201,47.45046789799241,48.23804015282321,1.0740136460176353,99.8478095361876,50.55081292719028,50.38992162872602,51.63733358352943,1.0740136460176353,99.8478095361876,40.416060060184414,40.32984244696821,41.60958908873647,1.0740136460176353,99.8478095361876,0,0,0,-6.926064046677595,-0.0035143748018204
247,SADATPUR,70,KARAWAL NAGAR,1.1080646461458978,53261.0,4807.219171445169,48066.69013875132,0.090257771567285,47.69735654433853,50.7025968576869,40.17769485113295,48.38939293413015,51.48239418500002,40.98341700777363,3.0052403133483665,-10.524902006553951,-7.519661693205585,0.1152534776198015,0.124133187468394,0.1267837515291499,0.1518634330992912,0.1667893281739252,0.1822081741588536,0.011530273909348396,6.42,0,0,0,7.55,0,0,60181,5739,0.8850135424801848,4,1,3,0,DIRECT_PLUS_CANDIDATE_SPLITS,2011 Census PCA linked to official 2022 Delhi ward delimitation. Direct PCA units receive full-value transfer. Split PCA units with passing population-share QA receive candidate population-proportional allocation. Unresolved/manual units are explicitly flagged.,0.1267837515291499,0.1122561016154399,0.0947010065188384,0.1822081741588536,1.106514716879211,99.86012284824017,47.69735654433853,47.67199605878073,48.38939293413015,1.106488949182369,99.85779737951124,50.7025968576869,50.703250846510585,51.48239418500002,1.106488949182369,99.85779737951124,40.17769485113295,40.42010632467347,40.98341700777363,1.106488949182369,99.85779737951124,0,0,0,-7.519661693205585,0.0115302739093483
248,KARAWAL NAGAR-WEST,70,KARAWAL NAGAR,1.5662780732748842,69926.0,7460.308974960538,44644.69061601163,0.1066886276200632,47.81064881851272,51.19039053162385,40.25344449503133,48.63685267172849,52.53118659722374,41.97144483947647,3.3797417131111303,-10.936946036592516,-7.557204323481386,0.1231404259476057,0.1265512323913476,0.1268554249934662,0.1649069858293592,0.1730762345727381,0.1807018792353872,0.0037149990458604926,6.94,0,0,0,9.1,0,0,69926,8413,1.0,2,0,2,0,DIRECT_PLUS_CANDIDATE_SPLITS,2011 Census PCA linked to official 2022 Delhi ward delimitation. Direct PCA units receive full-value transfer. Split PCA units with passing population-share QA receive candidate population-proportional allocation. Unresolved/manual units are explicitly flagged.,0.1268554249934662,0.1123564662136824,0.0947722386464924,0.1807018792353872,1.56371633371989,99.83644414113274,47.81064881851272,47.69935853142858,48.63685267172849,1.5637922463675704,99.84129083144757,51.19039053162385,51.0946711058763,52.53118659722374,1.5637922463675704,99.84129083144757,40.25344449503133,40.09395071024178,41.97144483947647,1.5637922463675704,99.84129083144757,0,0,0,-7.557204323481386,0.0037149990458604
249,SONIA VIHAR,70,KARAWAL NAGAR,3.505337640000972,65031.0,6319.211478784528,18551.993182597373,0.0971722944254974,47.79370810119918,50.06198410329037,37.91870725646885,51.09188540000003,53.213168930000016,39.96354338979281,2.2682760020911914,-12.143276846821522,-9.87500084473033,0.2335483615872114,0.2610494356196601,0.3349725213850866,0.392083059278986,0.4353306074137133,0.5959519933702058,0.1014241597978752,6.83,0,0,0,7.46,0,0,65031,6071,1.0,1,0,1,0,DIRECT_PLUS_CANDIDATE_SPLITS,2011 Census PCA linked to official 2022 Delhi ward delimitation. Direct PCA units receive full-value transfer. Split PCA units with passing population-share QA receive candidate population-proportional allocation. Unresolved/manual units are explicitly flagged.,0.3349725213850866,0.3222256440740871,0.1231605238086143,0.5959519933702058,3.500211378157312,99.85375840018489,47.79370810119918,47.53538379224729,51.09188540000003,3.500205549172555,99.85359211136036,50.06198410329037,50.152642305573735,53.213168930000016,3.500205549172555,99.85359211136036,37.91870725646885,38.27777556305866,39.96354338979281,3.500205549172555,99.85359211136036,0,0,0,-9.87500084473033,0.1014241597978752
250,SABAPUR,70,KARAWAL NAGAR,13.70199644085482,30784.0,2991.351911594515,2246.6799004714594,0.0971722944254974,45.57041232340553,48.38488581767682,37.02881233860012,50.43881867818477,54.18694535516769,39.55703399719717,2.81447349427129,-11.3560734790767,-8.541599984805408,0.2583165227413035,0.2840441975763454,0.3245284455386665,0.4512151563528157,0.5058584208657364,0.5252185677265887,0.06621192279736299,5.71,0,0,0,9.76,0,0,42819,3852,0.7189331838669748,1,0,1,0,DIRECT_PLUS_CANDIDATE_SPLITS,2011 Census PCA linked to official 2022 Delhi ward delimitation. Direct PCA units receive full-value transfer. Split PCA units with passing population-share QA receive candidate population-proportional allocation. Unresolved/manual units are explicitly flagged.,0.3245284455386665,0.3144006613588023,0.1465148351618588,0.5252185677265887,13.682134465372249,99.85504320068752,45.57041232340553,46.43548962510934,50.43881867818477,13.682112225003122,99.8548808858802,48.38488581767682,49.31157018578684,54.18694535516769,13.682112225003122,99.8548808858802,37.02881233860012,37.43740901208769,39.55703399719717,13.682112225003122,99.8548808858802,0,0,0,-8.541599984805408,0.0662119227973629
