forecast_wbgt_max_C,WBGT_Hazard_Score
17.946946390211362,0.0056258790436005
17.955183036395198,0.0056258790436005
18.19779936379125,0.0098452883263009
18.28707139470838,0.010126582278481
18.36018208342703,0.010126582278481
18.361192133725176,0.010126582278481
18.380712712749883,0.0115330520393811
18.44352563396244,0.0143459915611814
18.455539543220112,0.0171589310829817
18.53901829795725,0.0171589310829817
18.58500865270013,0.0171589310829817
18.58535458714861,0.0171589310829817
18.615122042698623,0.0199718706047819
18.6426105425731,0.0199718706047819
18.691400891242523,0.0213783403656821
18.703967069147986,0.0213783403656821
18.754113531193635,0.0241912798874824
18.770844933412853,0.0255977496483825
18.78655988956342,0.0255977496483825
18.831335491654087,0.0255977496483825
18.847846227245856,0.0255977496483825
18.8651855159583,0.0267229254571026
18.871131845795173,0.0267229254571026
18.904274537309156,0.0267229254571026
18.90500215416628,0.0267229254571026
18.976894649396865,0.0323488045007032
18.978846944979043,0.0323488045007032
18.98787257017956,0.0323488045007032
18.99738043774437,0.0323488045007032
19.0193779006734,0.0323488045007032
19.02157533777591,0.0323488045007032
19.02790588777536,0.0323488045007032
19.0397824256855,0.0323488045007032
19.048169503646218,0.0323488045007032
19.0585312126984,0.0323488045007032
19.090881648190933,0.0351617440225035
19.095480996928515,0.0351617440225035
19.10610065534451,0.0351617440225035
19.124344966175755,0.0351617440225035
19.13852973381552,0.0351617440225035
19.15907567969161,0.0351617440225035
19.16540108294385,0.0351617440225035
19.182741825154864,0.0351617440225035
19.19931209352582,0.0351617440225035
19.205333288545237,0.0365682137834036
19.21222142703241,0.0365682137834036
19.216765981737385,0.0365682137834036
19.236546239722337,0.0379746835443038
19.237255460808584,0.0379746835443038
19.242570069287734,0.0379746835443038
19.244576315553964,0.0393811533052039
19.255859908638183,0.0393811533052039
19.27126229997401,0.040787623066104
19.29101624113881,0.0436005625879043
19.293635207611885,0.0436005625879043
19.298496238559405,0.0436005625879043
19.303189929814025,0.0436005625879043
19.304469122537935,0.0436005625879043
19.3087479042698,0.0436005625879043
19.314313486007144,0.0436005625879043
19.319330780364474,0.0436005625879043
19.31976412402844,0.0436005625879043
19.323969257614536,0.0436005625879043
19.32405985475981,0.0436005625879043
19.32580256087821,0.0436005625879043
19.33585849966077,0.0464135021097046
19.33695081588835,0.0464135021097046
19.33823613218784,0.0464135021097046
19.34759884711665,0.0478199718706047
19.35065417255984,0.0478199718706047
19.353022616275062,0.0478199718706047
19.35361495934496,0.0478199718706047
19.35478325638857,0.0478199718706047
19.362912790533223,0.0478199718706047
19.368072344966546,0.0478199718706047
19.370609781183877,0.0478199718706047
19.385985914232112,0.0478199718706047
19.40269715840099,0.0478199718706047
19.408724741495543,0.0478199718706047
19.411271428250856,0.0478199718706047
19.42160959844109,0.0492264416315049
19.42186517304473,0.0492264416315049
19.424631880912514,0.0492264416315049
19.43397347406307,0.0492264416315049
19.442841216474086,0.0492264416315049
19.44555049238701,0.0492264416315049
19.45085627835197,0.050632911392405
19.451251595635675,0.050632911392405
19.451557841889976,0.050632911392405
19.454519337572226,0.050632911392405
19.46503230916839,0.050632911392405
19.466173814524492,0.050632911392405
19.467174170033832,0.050632911392405
19.46847023532023,0.050632911392405
19.474182763245445,0.050632911392405
19.48674122751473,0.050632911392405
19.48675021553945,0.050632911392405
19.49243447713644,0.050632911392405
19.493694603809644,0.050632911392405
19.493706777866908,0.050632911392405
19.500109114383505,0.050632911392405
19.500381197922906,0.050632911392405
19.50447619295592,0.0520393811533052
19.50657672676971,0.0520393811533052
19.512640908762634,0.0520393811533052
19.51333370051726,0.0520393811533052
19.520680921505026,0.0520393811533052
19.52414602903976,0.0520393811533052
19.530117902307992,0.0520393811533052
19.53243859123604,0.0520393811533052
19.53509756449185,0.0520393811533052
19.53596278280424,0.0520393811533052
19.541415286339525,0.0534458509142053
19.541915628857847,0.0534458509142053
19.545754170947145,0.0534458509142053
19.547909754467824,0.0534458509142053
19.550178472192915,0.0548523206751054
19.550437273099657,0.0548523206751054
19.556500280886358,0.0590717299578059
19.560979964416795,0.0590717299578059
19.56704414787509,0.0590717299578059
19.570183711519583,0.0590717299578059
19.58075704711869,0.0590717299578059
19.586365233984967,0.0618846694796061
19.58831885328425,0.0618846694796061
19.588504678500403,0.0618846694796061
19.609281995296836,0.0632911392405063
19.612867533094917,0.0646976090014064
19.619588642003443,0.0646976090014064
19.62967413707994,0.0675105485232067
19.63361582923821,0.070323488045007
19.635627034148143,0.070323488045007
19.6370769882164,0.070323488045007
19.649107556088,0.070323488045007
19.653062499263623,0.0717299578059071
19.653138705519737,0.0717299578059071
19.660988820437534,0.0717299578059071
19.66901383979648,0.0717299578059071
19.671654338289727,0.0717299578059071
19.686397582403156,0.0717299578059071
19.692513561560613,0.0717299578059071
19.70302075319446,0.0717299578059071
19.70802183838144,0.0717299578059071
19.71555602014502,0.0717299578059071
19.725697344491884,0.0717299578059071
19.737531612864625,0.0717299578059071
19.73982136108963,0.0717299578059071
19.74854183504811,0.0731364275668073
19.762063569266054,0.0745428973277074
19.76573266190273,0.0745428973277074
19.771562994836685,0.0759493670886076
19.772712025142976,0.0759493670886076
19.78588512776802,0.0759493670886076
19.79946181327083,0.0773558368495077
19.799631561796232,0.0773558368495077
19.81764134653849,0.080168776371308
19.8197385333446,0.080168776371308
19.828582065741283,0.0815752461322081
19.83540091338373,0.0829817158931083
19.85003101802782,0.0857946554149085
19.855199009135585,0.0857946554149085
19.86085113474567,0.0857946554149085
19.863820526600247,0.0857946554149085
19.880708077842204,0.0872011251758087
19.881659533021217,0.0872011251758087
19.891265680346372,0.0872011251758087
19.894858375438773,0.0872011251758087
19.906008166557044,0.0886075949367088
19.908474167673408,0.0886075949367088
19.913375362685446,0.0914205344585091
19.91874470348454,0.0914205344585091
19.920179587312266,0.0914205344585091
19.93396142072999,0.0914205344585091
19.934949490287472,0.0914205344585091
19.94103395295352,0.0914205344585091
19.946167801796435,0.0914205344585091
19.95262153510221,0.0914205344585091
19.95326510801912,0.0914205344585091
19.953926925349855,0.0914205344585091
19.95547643669274,0.0914205344585091
19.96452004789344,0.0914205344585091
19.96659307866181,0.0914205344585091
19.970375999418646,0.0914205344585091
19.979590528358365,0.0914205344585091
19.979666852384792,0.0914205344585091
19.98738835815868,0.0928270042194092
19.994606234806653,0.0928270042194092
19.99620274526038,0.0942334739803094
19.998836209264883,0.0942334739803094
20.006416570396308,0.0942334739803094
20.00768863940064,0.0942334739803094
20.021226847059022,0.0942334739803094
20.037092497379,0.0942334739803094
20.0384835569608,0.0942334739803094
20.039887097835813,0.0942334739803094
20.049254571431828,0.0942334739803094
20.053113478675552,0.0942334739803094
20.061236572090746,0.0956399437412095
20.065371856537432,0.0956399437412095
20.0674846395353,0.0956399437412095
20.067595160108176,0.0956399437412095
20.07283600839545,0.0956399437412095
20.078239751142863,0.0956399437412095
20.080103101427035,0.0956399437412095
20.080978009412576,0.0956399437412095
20.081039853876444,0.0956399437412095
20.081047131640062,0.0956399437412095
20.081315397061964,0.0956399437412095
20.107929008588627,0.0970464135021097
20.121523121288845,0.0970464135021097
20.12278698015516,0.0970464135021097
20.123461084239132,0.0970464135021097
20.1265680829686,0.0970464135021097
20.12821616109809,0.0970464135021097
20.12915493669429,0.0970464135021097
20.133019465283525,0.0970464135021097
20.148125731628188,0.0970464135021097
20.15813414933544,0.0970464135021097
20.160591172061515,0.0970464135021097
20.1632982195356,0.0970464135021097
20.163329788883143,0.0970464135021097
20.167212074908036,0.0970464135021097
20.17078386324805,0.0970464135021097
20.18036084143781,0.0984528832630098
20.180364646476043,0.0984528832630098
20.181375507214725,0.0984528832630098
20.18638950808332,0.0984528832630098
20.187115219218764,0.0984528832630098
20.187151642188653,0.0984528832630098
20.19632999220857,0.0984528832630098
20.1976376758718,0.0984528832630098
20.197950500728595,0.0984528832630098
20.199323869672035,0.0984528832630098
20.20121039465046,0.0984528832630098
20.20287200514635,0.0984528832630098
20.225482979235547,0.0998593530239099
20.22893687346674,0.0998593530239099
20.231540095532715,0.0998593530239099
20.241009470550164,0.0998593530239099
20.25148481180196,0.0998593530239099
20.25960983066249,0.0998593530239099
20.262520254027358,0.0998593530239099
20.263167497627208,0.0998593530239099
20.264186514462654,0.0998593530239099
20.268746008657743,0.0998593530239099
20.277326776812007,0.0998593530239099
20.28079068879963,0.1012658227848101
20.280819519712654,0.1012658227848101
20.28517913994393,0.1012658227848101
20.286791350233145,0.1012658227848101
20.290735877667508,0.1026722925457102
20.294010385771102,0.1026722925457102
20.296278955013367,0.1026722925457102
20.296980233334946,0.1026722925457102
20.298132987644223,0.1026722925457102
20.29994456110151,0.1026722925457102
20.30062103652147,0.1026722925457102
20.302256137748262,0.1026722925457102
20.30635268791642,0.1026722925457102
20.31216771134501,0.1026722925457102
20.317550649792388,0.1040787623066104
20.3207628604556,0.1040787623066104
20.32141395751472,0.1040787623066104
20.321711635269743,0.1040787623066104
20.322572249059824,0.1040787623066104
20.325783979310387,0.1040787623066104
20.32679958036633,0.1054852320675105
20.33629982699628,0.1082981715893108
20.338969207662423,0.1082981715893108
20.346052706623503,0.1082981715893108
20.35203387676508,0.1097046413502109
20.35414222067885,0.1097046413502109
20.356663060667096,0.1097046413502109
20.35774649169131,0.1097046413502109
20.35911063288933,0.1097046413502109
20.35969864249583,0.1097046413502109
20.36259061600438,0.1097046413502109
20.36574438755603,0.1097046413502109
20.367192156108125,0.1097046413502109
20.36780417291216,0.1097046413502109
20.371314036441166,0.1097046413502109
20.371459933334634,0.1097046413502109
20.371630262326637,0.1097046413502109
20.38673120467806,0.1125175808720112
20.387235387419764,0.1125175808720112
20.387834079530183,0.1125175808720112
20.390339292328957,0.1125175808720112
20.39311228377697,0.1125175808720112
20.403927095749573,0.1125175808720112
20.40853876738622,0.1125175808720112
20.41684256634197,0.1125175808720112
20.419768467796803,0.1139240506329113
20.42029835261227,0.1139240506329113
20.4222170153254,0.1139240506329113
20.42856257426194,0.1139240506329113
20.42934166626364,0.1139240506329113
20.440853197849798,0.1139240506329113
20.4432639177218,0.1139240506329113
20.45302148677206,0.1139240506329113
20.45652632945718,0.1139240506329113
20.456846681581915,0.1139240506329113
20.46235507383539,0.1139240506329113
20.46610285326898,0.1139240506329113
20.471179734346386,0.1139240506329113
20.476312286354748,0.1153305203938115
20.479104048782546,0.1153305203938115
20.47948910245193,0.1153305203938115
20.49275646283176,0.1153305203938115
20.493764163308107,0.1153305203938115
20.499257932414768,0.1153305203938115
20.50249073643901,0.1153305203938115
20.51074880427463,0.1153305203938115
20.52217495638093,0.1153305203938115
20.5325246618556,0.1153305203938115
20.532666139998163,0.1153305203938115
20.53429788501917,0.1153305203938115
20.543454048707037,0.1153305203938115
20.54378491478347,0.1153305203938115
20.547243577287457,0.1153305203938115
20.55140978765749,0.1167369901547116
20.552562900735097,0.1167369901547116
20.556051390952444,0.1167369901547116
20.55623581946893,0.1167369901547116
20.55713899783191,0.1167369901547116
20.564085377335143,0.1167369901547116
20.570523251116903,0.1167369901547116
20.577251233277384,0.1167369901547116
20.57729562963774,0.1167369901547116
20.577429871772797,0.1167369901547116
20.57931445653749,0.1167369901547116
20.59183196014337,0.1167369901547116
20.59558403616995,0.1167369901547116
20.595597101552585,0.1167369901547116
20.6007980328268,0.1181434599156118
20.604188384729348,0.1181434599156118
20.614581699829003,0.1181434599156118
20.6167901303147,0.1181434599156118
20.61997385287456,0.1181434599156118
20.62293888373788,0.1181434599156118
20.623773312475368,0.1181434599156118
20.630730654095693,0.1181434599156118
20.63586880271426,0.1181434599156118
20.637413237226763,0.1181434599156118
20.64710041238423,0.1181434599156118
20.66575825903582,0.1195499296765119
20.66628218004492,0.1195499296765119
20.67308374141859,0.1195499296765119
20.68943320828617,0.1209563994374121
20.69808931018551,0.1209563994374121
20.711926119424504,0.1209563994374121
20.71427336989972,0.1209563994374121
20.71820419432556,0.1209563994374121
20.721576956308372,0.1223628691983122
20.73027385308535,0.1223628691983122
20.741787181185337,0.1223628691983122
20.748650615394716,0.1237693389592123
20.751207886828823,0.1237693389592123
20.75174374582183,0.1237693389592123
20.77472179136358,0.1265822784810126
20.77553485325731,0.1265822784810126
20.791868845325855,0.1265822784810126
20.79401764096136,0.1265822784810126
20.806997938384534,0.1265822784810126
20.80979650175703,0.1265822784810126
20.8231779542186,0.1279887482419128
20.825555332576126,0.1279887482419128
20.829843536487104,0.1279887482419128
20.837060710874532,0.1279887482419128
20.846933227057228,0.1279887482419128
20.85730941143981,0.1279887482419128
20.860584893750666,0.1293952180028129
20.864596297426843,0.1293952180028129
20.87928829582549,0.1308016877637131
20.886045698308088,0.1308016877637131
20.890049004860423,0.1322081575246132
20.895449491303918,0.1322081575246132
20.902639896803045,0.1322081575246132
20.902876374929367,0.1322081575246132
20.90727787270335,0.1322081575246132
20.9104983039493,0.1322081575246132
20.916685624944584,0.1322081575246132
20.91686611599872,0.1322081575246132
20.91706296636769,0.1322081575246132
20.92514601682845,0.1336146272855133
20.93401157381009,0.1336146272855133
20.93617354703979,0.1336146272855133
20.941802537507638,0.1336146272855133
20.943234806873832,0.1336146272855133
20.947428270813205,0.1336146272855133
20.94912004314844,0.1336146272855133
20.955378210660037,0.1336146272855133
20.976072787430205,0.1364275668073136
20.97640953009013,0.1364275668073136
20.98037000857467,0.1364275668073136
20.98773541751646,0.1364275668073136
20.98798653395617,0.1364275668073136
20.989280068124536,0.1364275668073136
20.99132422325987,0.1364275668073136
20.992220138159063,0.1364275668073136
20.996459373761283,0.1364275668073136
20.999682593323797,0.1364275668073136
21.000419511655256,0.1364275668073136
21.00146734887892,0.1364275668073136
21.00190223402777,0.1364275668073136
21.00673830149132,0.1364275668073136
21.01478676647413,0.1364275668073136
21.015542293634123,0.1364275668073136
21.016047603300343,0.1364275668073136
21.01816638081946,0.1364275668073136
21.02104872738994,0.1364275668073136
21.036010664006817,0.1378340365682137
21.042161177567312,0.1378340365682137
21.04235043036309,0.1378340365682137
21.046462056469142,0.1378340365682137
21.063687816009395,0.1378340365682137
21.067211159855137,0.1378340365682137
21.0715339896724,0.1378340365682137
21.07459503281447,0.1378340365682137
21.078716550960262,0.1378340365682137
21.079169626761324,0.1378340365682137
21.095400221534675,0.140646976090014
21.10852076631423,0.140646976090014
21.13122482416745,0.1420534458509142
21.134113446175046,0.1434599156118143
21.13457604059429,0.1434599156118143
21.141572971408408,0.1434599156118143
21.14174943974547,0.1434599156118143
21.14446487319971,0.1434599156118143
21.14476012626281,0.1434599156118143
21.146610257739443,0.1434599156118143
21.161788989874143,0.1434599156118143
21.169021878664392,0.1434599156118143
21.20749342497109,0.1448663853727144
21.209346101566684,0.1448663853727144
21.22431239615827,0.1462728551336146
21.22847576027583,0.1462728551336146
21.24912875607529,0.1490857946554149
21.253414291058867,0.1490857946554149
21.256407874972588,0.1490857946554149
21.258146696367596,0.1490857946554149
21.27597839869177,0.1490857946554149
21.280579324154413,0.1490857946554149
21.282220227741224,0.1490857946554149
21.309249557765035,0.1490857946554149
21.30969266821848,0.1490857946554149
21.312118379417885,0.1490857946554149
21.32148117451062,0.1490857946554149
21.325719037048163,0.1490857946554149
21.334273885829177,0.150492264416315
21.347289049280537,0.150492264416315
21.35047435389042,0.150492264416315
21.36876052410672,0.150492264416315
21.370929394558587,0.150492264416315
21.37251513869028,0.150492264416315
21.37942383106361,0.150492264416315
21.396762002331613,0.150492264416315
21.39754050144559,0.150492264416315
21.40177870319948,0.150492264416315
21.40669727178457,0.1518987341772152
21.41011675496322,0.1518987341772152
21.412987418448434,0.1518987341772152
21.425498615574565,0.1518987341772152
21.43106644619781,0.1518987341772152
21.439734922339127,0.1518987341772152
21.44134529723592,0.1518987341772152
21.4647397145059,0.1575246132208157
21.465245661604712,0.1575246132208157
21.471517722578263,0.1575246132208157
21.47238282331284,0.1575246132208157
21.47761656911635,0.1575246132208157
21.47784691664384,0.1575246132208157
21.48587351807789,0.1575246132208157
21.487016368886557,0.1575246132208157
21.50434480114052,0.1575246132208157
21.508515573623043,0.1575246132208157
21.5104969514752,0.1575246132208157
21.51610532808878,0.160337552742616
21.524854663397612,0.1631504922644163
21.53212973820111,0.1631504922644163
21.53323571650042,0.1631504922644163
21.53493285015277,0.1631504922644163
21.537262282501192,0.1631504922644163
21.542659323100583,0.1631504922644163
21.557886829255068,0.1631504922644163
21.56942221211888,0.1631504922644163
21.575201422551228,0.1631504922644163
21.576990321489543,0.1631504922644163
21.57866477055173,0.1631504922644163
21.59295960533697,0.1631504922644163
21.597215775349994,0.1631504922644163
21.60452590852512,0.1645569620253164
21.606109754901308,0.1645569620253164
21.60893469468377,0.1659634317862166
21.610937914332105,0.1659634317862166
21.6129539590877,0.1659634317862166
21.613940883154,0.1659634317862166
21.61590240903896,0.1659634317862166
21.617330246004908,0.1659634317862166
21.61767324161011,0.1659634317862166
21.61795671441524,0.1659634317862166
21.62089168369343,0.1659634317862166
21.62121567568303,0.1659634317862166
21.63130202836768,0.1659634317862166
21.63647402341871,0.1659634317862166
21.639254136671717,0.1659634317862166
21.644077671788494,0.1659634317862166
21.65252212706569,0.1659634317862166
21.657629882155963,0.1659634317862166
21.66653712333822,0.1659634317862166
21.67005036049394,0.1659634317862166
21.676937758616816,0.1659634317862166
21.685833615039957,0.1659634317862166
21.688363101597385,0.1659634317862166
21.689062203831117,0.1659634317862166
21.69191197217419,0.1659634317862166
21.6982395666039,0.1659634317862166
21.703325531332094,0.1659634317862166
21.707807104933394,0.1659634317862166
21.714667735612394,0.1659634317862166
21.73103500966433,0.1673699015471167
21.732755587482863,0.1673699015471167
21.7334009471815,0.1673699015471167
21.745473080884157,0.170182841068917
21.74980168775484,0.170182841068917
21.75723391968212,0.170182841068917
21.76016894756525,0.170182841068917
21.76729130434898,0.170182841068917
21.76911454203637,0.170182841068917
21.76985465895446,0.170182841068917
21.776336899246324,0.170182841068917
21.79974835075333,0.1715893108298171
21.801695117653008,0.1715893108298171
21.80774588652174,0.1729957805907173
21.808640699359103,0.1729957805907173
21.81027276920936,0.1729957805907173
21.815075391408385,0.1729957805907173
21.82106834313164,0.1729957805907173
21.822736836521887,0.1729957805907173
21.82383441257472,0.1729957805907173
21.82593477946765,0.1729957805907173
21.832849673420814,0.1729957805907173
21.83594455648371,0.1729957805907173
21.838560693517955,0.1729957805907173
21.83890143803766,0.1729957805907173
21.842500474093008,0.1729957805907173
21.844542292922668,0.1744022503516174
21.846326503130047,0.1744022503516174
21.853246188723144,0.1744022503516174
21.85353158431176,0.1744022503516174
21.86542364837337,0.1744022503516174
21.86631319175952,0.1744022503516174
21.87269621740125,0.1744022503516174
21.87339550041349,0.1744022503516174
21.87512705171761,0.1744022503516174
21.876722668810185,0.1744022503516174
21.87832728842554,0.1744022503516174
21.87869067991983,0.1744022503516174
21.87895936594418,0.1744022503516174
21.88637222985466,0.1758087201125175
21.892743968712992,0.1772151898734177
21.897086512744963,0.1772151898734177
21.900466758670632,0.1772151898734177
21.90084729388101,0.1772151898734177
21.900885020727305,0.1772151898734177
21.90469354573509,0.1772151898734177
21.90745902608605,0.1786216596343178
21.916410396800902,0.1786216596343178
21.91810715125069,0.1786216596343178
21.92863868809517,0.1828410689170183
21.930335401387484,0.1828410689170183
21.931820773507077,0.1828410689170183
21.93317297410343,0.1828410689170183
21.93426236021763,0.1828410689170183
21.93831791335591,0.1828410689170183
21.94737732184515,0.1828410689170183
21.947776875713423,0.1828410689170183
21.95431218779225,0.1828410689170183
21.9568109559754,0.1828410689170183
21.96021779478725,0.1828410689170183
21.9618881080602,0.1828410689170183
21.96430682376371,0.1828410689170183
21.96604451014621,0.1828410689170183
21.96720443122139,0.1828410689170183
21.96751112311836,0.1828410689170183
21.969317281767083,0.1842475386779184
21.97290342176324,0.1842475386779184
21.973883425173653,0.1842475386779184
21.973951453467567,0.1842475386779184
21.975579957934716,0.1842475386779184
21.97897271744706,0.1842475386779184
21.98092981812448,0.1842475386779184
21.98203542178908,0.1842475386779184
21.983041829714445,0.1842475386779184
21.983588006219293,0.1842475386779184
21.98442650755237,0.1842475386779184
21.98555348408044,0.1842475386779184
21.991267920861777,0.1842475386779184
21.99300646665838,0.1842475386779184
21.9979963401958,0.1856540084388185
22.00312789798519,0.1870604781997187
22.00458110086573,0.1870604781997187
22.005825201272792,0.1870604781997187
22.006984245493467,0.1870604781997187
22.01106307733957,0.1870604781997187
22.01357658814408,0.1870604781997187
22.01521300690811,0.1870604781997187
22.02423534251414,0.1884669479606188
22.024477553651263,0.1884669479606188
22.029459640978647,0.1884669479606188
22.03277087138658,0.1884669479606188
22.03829949346704,0.189873417721519
22.046815900919043,0.189873417721519
22.048680391099825,0.189873417721519
22.04979094413137,0.189873417721519
22.051179364108663,0.189873417721519
22.05583151493392,0.189873417721519
22.05739860267472,0.189873417721519
22.061301232129285,0.189873417721519
22.06156207140498,0.189873417721519
22.06691068613984,0.189873417721519
22.06805958719228,0.189873417721519
22.071218299209644,0.189873417721519
22.075077490848702,0.1912798874824191
22.082134836757287,0.1912798874824191
22.09201098854886,0.1912798874824191
22.095674139470013,0.1912798874824191
22.096172765537343,0.1912798874824191
22.10630593828399,0.1912798874824191
22.11065477986384,0.1912798874824191
22.115203491168195,0.1912798874824191
22.11931508038109,0.1912798874824191
22.121748385109523,0.1912798874824191
22.13066633298713,0.1940928270042194
22.1346683315084,0.1954992967651195
22.139900266453186,0.1954992967651195
22.16298387150197,0.1997187060478199
22.16323049358083,0.1997187060478199
22.16446454270688,0.1997187060478199
22.175734154385225,0.2011251758087201
22.17776925064097,0.2011251758087201
22.18567814553176,0.2025316455696202
22.193889324445426,0.2025316455696202
22.194251750130995,0.2025316455696202
22.194395371767072,0.2025316455696202
22.195372778459365,0.2025316455696202
22.19638475241908,0.2025316455696202
22.19643967157589,0.2025316455696202
22.21641366866549,0.2039381153305204
22.21783911885058,0.2039381153305204
22.22082164073017,0.2039381153305204
22.225394920483424,0.2039381153305204
22.228271173430368,0.2039381153305204
22.23408865510793,0.2039381153305204
22.24072684951613,0.2039381153305204
22.24201994473232,0.2039381153305204
22.24983116927651,0.2039381153305204
22.253581056546004,0.2039381153305204
22.254432227458,0.2039381153305204
22.25989583833224,0.2039381153305204
22.26274300503221,0.2039381153305204
22.27018919411706,0.2039381153305204
22.271994584476555,0.2039381153305204
22.27294229493536,0.2053445850914205
22.275905771422355,0.2053445850914205
22.279260355622377,0.2053445850914205
22.284117053204152,0.2053445850914205
22.29343466887924,0.2067510548523206
22.29479800450164,0.2067510548523206
22.29775209692321,0.2067510548523206
22.298028014562803,0.2067510548523206
22.30081518257887,0.2067510548523206
22.302530066438337,0.2067510548523206
22.303966702157847,0.2067510548523206
22.305885807047385,0.2067510548523206
22.31134993697613,0.2067510548523206
22.315546242477733,0.2067510548523206
22.32262588454165,0.2067510548523206
22.326265410195248,0.2067510548523206
22.329955118799077,0.2067510548523206
22.330797127123653,0.2067510548523206
22.338299363008115,0.2067510548523206
22.350313458913902,0.2095639943741209
22.35165560816129,0.2095639943741209
22.354944779338226,0.2109704641350211
22.36109077184669,0.2109704641350211
22.36182481271122,0.2109704641350211
22.3675337803019,0.2123769338959212
22.369506673391086,0.2123769338959212
22.372269205813414,0.2137834036568213
22.374409251134,0.2151898734177215
22.37906201015654,0.2165963431786216
22.38568705722228,0.2165963431786216
22.391732018936658,0.2165963431786216
22.39358918725778,0.2165963431786216
22.3941906950624,0.2165963431786216
22.39661609618001,0.2165963431786216
22.397875201732663,0.2165963431786216
22.404005757214563,0.2165963431786216
22.42102623920696,0.2180028129395218
22.425359339367777,0.2194092827004219
22.425425772785804,0.2194092827004219
22.42661363212544,0.2194092827004219
22.428117390112263,0.2194092827004219
22.435599383584734,0.2194092827004219
22.44523295888789,0.220815752461322
22.450956274725318,0.2222222222222222
22.453653829118924,0.2222222222222222
22.45399273827389,0.2222222222222222
22.46656264138864,0.2222222222222222
22.46923754447505,0.2222222222222222
22.470496472988277,0.2222222222222222
22.47388847705169,0.2250351617440225
22.475606350251105,0.2250351617440225
22.477191255551308,0.2250351617440225
22.47773057122898,0.2250351617440225
22.477740933199392,0.2250351617440225
22.4795840105268,0.2250351617440225
22.49455688158889,0.2264416315049226
22.494787936156012,0.2264416315049226
22.49521554822901,0.2264416315049226
22.496007255531307,0.2264416315049226
22.51083560541449,0.2264416315049226
22.515872355531705,0.2264416315049226
22.521856168419493,0.2264416315049226
22.523340834133982,0.2264416315049226
22.52501245308467,0.2264416315049226
22.53088906987641,0.2264416315049226
22.53289727228495,0.2264416315049226
22.534731128598704,0.2264416315049226
22.53753499690989,0.2264416315049226
22.54034541412505,0.2264416315049226
22.547649391330765,0.2264416315049226
22.550901969239675,0.2264416315049226
22.55739504270592,0.2264416315049226
22.56026767976421,0.2264416315049226
22.56406630081342,0.2264416315049226
22.56972759554399,0.2264416315049226
22.57442938273112,0.2264416315049226
22.57444705542409,0.2264416315049226
22.5755111453576,0.2264416315049226
22.588241661512377,0.2292545710267229
22.59512169893573,0.2292545710267229
22.59945466185974,0.2292545710267229
22.610221668651917,0.230661040787623
22.62081895990222,0.2334739803094233
22.622350274476755,0.2334739803094233
22.629242263199107,0.2348804500703235
22.62977726880632,0.2348804500703235
22.630706951729252,0.2348804500703235
22.631933458178683,0.2348804500703235
22.634650460778182,0.2348804500703235
22.644137783196804,0.2348804500703235
22.651312674072624,0.2362869198312236
22.65358939582368,0.2362869198312236
22.65648759096435,0.2362869198312236
22.66026473639793,0.2376933895921237
22.66068449938107,0.2390998593530239
22.680435856419248,0.2419127988748242
22.69446631148139,0.2419127988748242
22.695429771570875,0.2419127988748242
22.70065410777777,0.2419127988748242
22.70884621821058,0.2419127988748242
22.71007957732086,0.2419127988748242
22.711926599214788,0.2419127988748242
22.7127429953307,0.2419127988748242
22.717436054730516,0.2433192686357243
22.733272397962832,0.2447257383966244
22.746811288632625,0.2475386779184247
22.75226721458138,0.2475386779184247
22.765568496636693,0.2475386779184247
22.77571634013784,0.2475386779184247
22.777390515154888,0.2475386779184247
22.790204237415608,0.2475386779184247
22.79230202970649,0.2489451476793249
22.800176815750888,0.2489451476793249
22.801250465997317,0.2489451476793249
22.808350032766956,0.2489451476793249
22.83650526327544,0.2517580872011252
22.83703017065933,0.2517580872011252
22.841448118232123,0.2517580872011252
22.84377974441142,0.2531645569620253
22.846725753544387,0.2531645569620253
22.85504959973088,0.2531645569620253
22.85705847663158,0.2531645569620253
22.86563121036415,0.2545710267229255
22.867567127963248,0.2545710267229255
22.87141939566037,0.2545710267229255
22.87530937754472,0.2559774964838256
22.87717081175243,0.2559774964838256
22.89144657467505,0.2573839662447257
22.89575683584734,0.2573839662447257
22.895935218717984,0.2573839662447257
22.896060759040907,0.2573839662447257
22.909008400401493,0.2587904360056259
22.90979313861061,0.2587904360056259
22.91370086417009,0.2587904360056259
22.918679041569444,0.2587904360056259
22.92479856945443,0.260196905766526
22.943788283733124,0.260196905766526
22.945627179032087,0.260196905766526
22.946397386659715,0.260196905766526
22.96966354937456,0.2616033755274262
22.977146780654483,0.2616033755274262
22.977600378827702,0.2616033755274262
22.987095972613822,0.2616033755274262
22.987424968808185,0.2616033755274262
23.010056725229934,0.2616033755274262
23.01816086955489,0.2616033755274262
23.02760877137005,0.2630098452883263
23.02761232279552,0.2630098452883263
23.04312414412485,0.2644163150492264
23.052477228105225,0.2658227848101265
23.062278371765995,0.2658227848101265
23.06357483850341,0.2658227848101265
23.06740148199431,0.2658227848101265
23.07249869216843,0.2658227848101265
23.07400928575153,0.2658227848101265
23.07473213516464,0.2658227848101265
23.089005138507765,0.2658227848101265
23.095458575628715,0.2658227848101265
23.09579634988202,0.2658227848101265
23.0985435391422,0.2658227848101265
23.09874753688245,0.2658227848101265
23.102067935894578,0.2658227848101265
23.106767321375116,0.2658227848101265
23.11663323010516,0.2686357243319268
23.126637086619965,0.2686357243319268
23.127346466628254,0.2686357243319268
23.134583898323367,0.2686357243319268
23.14203206095204,0.2686357243319268
23.150515728697147,0.2686357243319268
23.15709986927268,0.270042194092827
23.160047012741675,0.270042194092827
23.172342081089354,0.2714486638537271
23.173585561284725,0.2714486638537271
23.188949412072024,0.2714486638537271
23.201408807090196,0.2714486638537271
23.204431461381343,0.2714486638537271
23.20927862274413,0.2728551336146272
23.211006565918805,0.2728551336146272
23.212673287808403,0.2728551336146272
23.21840637445196,0.2728551336146272
23.219135289002264,0.2728551336146272
23.23625012837453,0.2742616033755274
23.236517821049315,0.2742616033755274
23.2431419062072,0.2756680731364275
23.246982496577004,0.2756680731364275
23.24711138398672,0.2756680731364275
23.248701480672054,0.2756680731364275
23.24906321972383,0.2756680731364275
23.26112912617663,0.2756680731364275
23.27189569462985,0.2770745428973277
23.276607620845827,0.2770745428973277
23.27677107510213,0.2770745428973277
23.277718177885177,0.2770745428973277
23.288772626784283,0.2770745428973277
23.30077202586813,0.2784810126582278
23.30118455517555,0.279887482419128
23.30455391544881,0.279887482419128
23.31136763336222,0.279887482419128
23.31163757564788,0.279887482419128
23.3126413598958,0.279887482419128
23.314530800853024,0.279887482419128
23.318986638908093,0.279887482419128
23.32169430212544,0.279887482419128
23.32455907053273,0.279887482419128
23.324870612997398,0.279887482419128
23.332617082539404,0.279887482419128
23.334051938474836,0.279887482419128
23.336670078167995,0.279887482419128
23.355010335889336,0.279887482419128
23.366546054722697,0.279887482419128
23.37415412130622,0.279887482419128
23.388636225187785,0.279887482419128
23.39003903003176,0.279887482419128
23.392122528699915,0.279887482419128
23.3955017974624,0.279887482419128
23.39551125258837,0.279887482419128
23.41530265773272,0.279887482419128
23.42704177232703,0.279887482419128
23.43025953879848,0.279887482419128
23.447904494727776,0.279887482419128
23.44801222938865,0.279887482419128
23.45726952443248,0.279887482419128
23.46648475055113,0.279887482419128
23.469351379955828,0.279887482419128
23.473811848694176,0.279887482419128
23.477048540014597,0.279887482419128
23.478138758464,0.279887482419128
23.484030092725423,0.279887482419128
23.49972356234856,0.279887482419128
23.50792168515965,0.279887482419128
23.516241669249315,0.279887482419128
23.5213595277841,0.2812939521800281
23.522439437368,0.2812939521800281
23.523180372303983,0.2812939521800281
23.52636704770993,0.2812939521800281
23.52731146367624,0.2812939521800281
23.532647910792303,0.2812939521800281
23.536136280404364,0.2812939521800281
23.53809735632471,0.2812939521800281
23.53823940533488,0.2812939521800281
23.54621611367551,0.2812939521800281
23.55338153269481,0.2812939521800281
23.554158595372797,0.2812939521800281
23.554959323843807,0.2812939521800281
23.556463132217814,0.2812939521800281
23.56540741554478,0.2812939521800281
23.570302186044948,0.2812939521800281
23.57291380383156,0.2812939521800281
23.58053606376913,0.2812939521800281
23.581448709637616,0.2812939521800281
23.587106078335207,0.2812939521800281
23.593429436111247,0.2812939521800281
23.59504897412899,0.2812939521800281
23.6064272236184,0.2855133614627285
23.615352755710752,0.2869198312236287
23.6155449261356,0.2869198312236287
23.62483258068492,0.2869198312236287
23.636244146638923,0.2869198312236287
23.63837580970952,0.2869198312236287
23.641690506503185,0.2883263009845288
23.641937999181987,0.2883263009845288
23.64202951033088,0.2883263009845288
23.64853412649021,0.2883263009845288
23.653828408961235,0.2883263009845288
23.65717790276561,0.2883263009845288
23.66677679195941,0.2897327707454289
23.67272693294009,0.2897327707454289
23.67492086751549,0.2897327707454289
23.675356870542664,0.2897327707454289
23.68207424364061,0.2897327707454289
23.689739310713705,0.2897327707454289
23.689986648231397,0.2897327707454289
23.69414941913884,0.2897327707454289
23.696343878394035,0.2897327707454289
23.70360733165498,0.2897327707454289
23.715369800519834,0.2897327707454289
23.717867845269573,0.2897327707454289
23.728274575200228,0.2911392405063291
23.72877389267305,0.2911392405063291
23.73113183102833,0.2911392405063291
23.73353572841127,0.2911392405063291
23.739373064953465,0.2911392405063291
23.742107250663945,0.2911392405063291
23.747698133866205,0.2911392405063291
23.75308217432058,0.2911392405063291
23.76810437996229,0.2911392405063291
23.7777777983725,0.2911392405063291
23.80127055567217,0.2911392405063291
23.807716766117487,0.2911392405063291
23.809780130428152,0.2911392405063291
23.83714007901862,0.2911392405063291
23.84357108278789,0.2911392405063291
23.851009348201544,0.2911392405063291
23.86305656502816,0.2925457102672292
23.87379869038264,0.2925457102672292
23.886176261583262,0.2939521800281294
23.8869560423806,0.2939521800281294
23.891164993092094,0.2939521800281294
23.89291989361237,0.2939521800281294
23.903171725630305,0.2939521800281294
23.921289883779323,0.2953586497890295
23.938724656251196,0.2953586497890295
23.944941321483444,0.2953586497890295
23.956962092088133,0.2953586497890295
23.95851474626393,0.2953586497890295
23.966128710486384,0.2953586497890295
23.97114823456972,0.2967651195499297
23.97263692073818,0.2967651195499297
23.97621433173314,0.2967651195499297
23.978763591321307,0.2967651195499297
23.98571484198551,0.2967651195499297
23.98616644842341,0.2967651195499297
23.992506219522763,0.2981715893108298
23.99324607863036,0.2981715893108298
23.999592716733428,0.2981715893108298
24.004557812895467,0.2981715893108298
24.00489282474836,0.2981715893108298
24.005066309288654,0.2981715893108298
24.0055771026363,0.2981715893108298
24.011951765010597,0.2981715893108298
24.012202546100912,0.2981715893108298
24.01648344474605,0.2981715893108298
24.02330389576047,0.2981715893108298
24.02527191060436,0.2981715893108298
24.026919683972437,0.2981715893108298
24.02923941352539,0.2981715893108298
24.031937010344087,0.2981715893108298
24.033994247874,0.2981715893108298
24.0473345287636,0.2981715893108298
24.049080443845483,0.2981715893108298
24.051281392478067,0.2981715893108298
24.05967340060924,0.2981715893108298
24.06012338716996,0.2981715893108298
24.060247154610337,0.2981715893108298
24.06158795328684,0.2981715893108298
24.06306208310571,0.2981715893108298
24.06576632635468,0.2981715893108298
24.07348643200441,0.2981715893108298
24.087183285389973,0.2995780590717299
24.097315863406354,0.2995780590717299
24.09777979887048,0.2995780590717299
24.104684344035835,0.2995780590717299
24.1138657206472,0.2995780590717299
24.116532444845696,0.2995780590717299
24.123994629316908,0.2995780590717299
24.12862079433411,0.2995780590717299
24.130684228805222,0.2995780590717299
24.131967423995725,0.2995780590717299
24.13513136176038,0.3009845288326301
24.14999897028356,0.3009845288326301
24.176411783269764,0.3009845288326301
24.177017182751584,0.3009845288326301
24.18026222423192,0.3009845288326301
24.188163298447275,0.3009845288326301
24.190046313777643,0.3009845288326301
24.215164521990523,0.3023909985935302
24.23378455357836,0.3023909985935302
24.236823886162927,0.3023909985935302
24.24024046198188,0.3023909985935302
24.256149447882763,0.3023909985935302
24.25884798058081,0.3023909985935302
24.264926776557072,0.3023909985935302
24.278941032745564,0.3023909985935302
24.2858936245284,0.3023909985935302
24.292431700448013,0.3023909985935302
24.309398730562236,0.3023909985935302
24.30949967561453,0.3023909985935302
24.310793218146777,0.3023909985935302
24.32019030869014,0.3023909985935302
24.33199979085284,0.3037974683544304
24.33284421238624,0.3037974683544304
24.352669269535262,0.3052039381153305
24.376153518084543,0.3080168776371308
24.38416688878501,0.3080168776371308
24.388516453811555,0.3080168776371308
24.39612723232924,0.3094233473980309
24.400797830146992,0.3094233473980309
24.404638225730448,0.3094233473980309
24.425181790808857,0.3094233473980309
24.42543248231079,0.3094233473980309
24.427359614764672,0.3094233473980309
24.45112694346442,0.3094233473980309
24.460392397810367,0.3094233473980309
24.461728733656205,0.3094233473980309
24.467389409848725,0.3094233473980309
24.47262292828081,0.3094233473980309
24.47663093522737,0.3094233473980309
24.487417107038176,0.3094233473980309
24.488793700413257,0.3094233473980309
24.498539093085203,0.3094233473980309
24.498821578927792,0.3094233473980309
24.51432603718988,0.3094233473980309
24.527679498680587,0.3094233473980309
24.529261368254065,0.3108298171589311
24.54019206980512,0.3122362869198312
24.54104167769058,0.3122362869198312
24.54214366564277,0.3122362869198312
24.56940643631572,0.3122362869198312
24.57499860448104,0.3122362869198312
24.58570963234156,0.3122362869198312
24.607955354567917,0.3122362869198312
24.611983650222765,0.3122362869198312
24.61932969745386,0.3122362869198312
24.63254154716776,0.3150492264416315
24.64257751113802,0.3150492264416315
24.660917269113405,0.3150492264416315
24.663380861999475,0.3150492264416315
24.68496854946175,0.3150492264416315
24.70299681163899,0.3164556962025316
24.71941940426065,0.3164556962025316
24.721577803922887,0.3164556962025316
24.737755815613045,0.3164556962025316
24.75907625008028,0.3164556962025316
24.764650693659277,0.3164556962025316
24.79402671488918,0.3164556962025316
24.802365521132803,0.3164556962025316
24.803019120352488,0.3164556962025316
24.814050700008963,0.3178621659634318
24.820718363416866,0.3178621659634318
24.830646239836007,0.3178621659634318
24.85071650763623,0.3178621659634318
24.86577851500753,0.3192686357243319
24.866128677453197,0.3192686357243319
24.86787061218862,0.3192686357243319
24.873650770051235,0.3192686357243319
24.887892428633247,0.3192686357243319
24.91043249658728,0.3192686357243319
24.91666133349809,0.3192686357243319
24.91912333804345,0.3192686357243319
24.93275142993056,0.3192686357243319
24.952949370725687,0.3192686357243319
24.9551954433123,0.3192686357243319
24.972692574938105,0.3192686357243319
24.973661293402422,0.3192686357243319
25.00549455092386,0.3192686357243319
25.030618504036337,0.3206751054852321
25.04707760067871,0.3206751054852321
25.05598690397337,0.3206751054852321
25.067270953779733,0.3234880450070324
25.0791855269994,0.3234880450070324
25.09671517114839,0.3248945147679324
25.1034935023108,0.3248945147679324
25.14656528456971,0.3263009845288326
25.15776278705344,0.3263009845288326
25.20612715147943,0.3263009845288326
25.21882684486465,0.3277074542897327
25.23674923836172,0.3277074542897327
25.23792143364892,0.3277074542897327
25.241955950798527,0.3277074542897327
25.248046014323343,0.3277074542897327
25.34464886955553,0.3291139240506329
25.366203026177555,0.3291139240506329
25.381204093144703,0.330520393811533
25.38966657210241,0.3319268635724332
25.396093382020283,0.3319268635724332
25.401501372334238,0.3319268635724332
25.446086104986215,0.3333333333333333
25.460986322424255,0.3333333333333333
25.47178772213563,0.3333333333333333
25.487331710872787,0.3347398030942334
25.498524770977,0.3347398030942334
25.50219526449152,0.3347398030942334
25.51646649148164,0.3361462728551336
25.543507095613872,0.3375527426160337
25.54748265559844,0.3375527426160337
25.564813673052445,0.3375527426160337
25.58902045901564,0.3375527426160337
25.60690987213658,0.3375527426160337
25.6253790109609,0.3389592123769339
25.63359764165877,0.3389592123769339
25.639911920500893,0.3389592123769339
25.66165464407048,0.3417721518987341
25.685722122036896,0.3417721518987341
25.68661689238075,0.3417721518987341
25.691156575742333,0.3417721518987341
25.70124913802917,0.3417721518987341
25.704021229807,0.3417721518987341
25.721870440703896,0.3417721518987341
25.74740162391145,0.3417721518987341
25.76631672112288,0.3417721518987341
25.76715200684964,0.3417721518987341
25.76821539191376,0.3417721518987341
25.770649742288064,0.3417721518987341
25.785962380738457,0.3417721518987341
25.831424201206957,0.3417721518987341
25.835860291542293,0.3417721518987341
25.84493868625641,0.3417721518987341
25.907090466548823,0.3431786216596343
25.907758209927213,0.3431786216596343
25.907950444272988,0.3431786216596343
25.92178805725049,0.3431786216596343
25.946981634266308,0.3431786216596343
25.979967072771554,0.3431786216596343
25.983887713259257,0.3445850914205344
25.99696227593292,0.3445850914205344
26.00968636843449,0.3445850914205344
26.013784136252013,0.3445850914205344
26.014708528840757,0.3445850914205344
26.01485741913771,0.3445850914205344
26.015097215492982,0.3445850914205344
26.019277947189288,0.3445850914205344
26.028683799050924,0.3459915611814346
26.056177406501863,0.3473980309423347
26.06031027631492,0.3473980309423347
26.064554341093103,0.3473980309423347
26.07301513135352,0.3473980309423347
26.07618551608118,0.3473980309423347
26.093899345002235,0.3473980309423347
26.09470790751267,0.3473980309423347
26.11110936707274,0.3473980309423347
26.12385409582028,0.3473980309423347
26.12391354306337,0.3473980309423347
26.13895421536469,0.3473980309423347
26.144583068953963,0.3473980309423347
26.15606097624821,0.3473980309423347
26.15616152169664,0.3473980309423347
26.167018655661373,0.3488045007032349
26.170855540026327,0.3488045007032349
26.186402339396,0.3488045007032349
26.18937073485544,0.3488045007032349
26.191341623935728,0.3488045007032349
26.194716480836263,0.3488045007032349
26.215827529880844,0.350210970464135
26.23414479852734,0.350210970464135
26.24909829514684,0.3516174402250351
26.25769257427756,0.3530239099859353
26.25788008432378,0.3530239099859353
26.265709361835096,0.3544303797468354
26.267555470469837,0.3544303797468354
26.281961136878422,0.3544303797468354
26.305266363737285,0.3544303797468354
26.306592900429543,0.3544303797468354
26.318696749740703,0.3544303797468354
26.319763704893138,0.3544303797468354
26.33316241661256,0.3544303797468354
26.335526733395135,0.3544303797468354
26.339855994233517,0.3544303797468354
26.344128421979647,0.3544303797468354
26.347052203072398,0.3544303797468354
26.356093772312008,0.3558368495077356
26.35660407657516,0.3558368495077356
26.36207448563159,0.3558368495077356
26.369225751963107,0.3572433192686357
26.37638214307202,0.3572433192686357
26.376625084035638,0.3572433192686357
26.381795216394117,0.3572433192686357
26.383360984819536,0.3572433192686357
26.40496604330579,0.3572433192686357
26.4129766096621,0.3572433192686357
26.417443953259653,0.3572433192686357
26.42696772630817,0.3586497890295358
26.428717723146285,0.3586497890295358
26.43776384898692,0.3586497890295358
26.478515832072265,0.3614627285513361
26.47878117462024,0.3614627285513361
26.50478355938091,0.3628691983122363
26.50630024145616,0.3628691983122363
26.51569739525045,0.3628691983122363
26.52454960391611,0.3628691983122363
26.526368112227956,0.3628691983122363
26.55765086461437,0.3628691983122363
26.568379184539413,0.3628691983122363
26.573179480822347,0.3628691983122363
26.573825168769226,0.3628691983122363
26.579623266863443,0.3628691983122363
26.581509195999967,0.3628691983122363
26.592062129214487,0.3628691983122363
26.597776070196115,0.3628691983122363
26.600356151775145,0.3628691983122363
26.62365130111476,0.3628691983122363
26.626702201261388,0.3628691983122363
26.63109193954421,0.3628691983122363
26.66491918819648,0.3642756680731364
26.69981044230561,0.3670886075949367
26.70697514924393,0.3670886075949367
26.724379947781685,0.3684950773558368
26.73012845908174,0.3684950773558368
26.74624112283083,0.3684950773558368
26.74862269641888,0.3684950773558368
26.75500017356423,0.3684950773558368
26.761427656188523,0.3684950773558368
26.763715309336483,0.3684950773558368
26.76874548797105,0.3684950773558368
26.770160016533094,0.3684950773558368
26.7790597299168,0.3684950773558368
26.782096726245545,0.3684950773558368
26.79273146485959,0.3684950773558368
26.792731628429276,0.3684950773558368
26.7978387107178,0.3684950773558368
26.80114936789357,0.3684950773558368
26.80773739343725,0.3684950773558368
26.82159075452054,0.3684950773558368
26.82956111400568,0.369901547116737
26.834776887508863,0.369901547116737
26.85368579542983,0.369901547116737
26.85523363470688,0.369901547116737
26.863462988667568,0.369901547116737
26.871686144523512,0.3713080168776371
26.881339735186483,0.3713080168776371
26.887766151896912,0.3713080168776371
26.897457529616503,0.3713080168776371
26.90224204356124,0.3713080168776371
26.903080687032517,0.3713080168776371
26.90845033588822,0.3713080168776371
26.934328617095296,0.3713080168776371
26.941432473063774,0.3713080168776371
26.94557033137768,0.3713080168776371
26.972869478054637,0.3727144866385373
26.973522711983296,0.3727144866385373
26.979918613140324,0.3727144866385373
26.98514306773546,0.3727144866385373
26.99615793086617,0.3727144866385373
27.005786797749312,0.3741209563994374
27.00875301804064,0.3741209563994374
27.021394023130338,0.3741209563994374
27.024249615615645,0.3741209563994374
27.0265370352174,0.3741209563994374
27.028832940836885,0.3741209563994374
27.03419048066359,0.3741209563994374
27.050312975095892,0.3741209563994374
27.055505764648714,0.3741209563994374
27.06593999859565,0.3741209563994374
27.078513477666185,0.3741209563994374
27.080933125889437,0.3741209563994374
27.08627666999322,0.3755274261603376
27.095194494960182,0.3755274261603376
27.09530317996965,0.3755274261603376
27.107991312671867,0.3755274261603376
27.11324559352695,0.3755274261603376
27.124114991215432,0.3755274261603376
27.13156244851631,0.3755274261603376
27.13333124120117,0.3755274261603376
27.13436069665665,0.3755274261603376
27.149204418790568,0.3755274261603376
27.15278682816184,0.3755274261603376
27.16017996646401,0.3755274261603376
27.160379034352143,0.3755274261603376
27.182601347559167,0.3783403656821378
27.242070597755124,0.3853727144866385
27.244680740533816,0.3853727144866385
27.24476018153662,0.3853727144866385
27.24830982049856,0.3853727144866385
27.255085062226357,0.3853727144866385
27.269820594038904,0.3853727144866385
27.27399968975481,0.3853727144866385
27.27435026599133,0.3853727144866385
27.28410523161625,0.3853727144866385
27.29399735154767,0.3853727144866385
27.294382221909007,0.3853727144866385
27.294795120569244,0.3853727144866385
27.296071100062527,0.3853727144866385
27.29778898178867,0.3853727144866385
27.301420650004484,0.3853727144866385
27.30758361169305,0.3853727144866385
27.307872202248404,0.3853727144866385
27.31044344762157,0.3853727144866385
27.3138114366811,0.3881856540084388
27.32376032422608,0.3895921237693389
27.328255759617903,0.3895921237693389
27.339808085844684,0.3895921237693389
27.3431968317254,0.3895921237693389
27.343797577669964,0.3895921237693389
27.34639818400508,0.3895921237693389
27.346402428457672,0.3895921237693389
27.35646172270116,0.3895921237693389
27.379407396610315,0.3909985935302391
27.38042636650866,0.3909985935302391
27.383469547377658,0.3909985935302391
27.388109274305123,0.3909985935302391
27.392338338149504,0.3924050632911392
27.408233760066874,0.3924050632911392
27.40971808423409,0.3924050632911392
27.41522113260189,0.3924050632911392
27.4162536274804,0.3924050632911392
27.420708103825223,0.3924050632911392
27.421143620622875,0.3924050632911392
27.43555063569572,0.3924050632911392
27.452788036618404,0.3924050632911392
27.452894707579297,0.3924050632911392
27.466622922100623,0.3924050632911392
27.46893609233952,0.3924050632911392
27.476463148574783,0.3952180028129395
27.48574651215976,0.3966244725738396
27.50034278625516,0.3980309423347398
27.502669382728143,0.3994374120956399
27.50807847343844,0.3994374120956399
27.509186880923224,0.3994374120956399
27.51129453892275,0.3994374120956399
27.518679424164645,0.3994374120956399
27.531233499459844,0.3994374120956399
27.53487615032381,0.3994374120956399
27.539988716412104,0.3994374120956399
27.54069204762315,0.3994374120956399
27.5468507742828,0.4008438818565401
27.54845458187282,0.4008438818565401
27.553042329935483,0.4008438818565401
27.55470653948416,0.4008438818565401
27.56282125206338,0.4022503516174402
27.56509656444444,0.4022503516174402
27.57022880471344,0.4036568213783403
27.57053319283912,0.4036568213783403
27.573397737338272,0.4036568213783403
27.57344490547513,0.4036568213783403
27.573639717469145,0.4036568213783403
27.57392157730185,0.4036568213783403
27.5740587114292,0.4036568213783403
27.574942676072205,0.4036568213783403
27.58489588066502,0.4036568213783403
27.594510514871484,0.4036568213783403
27.595879091071893,0.4036568213783403
27.598683365041012,0.4036568213783403
27.60587931316913,0.4036568213783403
27.61328893569073,0.4036568213783403
27.614349194911604,0.4036568213783403
27.615402130852843,0.4036568213783403
27.629875130649047,0.4050632911392405
27.643019169839807,0.4064697609001406
27.64991072236173,0.4064697609001406
27.655182183728517,0.4064697609001406
27.6555073794592,0.4064697609001406
27.66240225364895,0.4064697609001406
27.664430583077543,0.4064697609001406
27.664539402728263,0.4064697609001406
27.673950478328926,0.4078762306610408
27.67874457210697,0.4078762306610408
27.68753840490494,0.4078762306610408
27.69061635670216,0.4078762306610408
27.69339462698487,0.4078762306610408
27.697733721689797,0.4078762306610408
27.69925461526962,0.4078762306610408
27.707670949720445,0.4078762306610408
27.710969932958143,0.4078762306610408
27.72689710017384,0.4078762306610408
27.73968432882077,0.4078762306610408
27.7399419743319,0.4078762306610408
27.751358340563613,0.4092827004219409
27.757121548539303,0.4092827004219409
27.79061747450107,0.4120956399437412
27.79259382289076,0.4120956399437412
27.79326318376488,0.4120956399437412
27.79440553386681,0.4120956399437412
27.80357004026204,0.4120956399437412
27.807215126078123,0.4120956399437412
27.807239986131577,0.4120956399437412
27.80887811453344,0.4120956399437412
27.811666230928942,0.4120956399437412
27.81705856532409,0.4120956399437412
27.829190573294788,0.4120956399437412
27.831529076104733,0.4120956399437412
27.834537167923894,0.4135021097046413
27.83656436139301,0.4135021097046413
27.841524606455128,0.4135021097046413
27.841562475674127,0.4135021097046413
27.84242889309581,0.4135021097046413
27.8474526884691,0.4135021097046413
27.848335667215032,0.4135021097046413
27.855293194987897,0.4135021097046413
27.86250801044445,0.4149085794655415
27.88468612511325,0.4149085794655415
27.88481747601699,0.4149085794655415
27.890815336156567,0.4149085794655415
27.891843115095536,0.4149085794655415
27.90102356190387,0.4149085794655415
27.90125499049286,0.4149085794655415
27.90741496853865,0.4163150492264416
27.907916484080232,0.4163150492264416
27.912199375515108,0.4163150492264416
27.915772241750687,0.4163150492264416
27.918341259523636,0.4163150492264416
27.92073757105369,0.4163150492264416
27.920838318955077,0.4163150492264416
27.929335594197667,0.4163150492264416
27.93569398608072,0.4163150492264416
27.9382746709949,0.4163150492264416
27.94094759744713,0.4163150492264416
27.941441635823395,0.4163150492264416
27.96508626189717,0.4177215189873418
27.967408287845917,0.4177215189873418
27.96841121813921,0.4177215189873418
27.969104428476623,0.4177215189873418
27.969470998072914,0.4177215189873418
27.975489052459604,0.4177215189873418
27.97562393602312,0.4177215189873418
27.97713425143876,0.4177215189873418
27.98118298029319,0.4177215189873418
27.98266635278127,0.4177215189873418
27.986871546473797,0.4177215189873418
27.992828593132028,0.4177215189873418
28.008428566312183,0.4177215189873418
28.009578312374074,0.4177215189873418
28.011511602356464,0.4177215189873418
28.018132934832604,0.4177215189873418
28.02400846077853,0.4177215189873418
28.031691523584,0.4177215189873418
28.03609433848937,0.4177215189873418
28.04332348549766,0.4191279887482419
28.043542681053463,0.4191279887482419
28.0449529459899,0.4191279887482419
28.062640494792728,0.420534458509142
28.066117680277458,0.4219409282700422
28.07211042061899,0.4233473980309423
28.07684969571529,0.4233473980309423
28.077786711497986,0.4233473980309423
28.07930386259869,0.4247538677918425
28.084180893258782,0.4247538677918425
28.085903128968432,0.4247538677918425
28.086909107875297,0.4247538677918425
28.08845655650832,0.4247538677918425
28.088862601002536,0.4247538677918425
28.09308389779884,0.4247538677918425
28.10320618240481,0.4275668073136427
28.10731698579344,0.4275668073136427
28.109769189437586,0.4289732770745429
28.12076201400769,0.4289732770745429
28.12794772012511,0.430379746835443
28.14211086770561,0.4317862165963432
28.14764016089672,0.4317862165963432
28.152582126918976,0.4317862165963432
28.15400984600244,0.4317862165963432
28.16208953388809,0.4317862165963432
28.162161730340788,0.4317862165963432
28.162555683155848,0.4317862165963432
28.16684401211975,0.4317862165963432
28.17493214248479,0.4317862165963432
28.18754373109272,0.4317862165963432
28.195409722297985,0.4331926863572433
28.198936242535503,0.4331926863572433
28.20188217450451,0.4331926863572433
28.202589430979344,0.4331926863572433
28.20576161280123,0.4331926863572433
28.206246262546543,0.4331926863572433
28.21006369216416,0.4331926863572433
28.213381666057423,0.4331926863572433
28.21515394993736,0.4331926863572433
28.215524678482943,0.4331926863572433
28.218077808037258,0.4331926863572433
28.23004659487709,0.4331926863572433
28.230592850830284,0.4331926863572433
28.23425238398024,0.4331926863572433
28.2357194529334,0.4331926863572433
28.24323978494606,0.4331926863572433
28.25070089979838,0.4331926863572433
28.252658875235728,0.4331926863572433
28.255733044014104,0.4331926863572433
28.262477938152344,0.4345991561181435
28.26280983904777,0.4345991561181435
28.26573744648534,0.4345991561181435
28.26724868486136,0.4345991561181435
28.276819139219025,0.4345991561181435
28.279657247186005,0.4345991561181435
28.27988183349164,0.4345991561181435
28.288110828022848,0.4345991561181435
28.28837695020162,0.4345991561181435
28.293710772054784,0.4345991561181435
28.304195187610212,0.4345991561181435
28.31268542068192,0.4345991561181435
28.320922475900197,0.4345991561181435
28.323651980903502,0.4360056258790436
28.332579144344063,0.4360056258790436
28.335835232470338,0.4360056258790436
28.33871320570417,0.4360056258790436
28.34087095615056,0.4360056258790436
28.34924629029505,0.4360056258790436
28.358021162273545,0.4360056258790436
28.364887176498478,0.4360056258790436
28.365151328240955,0.4360056258790436
28.374365046427307,0.4360056258790436
28.37469693198586,0.4360056258790436
28.377454334852075,0.4374120956399437
28.379205996038426,0.4374120956399437
28.379694364256355,0.4374120956399437
28.380636168940484,0.4374120956399437
28.393101979524243,0.4388185654008439
28.401846936430648,0.4388185654008439
28.40668366368573,0.4388185654008439
28.408318444420345,0.4388185654008439
28.409468301460663,0.4388185654008439
28.411293317616547,0.440225035161744
28.417098719833994,0.440225035161744
28.421890192558724,0.440225035161744
28.42785650455062,0.440225035161744
28.42961260095881,0.440225035161744
28.434124030875143,0.440225035161744
28.436033741993125,0.440225035161744
28.442641946037057,0.440225035161744
28.44612673262943,0.440225035161744
28.45192352525584,0.440225035161744
28.458558100525977,0.440225035161744
28.45970458748475,0.440225035161744
28.461810162977653,0.440225035161744
28.46394503729723,0.4416315049226441
28.46733758633461,0.4416315049226441
28.46965512507245,0.4416315049226441
28.474252111652348,0.4416315049226441
28.47823313783898,0.4416315049226441
28.478870684988166,0.4416315049226441
28.480351601511792,0.4416315049226441
28.494376919181697,0.4416315049226441
28.504352549114973,0.4416315049226441
28.515837225806607,0.4430379746835443
28.524667236986915,0.4444444444444444
28.52564350761868,0.4444444444444444
28.526633121791303,0.4444444444444444
28.53814465424821,0.4472573839662447
28.538618664166805,0.4472573839662447
28.54603328917919,0.4472573839662447
28.548754591450518,0.4472573839662447
28.553204199634468,0.4472573839662447
28.55990632414625,0.4514767932489451
28.56888702769128,0.4514767932489451
28.5769937708602,0.4514767932489451
28.585064473171503,0.4514767932489451
28.59016084072569,0.4514767932489451
28.590217354265395,0.4514767932489451
28.590595847850597,0.4514767932489451
28.59870559257893,0.4528832630098452
28.602023743957744,0.4528832630098452
28.608258104388028,0.4528832630098452
28.616616491843907,0.4528832630098452
28.621437035599136,0.4528832630098452
28.623302231116277,0.4528832630098452
28.63000218954357,0.4528832630098452
28.634965315530263,0.4528832630098452
28.643315271885616,0.4542897327707454
28.645055920655825,0.4542897327707454
28.64691242707213,0.4542897327707454
28.64932905084542,0.4542897327707454
28.65330689269504,0.4556962025316455
28.65571476873177,0.4556962025316455
28.65866397019396,0.4556962025316455
28.65929095543076,0.4571026722925457
28.659629252222857,0.4585091420534458
28.66268087157564,0.4585091420534458
28.66909939162192,0.4585091420534458
28.674495074334853,0.4585091420534458
28.677476471426925,0.4585091420534458
28.678008417135224,0.4585091420534458
28.684921389063188,0.4585091420534458
28.685887390879767,0.4585091420534458
28.69165609515,0.4585091420534458
28.69182499247601,0.4585091420534458
28.691852269698035,0.4585091420534458
28.698218896724416,0.4585091420534458
28.704004310203704,0.4585091420534458
28.71355835869618,0.459915611814346
28.717483566058046,0.459915611814346
28.72023378739448,0.459915611814346
28.72265750892433,0.459915611814346
28.72481390178952,0.459915611814346
28.737037307534603,0.459915611814346
28.742025411980272,0.4613220815752461
28.743271426024464,0.4613220815752461
28.74380602799025,0.4613220815752461
28.75069068095542,0.4641350210970464
28.757457648815308,0.4641350210970464
28.75893394818612,0.4641350210970464
28.764807872749863,0.4641350210970464
28.76700899015508,0.4641350210970464
28.77506234840416,0.4655414908579465
28.77514552417293,0.4655414908579465
28.77597346729722,0.4655414908579465
28.785046115209184,0.4683544303797468
28.786470067250598,0.4683544303797468
28.787371235397465,0.4683544303797468
28.79532398072188,0.4683544303797468
28.79915377868761,0.4683544303797468
28.814618875147477,0.4683544303797468
28.840983242590088,0.4683544303797468
28.8430659516259,0.4683544303797468
28.8463762457812,0.4683544303797468
28.847049792495877,0.4683544303797468
28.860211769219507,0.469760900140647
28.866575236568583,0.469760900140647
28.86760350812351,0.469760900140647
28.87186409528007,0.469760900140647
28.872266526983505,0.469760900140647
28.873280852604985,0.469760900140647
28.87734046082783,0.469760900140647
28.880785483994355,0.469760900140647
28.88445436166922,0.4711673699015471
28.88875231232181,0.4711673699015471
28.889568664352264,0.4711673699015471
28.89721844766229,0.4725738396624472
28.901798935448262,0.4725738396624472
28.90298954446979,0.4725738396624472
28.903216156620097,0.4725738396624472
28.90416188391954,0.4725738396624472
28.91219001733005,0.4725738396624472
28.9263777759948,0.4739803094233474
28.929019015903965,0.4739803094233474
28.93408163372823,0.4739803094233474
28.938334430600577,0.4739803094233474
28.94469416917583,0.4739803094233474
28.95159761819864,0.4739803094233474
28.956789176369107,0.4739803094233474
28.958030477027144,0.4753867791842475
28.95869573540973,0.4753867791842475
28.95980966976912,0.4753867791842475
28.96626872205463,0.4753867791842475
28.972229594418096,0.4753867791842475
28.975034456071995,0.4753867791842475
28.979329361584742,0.4753867791842475
28.99621964150055,0.4753867791842475
29.00038357046519,0.4753867791842475
29.000576560217542,0.4753867791842475
29.005108569955254,0.4753867791842475
29.025307823491016,0.4753867791842475
29.029337378917973,0.4753867791842475
29.036389161462164,0.4753867791842475
29.038065467335805,0.4753867791842475
29.0382632313421,0.4753867791842475
29.042548930728355,0.4753867791842475
29.04288363020166,0.4753867791842475
29.04418985413847,0.4753867791842475
29.04654446868276,0.4753867791842475
29.04750951829843,0.4753867791842475
29.051368224069133,0.4753867791842475
29.05458881032101,0.4753867791842475
29.05882099081021,0.4753867791842475
29.060348264601835,0.4753867791842475
29.06504029422524,0.4753867791842475
29.0674712285527,0.4753867791842475
29.072308179012,0.4753867791842475
29.08943244459796,0.4753867791842475
29.09435494670446,0.4753867791842475
29.101699904142247,0.4781997187060478
29.101940435881414,0.4781997187060478
29.11137002821534,0.4781997187060478
29.11267677553701,0.4781997187060478
29.117606124073937,0.4781997187060478
29.120164364897967,0.4781997187060478
29.12992492645392,0.4781997187060478
29.133666397770128,0.4796061884669479
29.139803205402163,0.4796061884669479
29.150487736411893,0.4796061884669479
29.15070413621667,0.4796061884669479
29.15100377354657,0.4796061884669479
29.15841291150848,0.4796061884669479
29.166351551114087,0.4796061884669479
29.16875757190203,0.4796061884669479
29.17286184440054,0.4796061884669479
29.177123253202947,0.4796061884669479
29.182197578374048,0.4810126582278481
29.19374427883718,0.4810126582278481
29.201671737074577,0.4810126582278481
29.206072084209246,0.4824191279887482
29.21535497647512,0.4824191279887482
29.218296176911466,0.4824191279887482
29.22012381936736,0.4824191279887482
29.22512621711846,0.4838255977496484
29.226951053467705,0.4838255977496484
29.229904222194776,0.4838255977496484
29.236065673339592,0.4866385372714487
29.246701363174758,0.4880450070323488
29.248169270952754,0.4880450070323488
29.257238745880205,0.4880450070323488
29.260091923321827,0.4880450070323488
29.27028653405842,0.4880450070323488
29.273992628935197,0.4880450070323488
29.28484847769225,0.4880450070323488
29.288056659744782,0.4880450070323488
29.291343963194315,0.4880450070323488
29.291909767859423,0.4880450070323488
29.2964671247074,0.4880450070323488
29.297895555997965,0.4880450070323488
29.30822423386885,0.4894514767932489
29.31168003200615,0.4894514767932489
29.31511063499961,0.4894514767932489
29.32279349259601,0.4922644163150492
29.328215955815363,0.4922644163150492
29.32821989432826,0.4922644163150492
29.336511999229565,0.4936708860759494
29.337698156301425,0.4936708860759494
29.3483690883084,0.4964838255977497
29.35973189301394,0.4964838255977497
29.36039203774724,0.4964838255977497
29.374205726636465,0.4978902953586498
29.376645157064136,0.4978902953586498
29.38213810468992,0.4978902953586498
29.38453346098142,0.4978902953586498
29.38892236526098,0.4978902953586498
29.398178449827306,0.4978902953586498
29.417124036687994,0.4992967651195499
29.43264534442545,0.4992967651195499
29.43653227339857,0.4992967651195499
29.4370805835704,0.4992967651195499
29.44553083687868,0.5007032348804501
29.44685460630107,0.5007032348804501
29.45157889306129,0.5007032348804501
29.45834404032057,0.5007032348804501
29.46804075227515,0.5021097046413502
29.476871513210845,0.5021097046413502
29.48075504852435,0.5021097046413502
29.48109139300549,0.5021097046413502
29.48355581330549,0.5021097046413502
29.484396001624557,0.5021097046413502
29.48790664336987,0.5021097046413502
29.50029061090912,0.5021097046413502
29.50335154691668,0.5021097046413502
29.50713942326353,0.5021097046413502
29.50783636000111,0.5021097046413502
29.50969941667123,0.5021097046413502
29.51057783597546,0.5021097046413502
29.510669824381207,0.5021097046413502
29.534526991456804,0.5021097046413502
29.53537087993396,0.5021097046413502
29.536864388324368,0.5021097046413502
29.5423267914847,0.5021097046413502
29.54993894602557,0.5021097046413502
29.552475532552343,0.5021097046413502
29.56243308388766,0.5035161744022504
29.57044151582145,0.5035161744022504
29.58235325853993,0.5049226441631505
29.58298701210769,0.5049226441631505
29.594989772746903,0.5077355836849508
29.59816650530095,0.5077355836849508
29.598268432498585,0.5077355836849508
29.59982190974218,0.5077355836849508
29.60022740469192,0.5077355836849508
29.61101803663775,0.5077355836849508
29.613954714090347,0.5077355836849508
29.61527126155136,0.5077355836849508
29.618129261870976,0.5077355836849508
29.62088726483383,0.5077355836849508
29.62139440690297,0.5077355836849508
29.62149183812998,0.5077355836849508
29.62556854462106,0.5077355836849508
29.62877665408562,0.5077355836849508
29.633325527454037,0.5077355836849508
29.63651838812432,0.5077355836849508
29.637203718031174,0.5077355836849508
29.64720684552333,0.509142053445851
29.65323341239901,0.509142053445851
29.65858786153063,0.509142053445851
29.659238498679144,0.509142053445851
29.66581107796975,0.509142053445851
29.678391259681582,0.509142053445851
29.695529549632735,0.509142053445851
29.699316770859586,0.509142053445851
29.70417012297064,0.510548523206751
29.7164058430793,0.510548523206751
29.71712586211673,0.510548523206751
29.752181684843933,0.5119549929676512
29.75233587596649,0.5119549929676512
29.759072334734665,0.5119549929676512
29.76712769401087,0.5133614627285513
29.76971996040084,0.5133614627285513
29.8071410396754,0.5147679324894515
29.818256299101897,0.5147679324894515
29.825086118117863,0.5147679324894515
29.838490652481077,0.5147679324894515
29.84078713348965,0.5147679324894515
29.85330941288724,0.5147679324894515
29.85543695110237,0.5147679324894515
29.856882908690544,0.5147679324894515
29.871535095199565,0.5147679324894515
29.873201523119835,0.5147679324894515
29.8754741386784,0.5147679324894515
29.880635699825454,0.5147679324894515
29.887827261249125,0.5147679324894515
29.88965506308038,0.5147679324894515
29.88978624421148,0.5147679324894515
29.89086413658973,0.5147679324894515
29.894012934706662,0.5147679324894515
29.906977757752696,0.5147679324894515
29.90782852767296,0.5147679324894515
29.920456484247232,0.5147679324894515
29.937604501051908,0.5147679324894515
29.939789768206197,0.5147679324894515
29.94099034371457,0.5161744022503516
29.95080085352696,0.5161744022503516
29.959792607227943,0.5161744022503516
29.972235972506745,0.5161744022503516
29.97861594219073,0.5161744022503516
29.981167121794847,0.5161744022503516
29.981976869221903,0.5161744022503516
29.982822793471534,0.5161744022503516
29.99055582338236,0.5175808720112518
30.010814281516808,0.5175808720112518
30.01111602601168,0.5175808720112518
30.01170837586652,0.5175808720112518
30.018233759099893,0.5175808720112518
30.021630312344307,0.5189873417721519
30.037290320098908,0.5232067510548524
30.03772778213609,0.5232067510548524
30.0381648246282,0.5232067510548524
30.03969382093729,0.5232067510548524
30.06241592508951,0.5232067510548524
30.076794963914868,0.5232067510548524
30.079439256781765,0.5232067510548524
30.08528033152256,0.5232067510548524
30.08693297126701,0.5232067510548524
30.110733599088785,0.5260196905766527
30.11600371424189,0.5260196905766527
30.116773562378437,0.5260196905766527
30.12187911420658,0.5260196905766527
30.135635704283807,0.5260196905766527
30.1528240331834,0.5274261603375527
30.153150572227705,0.5274261603375527
30.15810536048655,0.5274261603375527
30.160104080984052,0.5274261603375527
30.16230919878059,0.5274261603375527
30.183036342967387,0.5274261603375527
30.202289874278357,0.5274261603375527
30.20803729706841,0.5274261603375527
30.209642108909904,0.5274261603375527
30.21213136411239,0.5274261603375527
30.212506115454666,0.5274261603375527
30.21817328154493,0.5274261603375527
30.22463916924652,0.5274261603375527
30.22501030091921,0.5274261603375527
30.225350139286377,0.5274261603375527
30.229269308866048,0.5274261603375527
30.242394149552837,0.5274261603375527
30.24542350515713,0.5274261603375527
30.24617145447583,0.5274261603375527
30.25616834384669,0.5274261603375527
30.26004740535943,0.5274261603375527
30.2861121221931,0.5288326300984529
30.289519541660397,0.5288326300984529
30.298865063346565,0.530239099859353
30.307341465158608,0.530239099859353
30.313408842354946,0.530239099859353
30.321709607571076,0.530239099859353
30.328348449871385,0.530239099859353
30.338953181619143,0.5330520393811533
30.34292933610012,0.5330520393811533
30.3703453360524,0.5330520393811533
30.37419706969788,0.5344585091420534
30.3777014249134,0.5344585091420534
30.387558145461146,0.5344585091420534
30.3894538293172,0.5344585091420534
30.390932386783334,0.5344585091420534
30.413235035293923,0.5358649789029536
30.415098985463064,0.5358649789029536
30.41690494410115,0.5358649789029536
30.417114873826648,0.5358649789029536
30.441066691237417,0.5358649789029536
30.44388653985147,0.5358649789029536
30.45212178530572,0.5358649789029536
30.46436454852174,0.5386779184247539
30.480290515972428,0.5386779184247539
30.487666201766743,0.5386779184247539
30.49323206338932,0.5386779184247539
30.509908995281585,0.540084388185654
30.516498760656365,0.540084388185654
30.52652391280066,0.540084388185654
30.527998379748865,0.540084388185654
30.533873876539285,0.540084388185654
30.540076511316524,0.5414908579465542
30.548354937283268,0.5414908579465542
30.57463679018627,0.5428973277074542
30.588912051456028,0.5428973277074542
30.59681097907836,0.5428973277074542
30.59959502266389,0.5443037974683544
30.604979218172364,0.5443037974683544
30.61471881152185,0.5443037974683544
30.62168418196444,0.5443037974683544
30.643236938473684,0.5485232067510548
30.657414364431418,0.5485232067510548
30.657482198514455,0.5485232067510548
30.66791683345909,0.5485232067510548
30.69083095938195,0.549929676511955
30.694687455268408,0.549929676511955
30.69548165524939,0.549929676511955
30.69921266525865,0.549929676511955
30.713134671329637,0.549929676511955
30.715107876784103,0.549929676511955
30.73344610503949,0.5527426160337553
30.78491701227214,0.5555555555555556
30.78810111498008,0.5555555555555556
30.79205713809598,0.5555555555555556
30.818357336839583,0.5555555555555556
30.825043917704978,0.5555555555555556
30.83263098317361,0.5555555555555556
30.833173705428315,0.5555555555555556
30.875393984185795,0.5583684950773559
30.88824637221176,0.5583684950773559
30.888818191455425,0.5583684950773559
30.895498861736947,0.5583684950773559
30.89882798330729,0.559774964838256
30.915507839040043,0.5611814345991561
30.93050162944621,0.5611814345991561
30.931225574401644,0.5611814345991561
30.944028313008268,0.5611814345991561
30.95495515955464,0.5611814345991561
30.962784462859787,0.5611814345991561
30.969828615767256,0.5611814345991561
30.970116403255016,0.5611814345991561
30.97871291943921,0.5611814345991561
30.98420800054032,0.5611814345991561
30.98930874050232,0.5611814345991561
30.99942538769198,0.5639943741209564
31.001518501241456,0.5639943741209564
31.00177060439337,0.5639943741209564
31.002212202763417,0.5639943741209564
31.01292003258932,0.5639943741209564
31.01717766936032,0.5639943741209564
31.01752408925728,0.5639943741209564
31.02287013944667,0.5639943741209564
31.05326172578064,0.5639943741209564
31.058617157241407,0.5639943741209564
31.06309210568827,0.5639943741209564
31.082689502262777,0.5639943741209564
31.08315407731423,0.5639943741209564
31.087911439786616,0.5639943741209564
31.12101066749515,0.5668073136427567
31.12850130725324,0.5668073136427567
31.130540477662223,0.5668073136427567
31.138719713314217,0.5682137834036568
31.142571185159515,0.5682137834036568
31.15029814577788,0.5682137834036568
31.15829701565007,0.5682137834036568
31.160916141143776,0.5682137834036568
31.182737729021245,0.5682137834036568
31.20163073340265,0.5682137834036568
31.204055731860212,0.5682137834036568
31.21302994789889,0.569620253164557
31.2130965547511,0.569620253164557
31.21629983643192,0.569620253164557
31.230709607092123,0.569620253164557
31.23194703483706,0.569620253164557
31.239390550317264,0.5724331926863573
31.24109928171743,0.5724331926863573
31.241360557181768,0.5724331926863573
31.24974950759204,0.5724331926863573
31.252647461010127,0.5724331926863573
31.263008373886898,0.5724331926863573
31.269789292705937,0.5724331926863573
31.284766405690988,0.5724331926863573
31.288180875203707,0.5724331926863573
31.296172652597203,0.5724331926863573
31.300330643461184,0.5724331926863573
31.307595535208332,0.5724331926863573
31.30851739210731,0.5724331926863573
31.32241286246161,0.5724331926863573
31.33055285494606,0.5724331926863573
31.354837295558426,0.5738396624472574
31.379168735949747,0.5766526019690577
31.388147903282466,0.5766526019690577
31.38821487364777,0.5766526019690577
31.391854101371525,0.5766526019690577
31.39312345562045,0.5766526019690577
31.398105827131975,0.5766526019690577
31.40029263370937,0.5766526019690577
31.4005418289374,0.5766526019690577
31.400547886767946,0.5766526019690577
31.40215176088812,0.5766526019690577
31.42393532305819,0.5766526019690577
31.438448784445736,0.5766526019690577
31.445766554322308,0.5766526019690577
31.44718747483224,0.5766526019690577
31.45528638099836,0.5780590717299579
31.459780285675564,0.5794655414908579
31.465824324839712,0.5794655414908579
31.473028596855304,0.5794655414908579
31.482503766230487,0.5822784810126582
31.4839884439006,0.5836849507735584
31.495382926985748,0.5836849507735584
31.499000726798883,0.5836849507735584
31.50040030594325,0.5836849507735584
31.50942599117075,0.5836849507735584
31.51110935394464,0.5836849507735584
31.52784783902392,0.5836849507735584
31.53051349685644,0.5836849507735584
31.538647998883132,0.5836849507735584
31.54011828430457,0.5836849507735584
31.559116340711142,0.5836849507735584
31.5682765915539,0.5836849507735584
31.570344440782712,0.5836849507735584
31.581098698447303,0.5836849507735584
31.582207005913787,0.5836849507735584
31.58715707980152,0.5836849507735584
31.589305140951407,0.5836849507735584
31.593526959214348,0.5836849507735584
31.616017661809146,0.5879043600562588
31.624081566285174,0.5879043600562588
31.648057267255552,0.5879043600562588
31.650168226193188,0.5879043600562588
31.660052955656703,0.5879043600562588
31.67081473485744,0.5879043600562588
31.67645631101527,0.5879043600562588
31.67757215357298,0.5879043600562588
31.68380726022124,0.5879043600562588
31.695791832981456,0.5879043600562588
31.709616879745237,0.5893108298171589
31.71547889211611,0.5893108298171589
31.747045885639533,0.5893108298171589
31.74861469149875,0.5893108298171589
31.75844136791196,0.5907172995780591
31.766906879557997,0.5907172995780591
31.770973810410432,0.5921237693389592
31.771406826035868,0.5921237693389592
31.772405370318506,0.5921237693389592
31.79097741790672,0.5921237693389592
31.81453200525738,0.5921237693389592
31.827505625041933,0.5921237693389592
31.82755939662586,0.5921237693389592
31.838700249531605,0.5921237693389592
31.845356816464747,0.5921237693389592
31.85022205859354,0.5921237693389592
31.86968314453127,0.5921237693389592
31.872268126439334,0.5921237693389592
31.877117962937238,0.5921237693389592
31.87892175748538,0.5921237693389592
31.881462590071106,0.5921237693389592
31.88417052024717,0.5921237693389592
31.88485658454176,0.5921237693389592
31.895088606597582,0.5921237693389592
31.899185193331867,0.5935302390998594
31.90329333414301,0.5935302390998594
31.90510977473088,0.5935302390998594
31.9131981287022,0.5935302390998594
31.921921919431096,0.5935302390998594
31.92680554079612,0.5949367088607594
31.931497263374204,0.5949367088607594
31.934578761081053,0.5949367088607594
31.941945317977986,0.5963431786216596
31.9550155015126,0.5963431786216596
31.96189445617163,0.5963431786216596
31.96742872885444,0.5963431786216596
31.98220088740988,0.5963431786216596
31.999805312327183,0.60056258790436
32.02215935681123,0.6019690576652602
32.02252129257961,0.6019690576652602
32.025707364584434,0.6019690576652602
32.026466046743096,0.6019690576652602
32.02676969887861,0.6019690576652602
32.031701204840935,0.6033755274261603
32.03223320612049,0.6033755274261603
32.033595270684536,0.6033755274261603
32.038602469613394,0.6033755274261603
32.039636828436834,0.6033755274261603
32.039681957038844,0.6033755274261603
32.04388989280569,0.6047819971870605
32.058129030105434,0.6047819971870605
32.06339059180916,0.6047819971870605
32.07349679523743,0.6047819971870605
32.0781883552336,0.6047819971870605
32.088824010377536,0.6047819971870605
32.089971253142,0.6047819971870605
32.09394007595547,0.6047819971870605
32.099233141139344,0.6047819971870605
32.099664739706384,0.6047819971870605
32.102118754212285,0.6047819971870605
32.11612890644655,0.6047819971870605
32.11647235583369,0.6047819971870605
32.12177650561215,0.6047819971870605
32.12180860722091,0.6047819971870605
32.1321104416772,0.6047819971870605
32.13752336510141,0.6047819971870605
32.1434326228254,0.6047819971870605
32.15202163410928,0.6047819971870605
32.15751172367527,0.6047819971870605
32.164152438116744,0.6047819971870605
32.16474851301236,0.6047819971870605
32.167979757439994,0.6061884669479606
32.172697244521274,0.6061884669479606
32.180170076296584,0.6061884669479606
32.181720349088465,0.6061884669479606
32.1911451128026,0.6061884669479606
32.19898030199922,0.6061884669479606
32.20107166503744,0.6061884669479606
32.201737583372726,0.6061884669479606
32.201994407694464,0.6061884669479606
32.21001860737003,0.6061884669479606
32.21065750367617,0.6061884669479606
32.22985367073172,0.6075949367088608
32.232456856404866,0.6075949367088608
32.23573385787884,0.6075949367088608
32.236434074216774,0.6075949367088608
32.25101408033001,0.6075949367088608
32.25572370261102,0.6075949367088608
32.2941655011974,0.6075949367088608
32.29506459615584,0.6075949367088608
32.29922584916093,0.6090014064697609
32.30635016452584,0.6090014064697609
32.30818398164488,0.6090014064697609
32.31361422302609,0.6090014064697609
32.31498380515659,0.6090014064697609
32.317058891946566,0.6090014064697609
32.318558649745434,0.6090014064697609
32.3214265993104,0.6104078762306611
32.326362931279434,0.6104078762306611
32.32860332378808,0.6104078762306611
32.33006549443145,0.6104078762306611
32.33021525007741,0.6104078762306611
32.333007551575605,0.6104078762306611
32.33710687930996,0.6104078762306611
32.34242462710925,0.6104078762306611
32.345301133804924,0.6104078762306611
32.345537500438795,0.6104078762306611
32.36532539725523,0.6132208157524613
32.365329193070274,0.6132208157524613
32.369309749990435,0.6132208157524613
32.37179082962384,0.6132208157524613
32.374240594160106,0.6132208157524613
32.387827316431505,0.6146272855133614
32.398082825697834,0.6146272855133614
32.40264971346076,0.6146272855133614
32.41210096628522,0.6146272855133614
32.41347415914447,0.6146272855133614
32.41704688356193,0.6160337552742616
32.42607482398416,0.6188466947960619
32.431432128128975,0.6188466947960619
32.43312300344152,0.6188466947960619
32.439769888726254,0.6188466947960619
32.47507210655941,0.620253164556962
32.47557984417389,0.620253164556962
32.484802259680194,0.6230661040787623
32.49004527574489,0.6230661040787623
32.49064436753279,0.6230661040787623
32.50531624044442,0.6230661040787623
32.50578945748918,0.6230661040787623
32.50649352228822,0.6230661040787623
32.52077204516298,0.6230661040787623
32.52352146856576,0.6230661040787623
32.52658648673256,0.6230661040787623
32.52843585075185,0.6230661040787623
32.531712414818536,0.6230661040787623
32.558529439595574,0.6230661040787623
32.565230597534864,0.6258790436005626
32.577178494728535,0.6258790436005626
32.57983538927262,0.6258790436005626
32.5815978568941,0.6258790436005626
32.582540020020815,0.6258790436005626
32.58587383962065,0.6258790436005626
32.588633484797874,0.6258790436005626
32.58870759291711,0.6258790436005626
32.5940377670113,0.6258790436005626
32.596341925149176,0.6258790436005626
32.59791972712819,0.6258790436005626
32.60150507327031,0.6272855133614628
32.606146283221825,0.6272855133614628
32.61673112868507,0.6272855133614628
32.62002350915519,0.6272855133614628
32.62299376816893,0.6272855133614628
32.62546025493655,0.6272855133614628
32.62686075571469,0.6272855133614628
32.64512594188351,0.6272855133614628
32.64550166940694,0.6272855133614628
32.654426311579066,0.6286919831223629
32.65603310147053,0.6286919831223629
32.65693410806032,0.6286919831223629
32.66652561116695,0.6286919831223629
32.672153382143485,0.6286919831223629
32.67240677779725,0.6286919831223629
32.67972373458579,0.6286919831223629
32.682458795470815,0.6286919831223629
32.686632362919404,0.630098452883263
32.688763626581235,0.630098452883263
32.68885394888778,0.630098452883263
32.68910679777456,0.630098452883263
32.71112600491235,0.630098452883263
32.71215721647478,0.630098452883263
32.71500774218674,0.630098452883263
32.71807184170238,0.6343178621659634
32.71913737055924,0.6343178621659634
32.72115153730322,0.6343178621659634
32.723810412532295,0.6357243319268636
32.72585534060454,0.6357243319268636
32.72637619018624,0.6357243319268636
32.73095429243279,0.6385372714486639
32.73867670092589,0.6385372714486639
32.74749909873802,0.639943741209564
32.7500769725548,0.639943741209564
32.76005310793577,0.639943741209564
32.761055950086735,0.639943741209564
32.76788365363336,0.639943741209564
32.77004430233087,0.6413502109704642
32.772113872509074,0.6413502109704642
32.77595273784959,0.6413502109704642
32.776997087021,0.6413502109704642
32.77723689556567,0.6413502109704642
32.781874816458775,0.6413502109704642
32.78378299526359,0.6413502109704642
32.78572917310996,0.6413502109704642
32.78750268589266,0.6413502109704642
32.787892921574375,0.6413502109704642
32.78892651065209,0.6413502109704642
32.78939575271016,0.6413502109704642
32.79261954481833,0.6413502109704642
32.793331049751096,0.6413502109704642
32.7993646992727,0.6427566807313643
32.80209279925514,0.6427566807313643
32.80605126906203,0.6441631504922645
32.80645043361257,0.6441631504922645
32.80676061266903,0.6441631504922645
32.81225001330024,0.6441631504922645
32.814153144333766,0.6441631504922645
32.815376624366124,0.6441631504922645
32.81769875225452,0.6441631504922645
32.818215514172216,0.6441631504922645
32.818418262496685,0.6441631504922645
32.81884876711019,0.6441631504922645
32.821557159035486,0.6441631504922645
32.825337260637525,0.6441631504922645
32.8260030065399,0.6441631504922645
32.82856639002294,0.6441631504922645
32.83272456907325,0.6483825597749648
32.8329590377176,0.6483825597749648
32.83301436461734,0.6483825597749648
32.83301833239111,0.6483825597749648
32.83467848140634,0.6483825597749648
32.83763297106028,0.6483825597749648
32.839964400886515,0.6483825597749648
32.84088641157223,0.6483825597749648
32.845565116893084,0.6483825597749648
32.85001503565993,0.6483825597749648
32.860649316049006,0.6497890295358649
32.86152445190323,0.6497890295358649
32.86270619587129,0.6497890295358649
32.87229182346453,0.6497890295358649
32.874305820998764,0.6497890295358649
32.8765332371412,0.6497890295358649
32.878071030861435,0.6497890295358649
32.878075861059656,0.6497890295358649
32.880386009755384,0.6511954992967651
32.8861157189233,0.6511954992967651
32.89208730627658,0.6511954992967651
32.89210898687432,0.6511954992967651
32.90061332744768,0.6526019690576652
32.90453313237694,0.6554149085794655
32.90887732427752,0.6554149085794655
32.912000023208854,0.6554149085794655
32.914262923801395,0.6554149085794655
32.91431792381509,0.6554149085794655
32.9149505134604,0.6554149085794655
32.92323994363079,0.6554149085794655
32.92487635329828,0.6554149085794655
32.92851044173355,0.6554149085794655
32.92872383048817,0.6554149085794655
32.932321843019785,0.6554149085794655
32.93466008553101,0.6554149085794655
32.93840219383716,0.6554149085794655
32.93978636633995,0.6554149085794655
32.9431647487001,0.6554149085794655
32.949635166848104,0.6554149085794655
32.95023923925933,0.6554149085794655
32.9541437670822,0.6554149085794655
32.961618330556334,0.6568213783403657
32.96301250252456,0.6582278481012658
32.964993655111286,0.6582278481012658
32.96547014767779,0.6582278481012658
32.97044834101385,0.6582278481012658
32.98159311218252,0.6582278481012658
32.983382449649376,0.6582278481012658
32.98545877713379,0.6582278481012658
32.98561241293332,0.6582278481012658
32.98575029097321,0.6582278481012658
32.98935372991447,0.6582278481012658
32.99280401182723,0.6582278481012658
32.996801886854804,0.6582278481012658
32.99712933157244,0.6582278481012658
32.99931849279352,0.6582278481012658
33.00705894545042,0.659634317862166
33.00856751192775,0.659634317862166
33.009928393669085,0.659634317862166
33.01189606242071,0.659634317862166
33.012547698212906,0.659634317862166
33.01422213255071,0.659634317862166
33.01859002194579,0.659634317862166
33.019281356190774,0.659634317862166
33.02197444910754,0.659634317862166
33.02644003153403,0.659634317862166
33.02695882445224,0.659634317862166
33.03409866626535,0.659634317862166
33.035976461915304,0.659634317862166
33.040482149609964,0.6610407876230661
33.04213543283612,0.6610407876230661
33.04341266076621,0.6610407876230661
33.04527951059963,0.6610407876230661
33.04866175136284,0.6610407876230661
33.050700940468104,0.6610407876230661
33.05511131665546,0.6610407876230661
33.06076244567732,0.6610407876230661
33.0627121861933,0.6610407876230661
33.06517758988678,0.6610407876230661
33.06695427032113,0.6610407876230661
33.068976665038875,0.6610407876230661
33.077896297965985,0.6610407876230661
33.07859811038119,0.6610407876230661
33.07993135540249,0.6610407876230661
33.08556250892104,0.6624472573839663
33.08965986364642,0.6624472573839663
33.09258955892337,0.6624472573839663
33.09817696592721,0.6624472573839663
33.10304746337943,0.6638537271448663
33.1033913302355,0.6638537271448663
33.10782502515148,0.6638537271448663
33.10794567261558,0.6638537271448663
33.108135060708314,0.6638537271448663
33.111137320249945,0.6638537271448663
33.11234007954216,0.6638537271448663
33.118022879099136,0.6638537271448663
33.11904698758315,0.6638537271448663
33.11944514272007,0.6638537271448663
33.120044806428226,0.6638537271448663
33.12486270935971,0.6638537271448663
33.125736497354424,0.6638537271448663
33.127994141207736,0.6638537271448663
33.128101393678165,0.6638537271448663
33.13205481559101,0.6652601969057665
33.132544424806845,0.6652601969057665
33.13699324091803,0.6666666666666666
33.13746151082782,0.6666666666666666
33.14378735565296,0.6680731364275668
33.14394962868692,0.6680731364275668
33.14646498615306,0.6680731364275668
33.14839602371734,0.6680731364275668
33.14879860428327,0.6680731364275668
33.14908327326973,0.6680731364275668
33.14912927747583,0.6680731364275668
33.15473761830502,0.6680731364275668
33.16255391158068,0.6680731364275668
33.16771079462139,0.6694796061884669
33.168723979141,0.6694796061884669
33.16892465444783,0.6694796061884669
33.17470777244906,0.6694796061884669
33.178989232856885,0.6694796061884669
33.17921900985768,0.6694796061884669
33.18474242326099,0.6694796061884669
33.186463134429005,0.6694796061884669
33.18719125793628,0.6694796061884669
33.1874957287726,0.6694796061884669
33.188656131785784,0.6694796061884669
33.19187646222948,0.6694796061884669
33.19934813638619,0.6694796061884669
33.201043123785915,0.6694796061884669
33.203599430596014,0.6694796061884669
33.20380652719112,0.6694796061884669
33.20677592719689,0.6694796061884669
33.20770649225896,0.6694796061884669
33.21607979385693,0.6694796061884669
33.21692763585223,0.6694796061884669
33.22776003205794,0.6694796061884669
33.23072212570176,0.6694796061884669
33.23588233978959,0.6694796061884669
33.23674656852019,0.6694796061884669
33.23764511047756,0.6694796061884669
33.24370150548627,0.6694796061884669
33.248423047267465,0.6694796061884669
33.251428671170466,0.6708860759493671
33.2569445157645,0.6708860759493671
33.26012503245468,0.6708860759493671
33.26524110751968,0.6708860759493671
33.26674466151756,0.6708860759493671
33.27126410678757,0.6708860759493671
33.27151951683688,0.6708860759493671
33.27307156364327,0.6708860759493671
33.27518809724408,0.6708860759493671
33.287175710401314,0.6708860759493671
33.29345136576663,0.6708860759493671
33.294855386207864,0.6708860759493671
33.29874518476288,0.6708860759493671
33.29950990398076,0.6722925457102672
33.3009530954477,0.6722925457102672
33.30819611585514,0.6722925457102672
33.31133647989488,0.6722925457102672
33.3187519451501,0.6722925457102672
33.31971952480205,0.6722925457102672
33.32014982818077,0.6722925457102672
33.3229138701907,0.6722925457102672
33.323426183656856,0.6722925457102672
33.323692972310894,0.6722925457102672
33.325750297133204,0.6722925457102672
33.32705147951208,0.6722925457102672
33.328142534332194,0.6722925457102672
33.32838560690257,0.6722925457102672
33.338098307343,0.6722925457102672
33.33922084182728,0.6722925457102672
33.340014060222344,0.6722925457102672
33.34127041744724,0.6722925457102672
33.34216239768129,0.6722925457102672
33.342353695824364,0.6722925457102672
33.343226713728576,0.6722925457102672
33.343785381884224,0.6722925457102672
33.35165004061845,0.6736990154711674
33.3531887858011,0.6751054852320675
33.35645801565992,0.6751054852320675
33.35880605061741,0.6751054852320675
33.36639579153306,0.6751054852320675
33.367521586042066,0.6751054852320675
33.367688718533074,0.6751054852320675
33.368688691432354,0.6751054852320675
33.37577255119168,0.6765119549929677
33.377117549772045,0.6765119549929677
33.387101405810114,0.6779184247538678
33.38918833633398,0.6779184247538678
33.389371500034294,0.6779184247538678
33.391567823658285,0.6779184247538678
33.39236898627894,0.6779184247538678
33.394157140485184,0.6779184247538678
33.39855349352087,0.6779184247538678
33.40107124860987,0.6779184247538678
33.40230396734641,0.6779184247538678
33.40318155037203,0.6779184247538678
33.40722817731793,0.679324894514768
33.40790383078513,0.679324894514768
33.40932745371238,0.680731364275668
33.41075324980163,0.680731364275668
33.41081973902959,0.680731364275668
33.41279720160663,0.680731364275668
33.41665858253209,0.6821378340365682
33.41898451643701,0.6821378340365682
33.42453064854055,0.6821378340365682
33.42475921002523,0.6821378340365682
33.42899759053214,0.6821378340365682
33.43135763554644,0.6821378340365682
33.43158606098192,0.6821378340365682
33.43276851331069,0.6821378340365682
33.433311805426165,0.6821378340365682
33.43364035468289,0.6821378340365682
33.43720385852899,0.6821378340365682
33.437273917844664,0.6821378340365682
33.43733737606836,0.6821378340365682
33.44456890172641,0.6835443037974683
33.44532375234251,0.6835443037974683
33.456380365297825,0.6849507735583685
33.461561056528474,0.6849507735583685
33.466650552528584,0.6849507735583685
33.46933034694922,0.6863572433192686
33.47076848354625,0.6863572433192686
33.47354685640605,0.6863572433192686
33.482752909882635,0.6877637130801688
33.48413518545131,0.6877637130801688
33.485054711414584,0.6877637130801688
33.49114784587517,0.6877637130801688
33.49392664038153,0.6877637130801688
33.49436549918939,0.6877637130801688
33.49445976958614,0.6877637130801688
33.49581857813777,0.6877637130801688
33.49997653958324,0.6877637130801688
33.504460696892814,0.6905766526019691
33.505274358952285,0.6905766526019691
33.505460502721775,0.6905766526019691
33.507012840377826,0.6905766526019691
33.50912421721796,0.6905766526019691
33.510885799836544,0.6905766526019691
33.512395604272776,0.6905766526019691
33.51342207021986,0.6905766526019691
33.51464224336945,0.6905766526019691
33.515061788855654,0.6905766526019691
33.51527871539431,0.6905766526019691
33.51596438610591,0.6905766526019691
33.519594268754986,0.6905766526019691
33.520813536794215,0.6905766526019691
33.526308660355646,0.6905766526019691
33.54185442551091,0.6919831223628692
33.54257289894686,0.6919831223628692
33.54519736355599,0.6919831223628692
33.54680799473212,0.6919831223628692
33.55365915288356,0.6933895921237694
33.56201638941501,0.6933895921237694
33.56470732006689,0.6933895921237694
33.56571035731326,0.6933895921237694
33.56670309818124,0.6962025316455697
33.56695052316652,0.6962025316455697
33.57077405204055,0.6962025316455697
33.57083040413427,0.6962025316455697
33.57142474681702,0.6962025316455697
33.57290876194296,0.6962025316455697
33.573572105865075,0.6962025316455697
33.57883537104457,0.6962025316455697
33.581970560243846,0.69901547116737
33.59236635836501,0.70042194092827
33.592485970044415,0.70042194092827
33.595140609948864,0.70042194092827
33.59620151983991,0.70042194092827
33.59732246768816,0.70042194092827
33.6045087795458,0.70042194092827
33.61264700680062,0.70042194092827
33.61543367748513,0.7018284106891702
33.62306188661816,0.7032348804500703
33.62575865351171,0.7032348804500703
33.62651043889082,0.7032348804500703
33.6266041510845,0.7032348804500703
33.62727123349303,0.7032348804500703
33.62985418086436,0.7060478199718706
33.63091957377997,0.7060478199718706
33.637212503671925,0.7088607594936709
33.63732130718334,0.7088607594936709
33.638201343452685,0.7088607594936709
33.63879183508103,0.7088607594936709
33.639037622088814,0.7088607594936709
33.642579553750394,0.7088607594936709
33.64331420666152,0.7088607594936709
33.649651994463554,0.7088607594936709
33.651717351102725,0.7088607594936709
33.65300464721949,0.7088607594936709
33.65707398579917,0.7088607594936709
33.657550219733565,0.7088607594936709
33.65820649797217,0.7088607594936709
33.66406072630762,0.7088607594936709
33.667048442850266,0.7088607594936709
33.66713501250557,0.7088607594936709
33.66798203452243,0.7088607594936709
33.66875198302133,0.7088607594936709
33.66925073589096,0.7088607594936709
33.669844216309244,0.7088607594936709
33.67566883163962,0.710267229254571
33.676374677981386,0.710267229254571
33.68072116303423,0.710267229254571
33.681516251512654,0.710267229254571
33.68304949258563,0.710267229254571
33.685091102470125,0.7116736990154712
33.69002811906354,0.7116736990154712
33.69114209077195,0.7116736990154712
33.6932988601852,0.7116736990154712
33.69349709012906,0.7116736990154712
33.69904888987659,0.7116736990154712
33.700131534406474,0.7116736990154712
33.70155949205675,0.7116736990154712
33.70171353021122,0.7116736990154712
33.70202069211029,0.7116736990154712
33.70291530071797,0.7116736990154712
33.704342117130835,0.7116736990154712
33.705310397456735,0.7116736990154712
33.7072398368686,0.7116736990154712
33.70784431165075,0.7116736990154712
33.712789689602026,0.7130801687763713
33.71366706259269,0.7130801687763713
33.71370896348873,0.7130801687763713
33.71565047804277,0.7130801687763713
33.717820774825405,0.7144866385372715
33.719254341419195,0.7158931082981715
33.720843437852835,0.7158931082981715
33.723024022964864,0.7158931082981715
33.728223171632315,0.7158931082981715
33.72846794929379,0.7158931082981715
33.72945798264117,0.7158931082981715
33.73159153452973,0.7158931082981715
33.737689305943654,0.7172995780590717
33.73789199866569,0.7172995780590717
33.73939688586472,0.7172995780590717
33.74061440619265,0.7172995780590717
33.74475757382613,0.7172995780590717
33.74723014230211,0.7187060478199718
33.748573756334885,0.7187060478199718
33.7570219899845,0.7187060478199718
33.75734010970932,0.7187060478199718
33.75753399650555,0.7187060478199718
33.75789547433969,0.7187060478199718
33.760706375136685,0.7187060478199718
33.765101120619434,0.7215189873417721
33.769904275153586,0.7215189873417721
33.77028754182722,0.7215189873417721
33.77073250888118,0.7215189873417721
33.772316791632385,0.7215189873417721
33.77439487267759,0.7215189873417721
33.77508057500856,0.7215189873417721
33.77707356258632,0.7215189873417721
33.77726835136042,0.7215189873417721
33.77809333721078,0.7215189873417721
33.78211157707738,0.7215189873417721
33.782422640894126,0.7215189873417721
33.79226967202331,0.7215189873417721
33.79366096066503,0.7215189873417721
33.797119206092894,0.7215189873417721
33.79735259211573,0.7215189873417721
33.798817615204136,0.7215189873417721
33.803465753352896,0.7215189873417721
33.806954390959724,0.7215189873417721
33.80947804112879,0.7215189873417721
33.80959622114777,0.7215189873417721
33.81732840811609,0.7229254571026723
33.819779456480084,0.7229254571026723
33.82162394902982,0.7229254571026723
33.82224798222884,0.7229254571026723
33.82855050710637,0.7243319268635724
33.83329670862073,0.7243319268635724
33.83504471785713,0.7257383966244726
33.837350305474246,0.7257383966244726
33.837684818331844,0.7257383966244726
33.839298932691065,0.7257383966244726
33.85588980657162,0.7285513361462729
33.856729445029764,0.7285513361462729
33.85719687603606,0.7285513361462729
33.86597978079569,0.7285513361462729
33.86650246456852,0.7285513361462729
33.869047278150305,0.7285513361462729
33.86986386490131,0.7285513361462729
33.87096572219719,0.7285513361462729
33.87330600505285,0.7313642756680732
33.87602874124995,0.7313642756680732
33.87856160969071,0.7327707454289732
33.87907471197817,0.7327707454289732
33.88145333371091,0.7327707454289732
33.88887159761684,0.7327707454289732
33.889126511343946,0.7327707454289732
33.89192296759816,0.7327707454289732
33.896803089214224,0.7327707454289732
33.89709575433929,0.7327707454289732
33.90713669018707,0.7327707454289732
33.912798146243645,0.7341772151898734
33.91354139313157,0.7341772151898734
33.91376096409992,0.7341772151898734
33.91559999581552,0.7355836849507735
33.91810652944789,0.7355836849507735
33.91910555398814,0.7355836849507735
33.92294968502545,0.7355836849507735
33.924178808016286,0.7355836849507735
33.93147959982941,0.7369901547116737
33.93287947326152,0.7369901547116737
33.939375061478444,0.7369901547116737
33.94038786346898,0.7369901547116737
33.94065423490352,0.7369901547116737
33.94121618823868,0.7369901547116737
33.94186609010668,0.7369901547116737
33.94545549356516,0.7369901547116737
33.94585119983626,0.7369901547116737
33.94633598580795,0.7369901547116737
33.94920576315317,0.7369901547116737
33.954739802979745,0.7369901547116737
33.957113541048706,0.7369901547116737
33.96060271211306,0.7369901547116737
33.96156450000597,0.7369901547116737
33.96176763597306,0.7369901547116737
33.96404975050508,0.7369901547116737
33.96736928407617,0.7369901547116737
33.97094286634246,0.7383966244725738
33.97119441178068,0.7383966244725738
33.97422301716118,0.7383966244725738
33.9742512095684,0.7383966244725738
33.9751859499642,0.7383966244725738
33.97618924204982,0.7383966244725738
33.97676338515489,0.7383966244725738
33.977242081719815,0.7383966244725738
33.98078471619379,0.7383966244725738
33.98480385955477,0.7383966244725738
33.9875222894992,0.7383966244725738
33.987950753495326,0.7383966244725738
33.991438676478815,0.739803094233474
33.99166034961925,0.739803094233474
33.992266845020175,0.739803094233474
33.99289931403733,0.739803094233474
33.99538311552271,0.739803094233474
33.99539092762452,0.739803094233474
33.99911010002339,0.739803094233474
34.00056854944565,0.739803094233474
34.00115202691539,0.739803094233474
34.00338316434699,0.739803094233474
34.003423192653145,0.739803094233474
34.00350310563274,0.739803094233474
34.00386620439717,0.739803094233474
34.00952998228804,0.739803094233474
34.01362861720062,0.739803094233474
34.0171556459828,0.739803094233474
34.019336879666255,0.7412095639943741
34.023390316181434,0.7412095639943741
34.02606189339047,0.7412095639943741
34.02705010708762,0.7412095639943741
34.02716153500637,0.7412095639943741
34.02800077099153,0.7412095639943741
34.030273548851206,0.7412095639943741
34.032691184512885,0.7412095639943741
34.03269718773715,0.7412095639943741
34.03319783569817,0.7412095639943741
34.0352364802506,0.7412095639943741
34.03537683196529,0.7412095639943741
34.036311354769936,0.7412095639943741
34.037697380546064,0.7412095639943741
34.04003033428022,0.7412095639943741
34.041702615568305,0.7412095639943741
34.04170449033215,0.7412095639943741
34.04836178883307,0.7412095639943741
34.049707249588806,0.7412095639943741
34.05153874799378,0.7412095639943741
34.053490781143395,0.7412095639943741
34.05401123513575,0.7412095639943741
34.05585069056833,0.7412095639943741
34.06035159928783,0.7412095639943741
34.063100781397345,0.7440225035161744
34.06353499588992,0.7440225035161744
34.068011485381774,0.7440225035161744
34.06917272302317,0.7454289732770746
34.06927710858218,0.7454289732770746
34.06982000066513,0.7454289732770746
34.072757211176025,0.7454289732770746
34.074014303716005,0.7454289732770746
34.0746783682199,0.7454289732770746
34.076124516483624,0.7454289732770746
34.08340506877272,0.7468354430379747
34.08362455342413,0.7468354430379747
34.08669749691565,0.7468354430379747
34.087176286668324,0.7468354430379747
34.09143580736032,0.7482419127988749
34.09172516215248,0.7482419127988749
34.094158023894686,0.7482419127988749
34.095650317760395,0.7482419127988749
34.09749768532556,0.7482419127988749
34.09857610490915,0.7482419127988749
34.10117033507722,0.7482419127988749
34.101741682105,0.7482419127988749
34.103025497878434,0.749648382559775
34.10315296741695,0.749648382559775
34.10706657008233,0.749648382559775
34.10848947466579,0.749648382559775
34.11130210526459,0.749648382559775
34.11152022503775,0.749648382559775
34.1117324397942,0.749648382559775
34.11227095487495,0.749648382559775
34.11258268664215,0.749648382559775
34.116902688528896,0.749648382559775
34.12206716898082,0.7510548523206751
34.123068502227646,0.7510548523206751
34.12466581225748,0.7510548523206751
34.12768259195538,0.7510548523206751
34.130278672186186,0.7510548523206751
34.13206172307949,0.7510548523206751
34.133962910013715,0.7510548523206751
34.13419430619818,0.7510548523206751
34.13494870129384,0.7510548523206751
34.139382066272404,0.7510548523206751
34.1409841175944,0.7510548523206751
34.14140943336127,0.7510548523206751
34.14314601897,0.7510548523206751
34.14371925799291,0.7510548523206751
34.14389600002232,0.7510548523206751
34.14457038193695,0.7510548523206751
34.1464235628861,0.7510548523206751
34.146585829549835,0.7510548523206751
34.14757320669453,0.7510548523206751
34.14995368698917,0.7510548523206751
34.150083529902176,0.7510548523206751
34.157329294041496,0.7510548523206751
34.15760600915819,0.7510548523206751
34.15881136638911,0.7510548523206751
34.1595207994478,0.7510548523206751
34.16352319730871,0.7510548523206751
34.16458226844452,0.7510548523206751
34.16469379256,0.7510548523206751
34.168175062254214,0.7510548523206751
34.171315715138455,0.7510548523206751
34.17570852356247,0.7510548523206751
34.1772420995992,0.7510548523206751
34.18069712865087,0.7510548523206751
34.18237242451533,0.7510548523206751
34.184795232704936,0.7510548523206751
34.190467009473075,0.7524613220815752
34.191996528938645,0.7524613220815752
34.19482796268855,0.7524613220815752
34.19530146555144,0.7524613220815752
34.19617227804254,0.7524613220815752
34.1968636995957,0.7524613220815752
34.20093436902636,0.7524613220815752
34.20529678391598,0.7524613220815752
34.20582617125036,0.7524613220815752
34.20587762121408,0.7524613220815752
34.206055659802466,0.7524613220815752
34.20788335862393,0.7524613220815752
34.20799988402804,0.7524613220815752
34.208917651966495,0.7524613220815752
34.2090120001989,0.7524613220815752
34.209277098910064,0.7524613220815752
34.212292569317086,0.7524613220815752
34.21927296233139,0.7538677918424754
34.22069841834047,0.7538677918424754
34.22196361373777,0.7538677918424754
34.224589679408275,0.7552742616033755
34.22497580344461,0.7552742616033755
34.229666426092415,0.7552742616033755
34.23124552499801,0.7580872011251758
34.23424596215778,0.7580872011251758
34.23587995347077,0.7580872011251758
34.23723401030518,0.7580872011251758
34.24104641882391,0.7580872011251758
34.24340629139044,0.759493670886076
34.2447480336504,0.759493670886076
34.24500011855596,0.759493670886076
34.256734827883776,0.759493670886076
34.256784721680035,0.759493670886076
34.25755925943102,0.759493670886076
34.26002178350766,0.759493670886076
34.261248158568534,0.759493670886076
34.26606066248741,0.7609001406469761
34.266254278022416,0.7609001406469761
34.267705242912974,0.7609001406469761
34.26874388809764,0.7609001406469761
34.27200817683772,0.7609001406469761
34.2739609489748,0.7609001406469761
34.275295010963724,0.7609001406469761
34.27674938393895,0.7609001406469761
34.27807872967533,0.7623066104078763
34.27830401506545,0.7623066104078763
34.27886382220969,0.7623066104078763
34.28013208993705,0.7623066104078763
34.28295115306158,0.7623066104078763
34.286191963260976,0.7623066104078763
34.28688214803499,0.7623066104078763
34.28809274185413,0.7623066104078763
34.28858329263339,0.7623066104078763
34.29189887779661,0.7665260196905767
34.29297604308165,0.7665260196905767
34.2949868629442,0.7665260196905767
34.29581508907624,0.7665260196905767
34.29653180919797,0.7665260196905767
34.300169939106624,0.7665260196905767
34.30128669871479,0.7665260196905767
34.30257386153724,0.7665260196905767
34.305520704461905,0.7665260196905767
34.305918480555995,0.7665260196905767
34.30686094379981,0.7665260196905767
34.307324390566336,0.7665260196905767
34.30787707728301,0.7665260196905767
34.31115660538211,0.7665260196905767
34.31425231134122,0.7665260196905767
34.31465163611566,0.7665260196905767
34.31721313286388,0.7665260196905767
34.319700793911984,0.7679324894514767
34.31971401651758,0.7679324894514767
34.32109164714253,0.7679324894514767
34.32164879922458,0.7679324894514767
34.32583089952723,0.7679324894514767
34.32745537412919,0.7679324894514767
34.327633272292985,0.7679324894514767
34.3277703331822,0.7679324894514767
34.32971019194537,0.7693389592123769
34.331564725607905,0.7693389592123769
34.33263890392601,0.770745428973277
34.3347677282153,0.770745428973277
34.33481100826908,0.770745428973277
34.336095274816785,0.770745428973277
34.3371340909868,0.770745428973277
34.33853935561727,0.770745428973277
34.34095819504512,0.770745428973277
34.3439034663625,0.770745428973277
34.34618742125375,0.770745428973277
34.35265264960879,0.770745428973277
34.35516711571913,0.770745428973277
34.35637091911227,0.770745428973277
34.35754818144871,0.770745428973277
34.35776664264714,0.770745428973277
34.36108291849572,0.770745428973277
34.361724426822974,0.770745428973277
34.362602655342776,0.770745428973277
34.36377838717793,0.770745428973277
34.36428988030065,0.770745428973277
34.371890652029165,0.7721518987341772
34.373258887703734,0.7721518987341772
34.373969065680576,0.7721518987341772
34.37642329774109,0.7721518987341772
34.37834760178406,0.7721518987341772
34.37883188904737,0.7721518987341772
34.3789954087554,0.7721518987341772
34.382266220708104,0.7721518987341772
34.38354890316423,0.7721518987341772
34.38470075994487,0.7721518987341772
34.38831536920583,0.7721518987341772
34.38940174174647,0.7721518987341772
34.39227996477373,0.7721518987341772
34.39239017103162,0.7721518987341772
34.39320243979878,0.7721518987341772
34.39703206748163,0.7721518987341772
34.39716333190115,0.7721518987341772
34.39810624112647,0.7721518987341772
34.39859156295701,0.7721518987341772
34.39883671317374,0.7721518987341772
34.40180716308677,0.7721518987341772
34.40296556630365,0.7721518987341772
34.40345896404987,0.7721518987341772
34.407720610522624,0.7735583684950773
34.409891219911565,0.7735583684950773
34.41100252179688,0.7735583684950773
34.41255854360036,0.7735583684950773
34.41484217350335,0.7735583684950773
34.41696045522219,0.7735583684950773
34.42187068915885,0.7777777777777778
34.42352259467439,0.7777777777777778
34.42438889378941,0.7777777777777778
34.42482711946648,0.7777777777777778
34.431254909104155,0.7777777777777778
34.43230191181687,0.7777777777777778
34.43435856086631,0.7777777777777778
34.439354410221426,0.7777777777777778
34.44280455064511,0.7777777777777778
34.44496136198809,0.7777777777777778
34.4453479628611,0.7777777777777778
34.45001947479764,0.7777777777777778
34.4501079902326,0.7777777777777778
34.45033220484693,0.7777777777777778
34.45428702939508,0.7805907172995781
34.45788757839259,0.7805907172995781
34.45820603231412,0.7805907172995781
34.45887005483566,0.7805907172995781
34.46063147298656,0.7805907172995781
34.46085326866112,0.7805907172995781
34.46119964745989,0.7805907172995781
34.46219936476016,0.7805907172995781
34.462493546523696,0.7805907172995781
34.46434094592978,0.7805907172995781
34.464952113976004,0.7805907172995781
34.46682476300577,0.7805907172995781
34.47421480793186,0.7819971870604782
34.47578456840318,0.7819971870604782
34.48085728794416,0.7819971870604782
34.483069196926515,0.7819971870604782
34.483915973119814,0.7819971870604782
34.48473659194958,0.7819971870604782
34.484830821158724,0.7819971870604782
34.48952413858726,0.7834036568213784
34.49083282122725,0.7834036568213784
34.494025757565765,0.7862165963431786
34.495757506676505,0.7862165963431786
34.498190036655565,0.7862165963431786
34.50427956396009,0.7876230661040787
34.505270932884216,0.7876230661040787
34.50588402885254,0.7876230661040787
34.50820348698333,0.7876230661040787
34.50875032662835,0.7876230661040787
34.51322188674663,0.7876230661040787
34.51374666144608,0.7876230661040787
34.514428476665,0.7876230661040787
34.51534752450438,0.7876230661040787
34.51603208091512,0.7876230661040787
34.519507403697595,0.7890295358649789
34.52049703629485,0.7890295358649789
34.52515636572899,0.790436005625879
34.52572395407801,0.790436005625879
34.5285981134087,0.790436005625879
34.52876122184867,0.790436005625879
34.52877109309934,0.790436005625879
34.530451087169766,0.790436005625879
34.53204918760183,0.790436005625879
34.53444765422763,0.790436005625879
34.53491541887937,0.790436005625879
34.53804741645838,0.790436005625879
34.54235467901078,0.790436005625879
34.54409351114388,0.790436005625879
34.546036906025144,0.790436005625879
34.55076858656546,0.790436005625879
34.5509730982352,0.790436005625879
34.55334979308479,0.7918424753867792
34.55389115457071,0.7918424753867792
34.55574632625831,0.7918424753867792
34.55763506637552,0.7918424753867792
34.558564955735186,0.7932489451476793
34.56006508614263,0.7932489451476793
34.56094271935421,0.7932489451476793
34.56311666176941,0.7932489451476793
34.56456835712939,0.7932489451476793
34.56480165381491,0.7932489451476793
34.56552922731193,0.7932489451476793
34.5656940827438,0.7932489451476793
34.566017934417395,0.7932489451476793
34.568222859169815,0.7932489451476793
34.57015685853972,0.7932489451476793
34.57119708676963,0.7932489451476793
34.57246817020168,0.7946554149085795
34.57348289545731,0.7946554149085795
34.574691763484374,0.7946554149085795
34.57610108353946,0.7946554149085795
34.57649025811829,0.7946554149085795
34.57770201552248,0.7946554149085795
34.5805623594717,0.7946554149085795
34.58122014905821,0.7946554149085795
34.58251903556823,0.7960618846694796
34.58272640631107,0.7960618846694796
34.58352603700032,0.7960618846694796
34.58828873250793,0.7960618846694796
34.58885922433841,0.7960618846694796
34.58988912882474,0.7960618846694796
34.59237857281813,0.7960618846694796
34.59320155114574,0.7960618846694796
34.59888500574019,0.7960618846694796
34.59888774038829,0.7960618846694796
34.599024025079835,0.7960618846694796
34.601724707655585,0.7960618846694796
34.60262995900894,0.7960618846694796
34.602959224859134,0.7960618846694796
34.60353575941644,0.7960618846694796
34.606439497196895,0.7960618846694796
34.60862904344527,0.7960618846694796
34.61011535675987,0.7960618846694796
34.61013555625583,0.7960618846694796
34.61299772109574,0.7960618846694796
34.61381515135521,0.7960618846694796
34.61474964599247,0.7960618846694796
34.61507113783519,0.7960618846694796
34.61583342433462,0.7960618846694796
34.61586325134559,0.7960618846694796
34.61852239023915,0.7960618846694796
34.6200458441208,0.7960618846694796
34.62016566874468,0.7960618846694796
34.62134209675409,0.7960618846694796
34.621670605313795,0.7988748241912799
34.622193687169656,0.7988748241912799
34.62303629168156,0.7988748241912799
34.623350353947835,0.7988748241912799
34.62445188174513,0.7988748241912799
34.626416830668674,0.8002812939521801
34.6318975898374,0.8002812939521801
34.634497550541006,0.8002812939521801
34.635617716149525,0.8002812939521801
34.637384768161795,0.8002812939521801
34.63808004279424,0.8002812939521801
34.63977866521617,0.8002812939521801
34.641895347128404,0.8002812939521801
34.64210500892169,0.8002812939521801
34.64290684553018,0.8002812939521801
34.64380521237376,0.8002812939521801
34.644774551039866,0.8002812939521801
34.648330973052445,0.8002812939521801
34.651316782687466,0.8002812939521801
34.65457508414508,0.8030942334739803
34.65503605153439,0.8030942334739803
34.657423326896065,0.8030942334739803
34.658142736210934,0.8030942334739803
34.660208501494594,0.8030942334739803
34.662624310287626,0.8030942334739803
34.66443623422191,0.8030942334739803
34.669436127477375,0.8059071729957806
34.67055233288832,0.8059071729957806
34.67147340017288,0.8059071729957806
34.67313827040644,0.8059071729957806
34.67519014376816,0.8059071729957806
34.67593106104748,0.8059071729957806
34.676712324961045,0.8059071729957806
34.6771960437082,0.8059071729957806
34.67726617126589,0.8059071729957806
34.679276774133776,0.8059071729957806
34.679496799563715,0.8059071729957806
34.68151990534242,0.8059071729957806
34.68601792544847,0.8059071729957806
34.68638558605982,0.8059071729957806
34.68721289338045,0.810126582278481
34.68783736062751,0.810126582278481
34.689644387418475,0.810126582278481
34.690331541872304,0.810126582278481
34.69073872437968,0.810126582278481
34.69084479999017,0.810126582278481
34.69187141499587,0.810126582278481
34.6922408221107,0.810126582278481
34.69359510755808,0.810126582278481
34.695777055473,0.810126582278481
34.697958292273135,0.810126582278481
34.7015605937465,0.810126582278481
34.703129223012695,0.810126582278481
34.70475534748262,0.810126582278481
34.715320806623204,0.8115330520393812
34.71810363377476,0.8115330520393812
34.721482273382215,0.8115330520393812
34.72171523590402,0.8115330520393812
34.72275465452834,0.8115330520393812
34.73025917002337,0.8115330520393812
34.732666936564115,0.8115330520393812
34.73458056244675,0.8115330520393812
34.736504259427164,0.8115330520393812
34.7372547953657,0.8115330520393812
34.73757481641237,0.8115330520393812
34.7379368595894,0.8115330520393812
34.73914244955054,0.8115330520393812
34.7406302159059,0.8115330520393812
34.74096281538427,0.8115330520393812
34.74301670701965,0.8115330520393812
34.74408485659523,0.8115330520393812
34.7486573847146,0.8129395218002813
34.75108859518646,0.8129395218002813
34.754733974328694,0.8129395218002813
34.757894458219255,0.8143459915611815
34.758934394072085,0.8143459915611815
34.759247198631485,0.8143459915611815
34.76027127558496,0.8157524613220816
34.761205759846845,0.8157524613220816
34.763875447840896,0.8185654008438819
34.76463138228863,0.8185654008438819
34.76554259649631,0.8185654008438819
34.76667869898052,0.8185654008438819
34.76719769333487,0.8185654008438819
34.77018264057268,0.819971870604782
34.77246262337628,0.819971870604782
34.7740912940514,0.819971870604782
34.77416429094117,0.819971870604782
34.776271600993866,0.8213783403656821
34.77760732509858,0.8213783403656821
34.78201699096741,0.8227848101265823
34.78329670478791,0.8241912798874824
34.783498962638966,0.8241912798874824
34.783499157975264,0.8241912798874824
34.78497884440165,0.8241912798874824
34.78720971369288,0.8241912798874824
34.78804476126702,0.8241912798874824
34.79023916415632,0.8255977496483825
34.79340207491675,0.8255977496483825
34.7945320037245,0.8255977496483825
34.79544721366836,0.8255977496483825
34.795738820051504,0.8255977496483825
34.797043415326385,0.8255977496483825
34.797736634459525,0.8255977496483825
34.798782676730234,0.8255977496483825
34.80245074175047,0.8270042194092827
34.80280822123174,0.8270042194092827
34.80346435214278,0.8270042194092827
34.80481765270135,0.8270042194092827
34.80633660707337,0.8270042194092827
34.8087456242189,0.8270042194092827
34.81300459733592,0.8270042194092827
34.813742593983186,0.8270042194092827
34.81387432669908,0.8270042194092827
34.81583652348958,0.8270042194092827
34.81763503523335,0.8270042194092827
34.82201912307857,0.8270042194092827
34.82403740696673,0.8270042194092827
34.824875443820176,0.8270042194092827
34.82947545536877,0.8270042194092827
34.83069547671099,0.8270042194092827
34.83190650911789,0.8270042194092827
34.83345722846588,0.8270042194092827
34.8362226522961,0.8270042194092827
34.836787977037936,0.8270042194092827
34.83895194250593,0.8284106891701828
34.841485367521095,0.829817158931083
34.84211996418645,0.829817158931083
34.84387722991305,0.829817158931083
34.844196020217964,0.829817158931083
34.85072737612396,0.829817158931083
34.86191280344077,0.8312236286919831
34.86239889112608,0.8312236286919831
34.865224139364734,0.8312236286919831
34.86650944257118,0.8312236286919831
34.871537236403526,0.8312236286919831
34.87750269996546,0.8312236286919831
34.880302446025745,0.8312236286919831
34.886159655275726,0.8326300984528833
34.88700001217994,0.8326300984528833
34.887931249885014,0.8326300984528833
34.88958808289497,0.8326300984528833
34.89001413713694,0.8326300984528833
34.89218635631138,0.8326300984528833
34.89691368579127,0.8326300984528833
34.8971463738318,0.8326300984528833
34.90819363848559,0.8326300984528833
34.90953075638015,0.8326300984528833
34.91073804275844,0.8326300984528833
34.911908908011334,0.8326300984528833
34.91605495352869,0.8326300984528833
34.91910558572591,0.8326300984528833
34.92737915511091,0.8326300984528833
34.927695884517924,0.8326300984528833
34.929251583588226,0.8326300984528833
34.935823733611095,0.8340365682137834
34.947150585259564,0.8354430379746836
34.9471855248592,0.8354430379746836
34.96248544096299,0.8354430379746836
34.967171876890895,0.8368495077355836
34.96817299703003,0.8368495077355836
34.97149590016795,0.8368495077355836
34.97180230012551,0.8368495077355836
34.97368603776909,0.8368495077355836
34.97481286183274,0.8368495077355836
34.978797544772846,0.8368495077355836
34.98175524344336,0.8368495077355836
34.98414320581857,0.8368495077355836
34.991493255577105,0.8396624472573839
34.99196980217032,0.8396624472573839
34.9962639633479,0.8396624472573839
34.9963385319359,0.8396624472573839
34.99822178909552,0.8396624472573839
35.00924078639852,0.8424753867791842
35.01789025026513,0.8452883263009845
35.0185603687132,0.8452883263009845
35.02981281157348,0.8466947960618847
35.030250186136634,0.8466947960618847
35.03775390149804,0.8466947960618847
35.0397742815643,0.8466947960618847
35.042272050771544,0.8466947960618847
35.042380823328024,0.8466947960618847
35.043094408919515,0.8481012658227848
35.04450095212829,0.8481012658227848
35.04575340296762,0.8481012658227848
35.046314988369446,0.8481012658227848
35.046940441022905,0.8481012658227848
35.049301773616435,0.849507735583685
35.05461745230933,0.849507735583685
35.05498721094909,0.849507735583685
35.05887785201355,0.849507735583685
35.067362158063226,0.8509142053445851
35.06957979408634,0.8509142053445851
35.07302348920625,0.8509142053445851
35.073517391901355,0.8509142053445851
35.0787773415309,0.8509142053445851
35.0801965632427,0.8509142053445851
35.082636045725785,0.8523206751054853
35.08405410183821,0.8523206751054853
35.08488889851848,0.8523206751054853
35.085568504093466,0.8523206751054853
35.088370372024244,0.8523206751054853
35.090030279072586,0.8537271448663853
35.09170302061554,0.8537271448663853
35.09319734600003,0.8537271448663853
35.09361018752589,0.8537271448663853
35.096262229999,0.8579465541490858
35.10098512765248,0.8579465541490858
35.10196434992165,0.8579465541490858
35.108888791475216,0.8593530239099859
35.113168971534265,0.8607594936708861
35.11424933983952,0.8621659634317862
35.119976176211225,0.8635724331926864
35.12724274192691,0.8635724331926864
35.13312329648547,0.8649789029535865
35.13379075823586,0.8649789029535865
35.13400272575953,0.8649789029535865
35.136617741403555,0.8649789029535865
35.14009820581563,0.8649789029535865
35.14654793133194,0.8649789029535865
35.14884757493007,0.8649789029535865
35.150065008312644,0.8649789029535865
35.152244022301105,0.8649789029535865
35.15947552172477,0.8649789029535865
35.15996401740001,0.8649789029535865
35.16279201278242,0.8649789029535865
35.1671491114954,0.8649789029535865
35.16724114358933,0.8649789029535865
35.17016047075892,0.8663853727144867
35.17566299247061,0.8677918424753868
35.18444673853629,0.8677918424753868
35.1894391807194,0.8677918424753868
35.19622800369872,0.869198312236287
35.198050758976386,0.869198312236287
35.20061698822184,0.869198312236287
35.20473023622176,0.869198312236287
35.20620017080648,0.870604781997187
35.20734280636414,0.870604781997187
35.207344019650485,0.870604781997187
35.207456476894656,0.870604781997187
35.20905040065159,0.870604781997187
35.20916434045541,0.870604781997187
35.21287679653049,0.8720112517580872
35.21305380728086,0.8720112517580872
35.21447947154092,0.8720112517580872
35.214856425402,0.8720112517580872
35.21525914353738,0.8720112517580872
35.21908364571859,0.8720112517580872
35.220958606182315,0.8720112517580872
35.22556899082251,0.8720112517580872
35.22577053559956,0.8720112517580872
35.227069337682906,0.8720112517580872
35.22730343776387,0.8720112517580872
35.228125690924735,0.8720112517580872
35.228396479776144,0.8720112517580872
35.23354587995077,0.8720112517580872
35.238420202077016,0.8720112517580872
35.2423491062255,0.8734177215189873
35.243373535342535,0.8748241912798875
35.24981763062698,0.8748241912798875
35.2511836034207,0.8748241912798875
35.25199946559304,0.8748241912798875
35.256633773293494,0.8748241912798875
35.26663236984303,0.8748241912798875
35.26753912836374,0.8762306610407876
35.26791167958751,0.8762306610407876
35.2679950706722,0.8762306610407876
35.268690211180335,0.8762306610407876
35.27012890607699,0.8762306610407876
35.27020820679631,0.8762306610407876
35.270388811802334,0.8762306610407876
35.270873070630614,0.8762306610407876
35.27396475191036,0.8762306610407876
35.27472782115752,0.8762306610407876
35.27738269087387,0.8762306610407876
35.279989623378185,0.8776371308016878
35.280333896549,0.8776371308016878
35.28080732936304,0.8776371308016878
35.28355343707593,0.8776371308016878
35.28450102467115,0.8776371308016878
35.288374666294665,0.8776371308016878
35.29166181331839,0.8776371308016878
35.292188448457665,0.8776371308016878
35.302725797090034,0.8776371308016878
35.31256021499544,0.8804500703234881
35.31624820602774,0.8804500703234881
35.334867552646394,0.8818565400843882
35.33586421134623,0.8818565400843882
35.33634840628044,0.8818565400843882
35.33971077938629,0.8818565400843882
35.34249866549358,0.8818565400843882
35.34251475750788,0.8818565400843882
35.34453310263449,0.8818565400843882
35.34588302494552,0.8818565400843882
35.346461596585264,0.8818565400843882
35.35313018970037,0.8818565400843882
35.358013675829646,0.8818565400843882
35.36125092882943,0.8846694796061885
35.36805722408359,0.8846694796061885
35.370064067041774,0.8846694796061885
35.371743692545664,0.8846694796061885
35.37233040829094,0.8846694796061885
35.38189539594808,0.8860759493670886
35.38417235524263,0.8874824191279888
35.38709872689682,0.8888888888888888
35.39002972899415,0.8888888888888888
35.39099212709022,0.8888888888888888
35.39271092108609,0.8888888888888888
35.39708543203313,0.8888888888888888
35.3972405628862,0.8888888888888888
35.398155401415785,0.8888888888888888
35.39975476630435,0.8888888888888888
35.40190866179653,0.890295358649789
35.40321937538149,0.890295358649789
35.40487251518259,0.890295358649789
35.40977026578709,0.890295358649789
35.41610393649722,0.890295358649789
35.41640691977316,0.890295358649789
35.41972046632319,0.890295358649789
35.42001232450175,0.890295358649789
35.42559041530985,0.890295358649789
35.4282437363777,0.890295358649789
35.42834578616429,0.890295358649789
35.43185090792262,0.890295358649789
35.43588220406742,0.890295358649789
35.4423976353232,0.890295358649789
35.448092462261585,0.890295358649789
35.452255901037375,0.8917018284106891
35.45226969252237,0.8917018284106891
35.45312381825742,0.8917018284106891
35.455882503089946,0.8931082981715893
35.45703923111209,0.8931082981715893
35.459263310949545,0.8945147679324894
35.46006529592034,0.8945147679324894
35.46395216125741,0.8945147679324894
35.46704975748692,0.8945147679324894
35.46800129124002,0.8945147679324894
35.468524166689285,0.8945147679324894
35.474441839903704,0.8945147679324894
35.47711449218561,0.8945147679324894
35.478491623278074,0.8945147679324894
35.47975109519089,0.8945147679324894
35.482717508492264,0.8945147679324894
35.48277993126008,0.8945147679324894
35.48303361989662,0.8945147679324894
35.48462380981103,0.8945147679324894
35.48593430746538,0.8945147679324894
35.48945650983246,0.8945147679324894
35.49269825634768,0.8959212376933896
35.49394259400897,0.8973277074542897
35.49928895209786,0.8973277074542897
35.50562249950563,0.8973277074542897
35.50918006772151,0.8987341772151899
35.51854820632294,0.90014064697609
35.519011448828536,0.90014064697609
35.52012550637675,0.90014064697609
35.52310089934555,0.9015471167369902
35.52839506701065,0.9015471167369902
35.53031222717881,0.9015471167369902
35.53161567867291,0.9015471167369902
35.532355756956726,0.9015471167369902
35.53847191601885,0.9015471167369902
35.54266745444032,0.9015471167369902
35.5431604519064,0.9015471167369902
35.543832127614,0.9015471167369902
35.547626838508435,0.9015471167369902
35.55030292463051,0.9015471167369902
35.553486597278315,0.9015471167369902
35.55624937869691,0.9015471167369902
35.55734692085135,0.9015471167369902
35.56212198389233,0.9015471167369902
35.565253073567725,0.9015471167369902
35.566916618210286,0.9015471167369902
35.5714863959094,0.9015471167369902
35.57473304782159,0.9015471167369902
35.57891765659263,0.9029535864978904
35.58035306190066,0.9029535864978904
35.58130150118619,0.9029535864978904
35.58258610332301,0.9057665260196904
35.583368591946694,0.9057665260196904
35.587918728790946,0.9057665260196904
35.58927347163639,0.9057665260196904
35.589415795470465,0.9057665260196904
35.58984751405601,0.9057665260196904
35.59005196925624,0.9057665260196904
35.591722588776825,0.9057665260196904
35.593161404665366,0.9057665260196904
35.60039328385398,0.9071729957805909
35.60155638725298,0.9071729957805909
35.60211895107983,0.9071729957805909
35.61315559086599,0.9071729957805909
35.61319182437431,0.9071729957805909
35.61563809633899,0.9071729957805909
35.61994737988874,0.9071729957805909
35.621873512857455,0.9071729957805909
35.62341044444648,0.9085794655414908
35.62712147085159,0.9085794655414908
35.63404964964888,0.9085794655414908
35.63454879011601,0.9085794655414908
35.64075865712441,0.9085794655414908
35.64223541214169,0.9085794655414908
35.64448676990038,0.9085794655414908
35.6476339691682,0.9085794655414908
35.655428046633745,0.9085794655414908
35.656628541516454,0.9085794655414908
35.65721966058136,0.9085794655414908
35.66471953889948,0.9085794655414908
35.66641668286758,0.9085794655414908
35.668005360553934,0.9085794655414908
35.67138737637612,0.9085794655414908
35.677012506914444,0.9085794655414908
35.678764580525694,0.9085794655414908
35.68309205356732,0.9085794655414908
35.68623523655377,0.9085794655414908
35.68731807834241,0.9085794655414908
35.6878169532072,0.9085794655414908
35.68945511979144,0.9085794655414908
35.693449383409686,0.9085794655414908
35.70156421808213,0.9085794655414908
35.70496657706901,0.9085794655414908
35.705890233457986,0.9085794655414908
35.70606145675591,0.9085794655414908
35.70818477372023,0.9085794655414908
35.71477796385001,0.9113924050632912
35.71496092690539,0.9113924050632912
35.71609139491992,0.9113924050632912
35.71991044896465,0.9142053445850914
35.73028032772529,0.9142053445850914
35.73529277062186,0.9142053445850914
35.73601328108107,0.9142053445850914
35.736624722247115,0.9142053445850914
35.739780968476445,0.9142053445850914
35.74127865484841,0.9142053445850914
35.747761938966484,0.9142053445850914
35.748809093774135,0.9142053445850914
35.75746019002967,0.9142053445850914
35.761104901639015,0.9142053445850914
35.765231532874694,0.9142053445850914
35.77390737993948,0.9156118143459916
35.77568967417001,0.9170182841068916
35.7795935640046,0.9170182841068916
35.79793767406001,0.918424753867792
35.79931483150785,0.918424753867792
35.807606557275044,0.918424753867792
35.82108623803787,0.918424753867792
35.822305154404255,0.918424753867792
35.82425742757439,0.919831223628692
35.8274940468323,0.919831223628692
35.83014869365971,0.919831223628692
35.83348970276889,0.919831223628692
35.83417310920865,0.919831223628692
35.83735684734947,0.919831223628692
35.83767616289342,0.919831223628692
35.84252532871581,0.919831223628692
35.8432850042073,0.919831223628692
35.85246402278869,0.919831223628692
35.857429257500364,0.919831223628692
35.85753271210602,0.919831223628692
35.85857431714048,0.919831223628692
35.87228751602494,0.9212376933895922
35.87700043546521,0.9226441631504922
35.885805869349696,0.9240506329113924
35.89827178471584,0.9254571026722924
35.903272917171634,0.9254571026722924
35.91420757932488,0.9282700421940928
35.91789570474413,0.9282700421940928
35.926225761506615,0.9282700421940928
35.93072691525168,0.9282700421940928
35.932258058402134,0.9282700421940928
35.933847683913285,0.9282700421940928
35.94576950709583,0.929676511954993
35.94964598641791,0.929676511954993
35.95678414735122,0.9310829817158932
35.95994955461053,0.9310829817158932
35.96946332491792,0.9324894514767932
35.99122999907569,0.9353023909985936
35.99145602529893,0.9353023909985936
35.99809225941426,0.9353023909985936
36.00429877805273,0.9353023909985936
36.00512388393491,0.9353023909985936
36.00649004843313,0.9353023909985936
36.011788736089095,0.9353023909985936
36.01607549575171,0.9353023909985936
36.01617139124686,0.9353023909985936
36.027817602295165,0.9353023909985936
36.036877781734034,0.9353023909985936
36.039578567728405,0.9353023909985936
36.0413076863674,0.9353023909985936
36.041724969800455,0.9353023909985936
36.04463461936648,0.9353023909985936
36.049979641403546,0.9353023909985936
36.069624682331465,0.9367088607594936
36.11287586355648,0.939521800281294
36.11431711089733,0.939521800281294
36.12461709957704,0.939521800281294
36.1250152960576,0.939521800281294
36.13351638788923,0.939521800281294
36.195743111559096,0.9451476793248944
36.196996067303374,0.9451476793248944
36.23689339367665,0.9479606188466948
36.24376958850034,0.9479606188466948
36.26208126088918,0.9479606188466948
36.26573563417194,0.9479606188466948
36.35027983170399,0.9549929676511956
36.40218426682001,0.9578059071729956
36.42381166845551,0.9578059071729956
36.518732016301605,0.9648382559774964
